parcel_ref,bienes_superficie,bienes_sin_v,bienes_fantasma,m2_recuperados,m2_fantasma
9839505VK3793H,0,0,1,0,871
9435704VK3793E,1,0,0,17,0
9538305VK3793H,1,0,0,167,0
9636403VK3793F,1,0,0,89,0
9849424VK3794H,1,0,0,55,0
9849431VK3794H,1,0,0,36,0
9851201VK3795B,1,0,0,556,0
0041309VK4704A,1,0,0,56,0
0049801VK4704G,1,0,0,465,0
9735905VK3793F,0,0,1,0,52
9735916VK3793F,1,0,0,918,0
9736305VK3793F,1,0,0,43,0
9736608VK3793F,1,0,0,142,0
9939807VK3793H,1,0,0,702,0
9939815VK3793H,1,0,0,519,0
9737611VK3793F,1,0,0,57,0
9740308VK3794B,1,0,0,136,0
9743901VK3794D,0,0,1,0,112
9744902VK3794D,1,0,0,194,0
9745910VK3794F,1,0,0,304,0
9747712VK3794F,1,0,0,809,0
9949320VK3794B,1,0,0,261,0
9949506VK3794H,1,0,0,116,0
9949324VK3794B,1,0,0,146,0
9345903VK3794C,0,0,1,0,460
0340418VK4704A,0,0,1,0,2729
1037604VK4713E,1,0,0,150,0
0236510VK4703E,0,1,0,9,0
9934606VK3793D,1,0,0,227,0
0037804VK4703E,1,0,0,121,0
0037110VK4703E,1,0,0,424,0
0735202VK4703F,1,0,0,12,0
0737207VK4803E,1,0,0,4,0
0437806VK4703E,1,0,0,21,0
0437820VK4703E,1,0,0,28,0
0737212VK4803E,1,0,0,4,0
0737215VK4803E,1,0,0,4,0
0737217VK4703H,1,0,0,73,0
0738306VK4703H,1,0,0,39,0
0135624VK4703E,1,0,0,90,0
0632410VK4703D,1,0,0,218,0
0935412VK4703F,1,0,0,32,0
0136718VK4703E,1,0,0,149,0
0139417VK4703G,1,0,0,407,0
0140402VK4704A,1,0,0,81,0
0636304VK4703F,1,0,0,161,0
0638121VK4703H,1,0,0,28,0
0640805VK4704B,1,0,0,226,0
0640810VK4704B,1,0,0,110,0
0640816VK4704B,1,0,0,134,0
0640818VK4704B,1,0,0,330,0
0434807VK4703C,1,0,0,80,0
0538817VK4703H,1,0,0,46,0
0843906VK4704D,1,0,0,584,0
0542503VK4704D,1,0,0,121,0
1137501VK4713G,1,0,0,137,0
1139205VK4713G,2,0,0,85,0
1141403VK4714A,1,0,0,1080,0
0742709VK4704B,1,0,0,174,0
0743613VK4704D,1,0,0,55,0
0743823VK4704D,1,0,0,413,0
0940606VK4704B,1,0,0,30,0
1039805VK4713G,1,0,0,40,0
1255801VK4715E,1,0,0,342,0
1255802VK4715E,1,0,0,537,0
1350201VK4715A,1,0,0,909,0
0953503VK4705D,1,0,0,46,0
0956205VK4705F,1,0,0,34,0
0648301VK4704H,1,0,0,173,0
0653607VK4705D,1,0,0,228,0
1047208VK4714G,1,0,0,233,0
1049213VK4714G,1,0,0,705,0
1051807VK4715A,1,0,0,1001,0
1051808VK4715A,1,0,0,710,0
1053207VK4715C,1,0,0,127,0
1055703VK4715E,1,0,0,372,0
1055706VK4715E,1,0,0,204,0
0850113VK4705B,1,0,0,180,0
0850702VK4705B,1,0,0,64,0
0850712VK4705B,1,0,0,49,0
0853215VK4705D,0,0,1,0,67
1150908VK4715A,1,0,0,1711,0
1151803VK4715A,1,0,0,585,0
1154610VK4715C,1,0,0,212,0
0750619VK4705B,1,0,0,85,0
1252502VK4715C,1,0,0,1760,0
0751309VK4705B,1,0,0,100,0
1156007VK4715E,1,0,0,2036,0
9757806VK3795F,0,0,1,0,338
0454716VK4705D,1,0,0,189,0
0150304VK4705A,1,0,0,413,0
0153609VK4705C,1,0,0,34,0
0350201VK4705A,1,0,0,337,0
0352904VK4705C,1,0,0,178,0
0154707VK4705C,1,0,0,157,0
0353603VK4705C,1,0,0,25,0
0156803VK4705E,1,0,0,147,0
0353633VK4705C,1,0,0,88,0
0358703VK4705G,1,0,0,152,0
0552201VK4705D,1,0,0,64,0
0552207VK4705D,1,0,0,32,0
0552216VK4705D,1,0,0,19,0
0251925VK4705A,1,0,0,757,0
0255704VK4705E,1,0,0,27,0
9754506VK3795D,1,0,0,80,0
9954501VK3795D,1,0,0,81,0
0454713VK4705D,1,0,0,140,0
9954512VK3795D,1,0,0,31,0
0147808VK4704E,0,0,1,0,63
0643307VK4704D,1,0,0,868,0
0345509VK4704E,0,0,1,0,109
0644109VK4704D,1,0,0,86,0
0043506VK4704C,1,0,0,172,0
0042811VK4704A,1,0,0,101,0
0241509VK4704A,1,0,0,333,0
0246603VK4704E,1,0,0,47,0
0443702VK4704C,1,0,0,70,0
0443712VK4704C,1,0,0,126,0
0445402VK4704E,1,0,0,168,0
0142803VK4704A,1,0,0,1361,0
9027605VK3792E,1,0,0,1371,0
1210404VK4711A,0,0,1,0,47
0924405VK4702D,1,0,0,114,0
1125205VK4712E,0,1,0,0,0
1125208VK4712E,1,0,0,154,0
1430410VK4713A,1,0,0,238,0
1528913VK4712H,1,0,0,893,0
1529509VK4712H,1,0,0,72,0
2828835VK4722H,0,0,1,0,196
2231204VK4723A,1,0,0,49,0
2333108VK4723C,1,0,0,182,0
2530216VK4723B,1,0,0,183,0
2731403VK4723B,1,0,0,155,0
2133711VK4723C,1,0,0,26,0
2133712VK4723C,1,0,0,135,0
2848302VK4724H,1,0,0,102,0
2848304VK4724H,1,0,0,2067,0
2549712VK4724H,1,0,0,96,0
2643417VK4724D,1,0,0,138,0
2646503VK4724F,1,0,0,82,0
2743504VK4724D,1,0,0,72,0
2743507VK4724D,1,0,0,34,0
1443701VK4714C,1,0,0,75,0
1541505VK4714B,1,0,0,843,0
1542604VK4714B,1,0,0,759,0
2736207VK4723F,1,0,0,56,0
3134309VK4733C,1,0,0,2,0
3134711VK4733C,1,0,0,17,0
2053107VK4725C,1,0,0,6,0
2055317VK4725E,1,0,0,515,0
2150702VK4725A,1,0,0,273,0
2152302VK4725C,1,0,0,347,0
1550404VK4715B,1,0,0,159,0
2154915VK4725C,1,0,0,1022,0
2155401VK4725E,1,0,0,259,0
1750608VK4715B,1,0,0,2190,0
2251215VK4725A,1,0,0,538,0
2252412VK4725C,1,0,0,37,0
2254904VK4725C,1,0,0,343,0
1851611VK4715B,1,0,0,425,0
1851604VK4715B,1,0,0,172,0
2053113VK4725C,1,0,0,357,0
2852406VK4725B,1,0,0,254,0
2856507VK4725F,1,0,0,110,0
3251502VK4735A,1,0,0,70,0
2952405VK4725D,1,0,0,408,0
3356804VK4735E,1,0,0,534,0
3153317VK4735C,1,0,0,225,0
3750205VK4735B,1,0,0,1,0
3750606VK4735B,1,0,0,6,0
3750612VK4735B,1,0,0,30,0
3752901VK4735D,3,0,0,124,0
3752964VK4735D,1,0,0,265,0
3554609VK4735D,1,0,0,152,0
3653904VK4735D,1,0,0,54,0
3449905VK4734G,1,0,0,23,0
3450916VK4735A,0,0,1,0,74
3965952VK4736F,1,0,0,105,0
3563509VK4736D,1,0,0,30,0
3360632VK4736A,1,0,0,51,0
3663401VK4736D,1,0,0,44,0
3363613VK4736C,1,0,0,47,0
2758908VK4725H,1,0,0,394,0
2758909VK4725H,1,0,0,681,0
2764503VK4726D,1,0,0,90,0
2764510VK4726D,1,0,0,213,0
2561105VK4726B,1,0,0,311,0
2959217VK4725H,0,0,1,0,40
2566606VK4726F,0,1,0,91,0
2659418VK4725H,1,0,0,7,0
2362312VK4726C,1,0,0,7,0
2463310VK4726C,1,0,0,5,0
2064113VK4726C,1,0,0,14,0
2260701VK4726A,1,0,0,1097,0
1879108VK4717H,1,0,0,11,0
2177108VK4727E,1,0,0,26,0
2177123VK4727E,1,0,0,29,0
2178101VK4727G,1,0,0,19,0
2178104VK4727G,1,0,0,46,0
2375223VK4727E,1,0,0,5,0
2379202VK4727G,1,0,0,6,0
1881607VK4718B,1,0,0,65,0
2180903VK4728A,1,0,0,241,0
2180909VK4728A,1,0,0,3,0
2181608VK4728A,1,0,0,11,0
2379225VK4727G,1,0,0,69,0
2379228VK4727G,1,0,0,18,0
2379231VK4727G,1,0,0,8,0
2380102VK4728A,1,0,0,16,0
2380410VK4728A,1,0,0,12,0
2182903VK4728C,1,0,0,17,0
1970604VK4717B,1,0,0,9,0
1978104VK4717H,1,0,0,15,0
1978110VK4717H,1,0,0,29,0
1978111VK4717H,1,0,0,188,0
2467404VK4726G,2,0,0,36,0
2472103VK4727C,0,0,2,0,86
2472116VK4727C,1,0,0,116,0
1980416VK4718B,1,0,0,3,0
1980426VK4718B,1,0,0,16,0
2473507VK4727C,1,0,0,150,0
2474214VK4727C,1,0,0,350,0
2280903VK4728A,1,0,0,19,0
2280906VK4728A,1,0,0,30,0
2476701VK4727E,1,0,0,16,0
1674903VK4717D,1,0,0,13,0
2477505VK4727G,1,0,0,12,0
2071402VK4727A,1,0,0,22,0
2071409VK4727A,1,0,0,26,0
1682507VK4718D,1,0,0,34,0
2077210VK4727G,1,0,0,37,0
2078201VK4727G,1,0,0,14,0
2078211VK4727G,1,0,0,21,0
1774908VK4717D,1,0,0,12,0
2079516VK4727G,1,0,0,10,0
2082603VK4728A,1,0,0,16,0
2371406VK4727A,1,0,0,108,0
2374210VK4727E,1,0,0,11,0
2576805VK4727F,1,0,0,14,0
1874610VK4717F,1,0,0,30,0
1876801VK4717F,1,0,0,35,0
2170119VK4727A,1,0,0,29,0
2173103VK4727C,2,0,0,44,0
2173110VK4727C,2,0,0,24,0
2168912VK4726G,1,0,0,10,0
1876811VK4717F,1,0,0,9,0
1673907VK5717D,1,0,0,24,0
2079525VK4727G,1,0,0,121,0
2175804VK4727E,1,0,0,30,0
2170121VK4727A,1,0,0,5,0
3780320VK4738B,1,0,0,31,0
2673601VK4727D,1,0,0,155,0
2874202VK4727D,1,0,0,43,0
3581616VK4738B,1,0,0,28,0
2880712VK4728B,1,0,0,66,0
3181203VK4738A,1,0,0,7,0
3381908VK4738A,1,0,0,15,0
2978206VK4727H,1,0,0,181,0
3182519VK4738C,1,0,0,9,0
2775808VK4727D,1,0,0,208,0
3183104VK4738C,1,0,0,1,0
3183108VK4738C,1,0,0,1,0
3482504VK4738C,1,0,0,138,0
3482514VK3738C,1,0,0,7,0
3081129VK4738A,1,0,0,15,0
3381912VK4738A,1,0,0,17,0
2485902VK4728E,1,0,0,135,0
3083503VK4738C,1,0,0,17,0
3488108VK3738G,1,0,0,3,0
3585403VK4738F,1,0,0,14,0
3585417VK4738F,1,0,0,22,0
3585420VK4738F,1,0,0,27,0
3585421VK4738F,1,0,0,7,0
3588707VK4738H,1,0,0,22,0
3685306VK4738F,1,0,0,1,0
3386305VK4738E,1,0,0,4,0
3686609VK4738F,1,0,0,15,0
3687904VK4738H,1,0,0,10,0
3688710VK4738H,1,0,0,34,0
3688711VK4738H,1,0,0,3,0
3690302VK4739B,1,0,0,34,0
3690311VK4739B,1,0,0,14,0
3789310VK4738H,1,0,0,31,0
3789323VK4738H,1,0,0,10,0
3487106VK4738E,1,0,0,22,0
2089519VK4728G,1,0,0,19,0
2089521VK4728G,1,0,0,28,0
3487101VK4738E,1,0,0,10,0
3585422VK4738F,1,0,0,19,0
2089526VK4728G,1,0,0,18,0
2289208VK4728G,4,0,0,48,0
2592209VK4729D,1,0,0,6,0
2593609VK4729D,1,0,0,13,0
2593612VK4729D,1,0,0,21,0
2197102VK4729G,1,0,0,19,0
2199209VK4729G,1,0,0,7,0
2694519VK4729F,1,0,0,13,0
2697402VK4729H,1,0,0,35,0
3098909VK4739G,1,0,0,29,0
2897602VK4729H,1,0,0,14,0
2292702VK4729C,1,0,0,36,0
2292708VK4729A,1,0,0,77,0
2297813VK4729E,1,0,0,25,0
2299719VK4729G,1,0,0,70,0
2299756VK4729G,1,0,0,23,0
2498901VK4729G,3,0,0,79,0
1795910VK4719D,1,0,0,500,0
2098311VK4729G,1,0,0,20,0
3095202VK4739E,1,0,0,16,0
3095208VK4739E,1,0,0,9,0
3097714VK4739E,1,0,0,24,0
3097743VK4739G,2,0,0,28,0
2993907VK4729D,1,0,0,10,0
2997707VK4729F,1,0,0,49,0
2997720VK4729F,1,0,0,10,0
2997721VK4729F,1,0,0,1,0
3393603VK4739C,0,0,1,0,374
2793209VK4729D,1,0,0,13,0
2197117VK4729E,1,0,0,21,0
2799109VK4729H,6,0,0,129,0
3298920VK4739G,1,0,0,18,0
3097746VK4729F,1,0,0,21,0
3094413VK4739C,1,0,0,11,0
2201506VK4820A,1,0,0,45,0
2301208VK4820A,1,0,0,11,0
2503916VK4820A,1,0,0,15,0
2302209VK4820A,1,0,0,7,0
2302911VK4820C,1,0,0,14,0
2303312VK4820C,1,0,0,18,0
2116802VK4821E,0,0,1,0,799
2500504VK3720B,1,0,0,11,0
2503952VK4820A,1,0,0,34,0
9987405VK3798H,1,0,0,2,0
0188906VK4708G,1,0,0,542,0
0382201VK4708C,1,0,0,168,0
0386535VK4708E,1,0,0,184,0
0379910VK4707G,1,0,0,40,0
0083502VK4708C,1,0,0,53,0
1387306VK4718G,1,0,0,195,0
0583501VK4708D,0,0,1,0,139
0878401VK4707H,1,0,0,209,0
1297110VK4719E,1,0,0,83,0
1095509VK4719E,1,0,0,108,0
1390112VK4719A,1,0,0,635,0
1297123VK4719E,0,0,1,0,387
1503203VK3810D,1,0,0,67,0
1304623VK4810C,1,0,0,56,0
0696227VK4709F,0,0,6,0,200
0799916VK4709H,1,0,0,72,0
0800112VK4800B,1,0,0,55,0
0802205VK3800D,1,0,0,22,0
0802205VK4800B,1,0,0,32,0
0802209VK3800D,1,0,0,22,0
0797716VK4709F,1,0,0,1302,0
0897306VK4709H,1,0,0,17,0
0896809VK4709F,1,0,0,109,0
0600802VK4800B,1,0,0,136,0
0199455VK4709G,0,0,1,0,6875
0396913VK4709E,1,0,0,114,0
0396918VK4709E,1,0,0,150,0
0394517VK4709C,1,0,0,40,0
0693609VK4709D,1,0,0,58,0
0892301VK4709D,1,0,0,700,0
0892310VK4709D,1,0,0,45,0
0892309VK4709D,1,0,0,262,0
0691110VK4709B,1,0,0,46,0
0489406VK4708G,1,0,0,394,0
0489413VK4708G,1,0,0,81,0
0488625VK4708H,1,0,0,11,0
0487303VK4708G,1,0,0,32,0
0191519VK4709A,1,0,0,24,0
0486509VK4708E,1,0,0,48,0
9565503VK3796F,1,0,0,363,0
9465504VK3796E,1,0,0,28,0
0167609VK4706G,1,0,0,82,0
0167624VK4706E,1,0,0,137,0
9963914VK3796D,1,0,0,32,0
9964904VK3796D,0,0,1,0,98
0065605VK4706E,1,0,0,145,0
0563713VK4706D,1,0,0,352,0
0566617VK4706F,1,0,0,373,0
0665115VK4706F,1,0,0,31,0
0665118VK4706F,1,0,0,49,0
0361602VK4706A,1,0,0,358,0
0458407VK4705G,1,0,0,2058,0
0560114VK4706B,1,0,0,124,0
1057208VK4715E,1,0,0,770,0
0763707VK4706D,1,0,0,51,0
0765814VK4706F,1,0,0,490,0
0858106VK4705H,1,0,0,365,0
0561504VK4706B,1,0,0,29,0
0762903VK4706B,1,0,0,170,0
0868106VK4706H,1,0,0,38,0
1355311VK4715E,1,0,0,2,0
1356308VK4715E,1,0,0,926,0
0966709VK4706F,1,0,0,464,0
1457414VK4715G,1,0,0,1882,0
1460204VK4716A,3,0,0,25,0
1561303VK4716B,1,0,0,1873,0
1563807VK4716D,1,0,0,1510,0
1165105VK4716E,1,0,0,185,0
1166111VK4716E,1,0,0,226,0
1256308VK4715E,1,0,0,1909,0
1256309VK4715E,1,0,0,176,0
0866906VK4706F,1,0,0,103,0
1061911VK4716A,1,0,0,27,0
0870602VK4707B,1,0,0,286,0
0969705VK4706H,1,0,0,340,0
0070306VK4707A,0,1,0,0,0
0171805VK4707A,0,0,2,0,91
0171810VK4707A,1,0,0,35,0
0177609VK5607G,1,0,0,4,0
0270505VK4707A,0,0,1,0,327
9969519VK3796H,1,0,0,28,0
9175507VK3797E,1,0,0,35,0
9773719VK3797D,1,0,0,18,0
9773725VK3797D,1,0,0,40,0
9371118VK3797A,1,0,0,511,0
9472805VK3797A,10,0,0,86,0
0169301VK4706G,1,0,0,174,0
4461103VK3846A,1,0,0,901,0
3673711VK3837B,1,0,0,33,0
3873511VK3837D,1,0,0,68,0
3873516VK3837D,1,0,0,49,0
3873517VK3837D,1,0,0,72,0
4073801VK3847C,1,0,0,9,0
6811320VK3861B,1,0,0,35,0
6512507VK3861C,1,0,0,50,0
7316101VK3871E,1,0,0,38,0
7316133VK3861D,1,0,0,68,0
7315801VK3871C,1,0,0,47,0
7315810VK3871E,1,0,0,39,0
7315807VK3871E,1,0,0,20,0
7315806VK3871E,1,0,0,30,0
7315811VK3871E,1,0,0,64,0
7315813VK3871C,1,0,0,28,0
7315814VK3871C,1,0,0,108,0
7313320VK3861D,1,0,0,81,0
7313304VK3871C,1,0,0,54,0
7313305VK3871C,1,0,0,62,0
7011404VK3861E,1,0,0,94,0
6810102VK3861B,1,0,0,38,0
6810112VK3861B,1,0,0,37,0
7011426VK3861B,1,0,0,50,0
6811313VK3861B,1,0,0,72,0
6510517VK3861B,1,0,0,51,0
8214209VK3881C,1,0,0,15,0
8113321VK3881C,1,0,0,2,0
8113318VK3881C,1,0,0,18,0
7912201VK3871D,1,0,0,30,0
7812913VK3871D,1,0,0,22,0
7710212VK3871B,1,0,0,2,0
76135A3VK3871D,1,0,0,19,0
76135A0VK3871D,1,0,0,12,0
8214626VK3881C,1,0,0,17,0
8315914VK3881E,1,0,0,14,0
7711911VK3871B,1,0,0,1,0
8416751VK3881E,1,0,0,20,0
8416754VK3881E,1,0,0,20,0
8416763VK3881E,1,0,0,17,0
8214111VK3881C,1,0,0,1,0
8416778VK3881E,1,0,0,21,0
8211936VK3881A,5,0,0,45,0
8108434VK3880G,9,0,0,13,0
8714713VK3881D,1,0,0,1,0
7816115VK3871F,1,0,0,64,0
7816121VK3871F,1,0,0,10,0
7816125VK3871F,1,0,0,22,0
8010319VK3881A,1,0,0,13,0
8010325VK3881A,1,0,0,45,0
7909508VK3870H,1,0,0,14,0
7909513VK3870H,1,0,0,31,0
7909514VK3870H,1,0,0,30,0
7909519VK3870H,1,0,0,30,0
7812616VK3871D,1,0,0,6,0
7815523VK3871F,1,0,0,3,0
7815533VK3871F,1,0,0,35,0
7909808VK3870H,1,0,0,18,0
8008412VK3880G,1,0,0,28,0
7811308VK3871B,1,0,0,25,0
7912703VK3871S,1,0,0,22,0
7912711VK3871B,1,0,0,4,0
7912714VK3871S,1,0,0,13,0
8012907VK3881A,1,0,0,142,0
8012914VK3881A,1,0,0,6,0
8316308VK3881E,1,0,0,22,0
8011709VK3881A,1,0,0,28,0
8010727VK3881A,1,0,0,4,0
8214102VK3881C,1,0,0,37,0
7712914VK3871D,1,0,0,15,0
7712916VK3871D,1,0,0,28,0
8111615VK3881A,1,0,0,9,0
8111617VK3881A,1,0,0,9,0
8111618VK3881A,1,0,0,9,0
8109403VK3880G,1,0,0,27,0
8108403VK3880G,1,0,0,5,0
8115701VK3881E,1,0,0,16,0
8216114VK3881E,1,0,0,18,0
8216102VK3881E,1,0,0,19,0
8108407VK3880G,1,0,0,1,0
8210909VK3881A,1,0,0,170,0
8211907VK3881A,1,0,0,30,0
8216907VK3881E,1,0,0,17,0
8216908VK3881E,1,0,0,20,0
8217613VK3881E,1,0,0,19,0
8211908VK3881A,1,0,0,18,0
8309412VK3880G,1,0,0,33,0
8416720VK3881F,1,0,0,28,0
8416722VK3881A,1,0,0,19,0
8314919VK3881S,1,0,0,35,0
8411101VK3881A,1,0,0,46,0
8411104VK3881A,1,0,0,19,0
8409221VK3880G,1,0,0,21,0
8514105VK3881D,1,0,0,14,0
8515907VK3881F,1,0,0,24,0
8417803VK3881E,1,0,0,8,0
8210907VK3881A,1,0,0,230,0
8509219VK3880H,1,0,0,85,0
8515603VK3881F,1,0,0,20,0
8515607VK3881F,1,0,0,24,0
8515608VK3881F,1,0,0,20,0
8410708VK3881A,1,0,0,32,0
8412701VK3881A,1,0,0,33,0
8412716VK3881A,1,0,0,25,0
8512715VK3881B,1,0,0,32,0
8511702VK3881B,1,0,0,26,0
7611907VK3771B,1,0,0,32,0
8508512VK3880H,1,0,0,15,0
8710125VK3881B,1,0,0,26,0
8711133VK3881B,1,0,0,33,0
8612809VK3881B,1,0,0,12,0
8612506VK3881D,1,0,0,34,0
8612703VK3881B,1,0,0,6,0
7820114VK3871H,1,0,0,29,0
7613534VK3871D,2,0,0,20,0
7613546VK3871D,1,0,0,30,0
8810114VK3881B,1,0,0,10,0
8810102VK3881B,1,0,0,30,0
7710207VK3871B,1,0,0,16,0
7809207VK3870H,1,0,0,30,0
8811111VK3881B,1,0,0,5,0
8811110VK3881B,1,0,0,7,0
7809212VK3870H,1,0,0,40,0
7809224VK3870H,1,0,0,29,0
8812108VK3881B,1,0,0,10,0
8813108VK3881D,1,0,0,6,0
7610120VK3871B,1,0,0,13,0
7610123VK3871B,1,0,0,18,0
8209401VK3880G,1,0,0,20,0
8509604VK3880H,1,0,0,13,0
8511713VK3881B,1,0,0,21,0
7613545VK3871D,1,0,0,21,0
7812635VK3871D,1,0,0,13,0
7815515VK3871F,1,0,0,20,0
7816136VK3871F,1,0,0,27,0
8008411VK3880G,1,0,0,26,0
8010734VK3881A,1,0,0,10,0
7712917VK3871B,1,0,0,20,0
7816144VK3871F,1,0,0,29,0
7712928VK3871D,1,0,0,29,0
8415218VK3881E,1,0,0,20,0
8416776VK3881E,1,0,0,19,0
8416777VK3881E,1,0,0,17,0
0010902VK3801A,1,0,0,108,0
1110608VK4810G,0,0,1,0,415
1639503VK4813H,1,0,0,13,0
1436503VK4813E,1,0,0,7,0
1742514VK4814D,1,0,0,51,0
1945121VK4184F,1,0,0,20,0
2532267VK4823D,0,0,1,0,332
1730102VK4813B,1,0,0,49,0
1840405VK4814B,1,0,0,69,0
1643105VK4814D,1,0,0,24,0
1726504VK4812F,1,0,0,340,0
1643111VK4814D,1,0,0,70,0
1643151VK4814D,1,0,0,35,0
1643146VK4814D,1,0,0,70,0
1643137VK4814D,1,0,0,9,0
1643132VK4814D,1,0,0,52,0
1643123VK4814D,1,0,0,60,0
1738839VK4813H,1,0,0,62,0
1738825VK4813H,1,0,0,38,0
1738829VK4813H,1,0,0,77,0
1738830VK4813H,1,0,0,84,0
1540703VK4814B,1,0,0,4,0
1540711VK4814B,1,0,0,4,0
1540712VK4814B,1,0,0,4,0
1639509VK4813H,1,0,0,7,0
1641802VK4814B,1,0,0,4,0
1641809VK4814B,1,0,0,26,0
1840402VK4814B,1,0,0,87,0
1729626VK4812H,1,0,0,13,0
1830109VK4813B,1,0,0,85,0
1833814VK4813D,1,0,0,29,0
1833413VK4813D,1,0,0,18,0
1830512VK4813B,1,0,0,67,0
1830521VK4813B,1,0,0,122,0
1933310VK4813D,1,0,0,8,0
1436512VK4813E,1,0,0,7,0
1436517VK4813E,1,0,0,7,0
1436522VK4813E,1,0,0,8,0
1436527VK4813E,1,0,0,33,0
1733907VK4813D,1,0,0,8,0
1537815VK4813F,1,0,0,6,0
1533609VK4813F,1,0,0,2,0
1536612VK4813F,1,0,0,2,0
1536614VK4813F,1,0,0,2,0
1636914VK4813F,1,0,0,6,0
1636714VK4813F,1,0,0,5,0
1737104VK4813F,1,0,0,7,0
1737105VK4813F,1,0,0,4,0
1737119VK4813F,1,0,0,6,0
1844412VK4184D,1,0,0,32,0
1830319VK4813B,1,0,0,265,0
3455704VK4385F,0,0,1,0,120
8423115VK3882C,1,0,0,15,0
9921240VK3892B,1,0,0,43,0
8524929VK3882D,1,0,0,8,0
8525609VK3882E,1,0,0,24,0
9827125VK3892F,1,0,0,31,0
0438509VK4083H,1,0,0,30,0
8925908VK3882F,1,0,0,5,0
8925907VK3882F,1,0,0,5,0
0125420VK4802E,1,0,0,20,0
9827130VK3892F,1,0,0,70,0
0638140VK4803H,1,0,0,14,0
0738908VK4083G,1,0,0,5,0
0738909VK4083G,1,0,0,5,0
0738912VK4083G,1,0,0,5,0
9724320VK3892F,1,0,0,68,0
7925226VK3872F,1,0,0,46,0
7925221VK3872F,1,0,0,32,0
9022466VK3882D,1,0,0,2,0
9022457VK3882D,1,0,0,12,0
9022449VK3882D,1,0,0,2,0
0239711VK4083H,1,0,0,24,0
0239714VK4083H,1,0,0,23,0
9724316VK3892D,1,0,0,92,0
9724302VK3892D,1,0,0,176,0
9823323VK3892D,1,0,0,60,0
9823302VK3892D,1,0,0,85,0
0022805VK4802C,1,0,0,38,0
9621302VK3892B,1,0,0,46,0
0027119VK4802E,1,0,0,41,0
9721603VK3892B,1,0,0,35,0
9721604VK3892B,1,0,0,64,0
0330806VK4803A,1,0,0,26,0
9921209VK3892B,1,0,0,28,0
9921231VK3892B,1,0,0,62,0
0330829VK4803B,1,0,0,19,0
0330835VK4802H,1,0,0,21,0
0330852VK4803A,1,0,0,28,0
0130309VK4803A,1,0,0,27,0
0130318VK4803A,1,0,0,48,0
9619633VK3891H,0,0,1,0,9
9820403VK3892B,1,0,0,30,0
0028709VK4802G,1,0,0,32,0
0229928VK4802G,1,0,0,23,0
8925605VK3882F,1,0,0,2,0
0727101VK4802H,1,0,0,2,0
8925619VK3882F,1,0,0,11,0
8925631VK3882F,1,0,0,1,0
8925652VK3882F,1,0,0,1,0
8925657VK3882F,1,0,0,2,0
8925659VK3882F,1,0,0,2,0
0727114VK4802F,1,0,0,65,0
0726109VK4802F,1,0,0,45,0
8925901VK3882F,1,0,0,3,0
9023446VK3882D,1,0,0,14,0
9023445VK3882D,1,0,0,2,0
9023412VK3882D,1,0,0,13,0
0426608VK4802F,1,0,0,88,0
0426618VK4802F,1,0,0,59,0
0426631VK4802E,1,0,0,62,0
0024814VK4802C,1,0,0,70,0
0525711VK4802D,1,0,0,13,0
0424207VK4802C,1,0,0,38,0
0424208VK4802C,1,0,0,23,0
9022430VK3882D,1,0,0,11,0
0527924VK4802G,1,0,0,50,0
0130320VK4803A,1,0,0,30,0
0537511VK4803H,1,0,0,15,0
9928214VK3892H,1,0,0,74,0
9928217VK3892H,1,0,0,54,0
0027114VK3892F,1,0,0,26,0
0125409VK4802E,1,0,0,34,0
0125413VK4802E,1,0,0,38,0
0224324VK4802C,1,0,0,38,0
0224326VK4802C,1,0,0,20,0
0324921VK4802C,1,0,0,32,0
8623701VK3882D,1,0,0,2,0
8623757VK3882D,1,0,0,2,0
9827105VK3892F,1,0,0,50,0
9827109VK3892F,1,0,0,45,0
9827113VK3892F,1,0,0,53,0
9827126VK3892F,1,0,0,29,0
9925904VK3892F,1,0,0,67,0
9925931VK3892F,1,0,0,32,0
0024812VK4802C,1,0,0,52,0
0024817VK4802C,1,0,0,51,0
0024819VK4802C,1,0,0,32,0
0024822VK4802C,1,0,0,152,0
0222409VK4802C,1,0,0,32,0
9734408VK3893F,1,0,0,290,0
0222421VK4802C,1,0,0,50,0
0222430VK4802C,1,0,0,25,0
9626211VK3892F,1,0,0,35,0
0525723VK4802D,1,0,0,15,0
9827134VK3892F,1,0,0,40,0
8925666VK3882F,1,0,0,2,0
0239752VK4083H,1,0,0,1,0
1853953VK4815D,1,0,0,33,0
1651108VK4185A,1,0,0,24,0
1651109VK4185A,1,0,0,29,0
1651118VK4185A,1,0,0,24,0
1651147VK4185A,1,0,0,23,0
1651148VK4185A,1,0,0,23,0
1450203VK4815A,1,0,0,5,0
1450206VK4815A,1,0,0,5,0
1851703VK4185B,1,0,0,25,0
1851727VK4185B,1,0,0,13,0
1851765VK4185B,1,0,0,12,0
0096402VK4809E,1,0,0,8,0
0095604VK4809E,1,0,0,2,0
0095203VK4809E,1,0,0,10,0
0195801VK4809E,1,0,0,7,0
0096808VK5709E,1,0,0,1,0
1853928VK4815D,1,0,0,33,0
1853944VK4815D,1,0,0,33,0
1853959VK4815D,1,0,0,32,0
1150618VK4185A,0,0,1,0,356
1853972VK4815D,1,0,0,15,0
1853974VK4815D,1,0,0,15,0
1853976VK4815D,1,0,0,15,0
1853977VK4815D,1,0,0,15,0
1853994VK4815D,1,0,0,15,0
1853996VK4815D,1,0,0,15,0
7659508VK3775H,1,0,0,9,0
7659506VK3775H,1,0,0,2,0
7858306VK3775H,1,0,0,39,0
7857411VK3775H,1,0,0,9,0
7859803VK3775H,1,0,0,4,0
8155204VK3785E,1,0,0,88,0
9261116VK3796A,1,0,0,204,0
9160702VK3796A,1,0,0,593,0
9359802VK3795G,1,0,0,57,0
9157713VK3795E,1,0,0,68,0
9450114VK3795A,1,0,0,13,0
7398126VK3779G,1,0,0,53,0
8399420VK3789G,1,0,0,57,0
7398159VK3779G,1,0,0,16,0
8695313VK3789F,1,0,0,4,0
8796317VK3789F,2,0,0,19,0
7278804VK3777G,1,0,0,28,0
7803857VK3870D,1,0,0,30,0
7803843VK3870D,1,0,0,29,0
7803852VK3870D,1,0,0,82,0
7398177VK3779G,1,0,0,51,0
9388869VK3798G,1,0,0,16,0
8103434VK3880C,1,0,0,63,0
8103435VK3880C,1,0,0,77,0
8695384VK3789F,1,0,0,22,0
8601217VK3880B,1,0,0,31,0
8601218VK3880B,1,0,0,37,0
8601223VK3880B,1,0,0,24,0
9388864VK3798G,1,0,0,12,0
8695505VK3789F,1,0,0,34,0
8695534VK3789F,1,0,0,25,0
8978206VK3787H,0,0,1,0,138
8695510VK3789F,1,0,0,24,0
8796312VK3789F,1,0,0,1,0
9286107VK3798E,1,0,0,9,0
8396703VK3789E,1,0,0,32,0
8297408VK3789G,1,0,0,43,0
8695321VK3789F,1,0,0,2,0
8695326VK3789F,1,0,0,2,0
8695344VK3789F,1,0,0,2,0
8695335VK3789F,1,0,0,20,0
8795734VK3789F,1,0,0,9,0
8695366VK3789F,1,0,0,58,0
8595314VK3789F,1,0,0,5,0
8994407VK3789D,1,0,0,20,0
8595325VK3789F,1,0,0,27,0
8601209VK3880B,1,0,0,4,0
8103412VK3880C,1,0,0,176,0
8301403VK3880A,1,0,0,15,0
8301420VK3880A,1,0,0,121,0
8399401VK3789G,1,0,0,73,0
8399402VK3789G,1,0,0,83,0
8399410VK3789G,1,0,0,29,0
8399422VK3789G,1,0,0,24,0
8299403VK3789G,1,0,0,36,0
7398141VK3779G,1,0,0,65,0
6707305VK3860F,1,0,0,78,0
8296403VK3789E,1,0,0,56,0
8296404VK3789E,1,0,0,48,0
8199907VK3789G,1,0,0,71,0
7803825VK3870D,1,0,0,50,0
7803838VK3870D,1,0,0,54,0
8003305VK3880C,1,0,0,30,0
8003309VK3880C,1,0,0,71,0
6806208VK3860F,1,0,0,54,0
6806201VK3860F,1,0,0,59,0
7398153VK3779G,1,0,0,54,0
7803821VK3870D,1,0,0,50,0
8799240VK3789H,1,0,0,12,0
6707327VK3860F,1,0,0,20,0
7398192VK3779G,1,0,0,24,0
7398199VK3779G,1,0,0,24,0
8505625VK3880F,1,0,0,18,0
9601706VK3890B,1,0,0,10,0
9700204VK3890B,1,0,0,7,0
8799737VK3789H,1,0,0,32,0
8603845VK3880D,1,0,0,31,0
9598917VK3799H,1,0,0,10,0
9599705VK3799H,1,0,0,3,0
9799405VK3799H,1,0,0,8,0
9699607VK3799H,1,0,0,4,0
9699606VK3799H,1,0,0,4,0
9699701VK3799H,1,0,0,6,0
8505609VK3880F,1,0,0,7,0
8505627VK3880F,1,0,0,23,0
9891110VK3799B,1,0,0,56,0
8701604VK3880B,1,0,0,1,0
8799706VK3789H,1,0,0,18,0
8898308VK3789H,1,0,0,4,0
8898336VK3789H,1,0,0,25,0
8898328VK3789H,1,0,0,2,0
8703701VK3880D,1,0,0,4,0
8703705VK3880D,1,0,0,19,0
9700211VK3890B,1,0,0,12,0
8799704VK3789H,1,0,0,3,0
8898345VK3789H,1,0,0,32,0
44993D9VK3840A,1,0,0,48,0
44993E6VK3840A,1,0,0,48,0
3997513VK3739H,1,0,0,52,0
3997514VK3739H,1,0,0,200,0
5201278VK3850A,1,0,0,16,0
5201279VK3850A,1,0,0,18,0
5201280VK3850A,1,0,0,17,0
5201260VK3850A,1,0,0,24,0
5201262VK3850A,1,0,0,25,0
5201263VK3850A,1,0,0,25,0
5201266VK3850A,1,0,0,17,0
4798230VK3749H,1,0,0,32,0
5098930VK3749H,1,0,0,39,0
44993C1VK3840A,1,0,0,35,0
44993B4VK3840A,1,0,0,47,0
44993F0VK3840A,1,0,0,43,0
44993F1VK3840A,1,0,0,29,0
44993F2VK3840A,1,0,0,43,0
3299909VK3739G,1,0,0,49,0
3100920VK3830A,1,0,0,40,0
44993G2VK3840A,1,0,0,21,0
44993H1VK3840A,1,0,0,71,0
44993H2VK3840A,1,0,0,71,0
44993H9VK3840A,1,0,0,37,0
4508438VK3840H,1,0,0,314,0
4508431VK3840H,1,0,0,65,0
4508430VK3840H,1,0,0,73,0
3905907VK3830F,1,0,0,755,0
3905912VK3830F,1,0,0,767,0
3905919VK3830F,1,0,0,188,0
4804306VK3840D,1,0,0,87,0
2702701VK3820B,1,0,0,45,0
4499302VK3840A,1,0,0,56,0
4499328VK3840A,1,0,0,69,0
4506601VK3840F,1,0,0,83,0
4506602VK3840F,1,0,0,103,0
3801506VK3830B,1,0,0,629,0
4203103VK3840C,1,0,0,293,0
4203105VK3840C,1,0,0,95,0
4403401VK3840C,1,0,0,328,0
4403402VK3840C,1,0,0,72,0
3997511VK3739H,1,0,0,85,0
3105518VK3830E,1,0,0,37,0
4508469VK3840H,4,0,0,204,0
4508472VK3840H,1,0,0,32,0
4508475VK3840H,1,0,0,32,0
4506603VK3840F,1,0,0,184,0
3105513VK3830E,1,0,0,535,0
4499307VK3840A,1,0,0,476,0
5103914VK3850C,1,0,0,28,0
4508483VK3840H,1,0,0,37,0
4508485VK3840H,1,0,0,37,0
4508490VK3840H,1,0,0,37,0
45084A2VK3840H,1,0,0,37,0
45084A6VK3840H,1,0,0,37,0
2803917VK3820D,1,0,0,122,0
3605702VK3830F,1,0,0,65,0
4403404VK3840C,1,0,0,290,0
5098926VK3749H,1,0,0,19,0
44993I5VK3840A,1,0,0,49,0
45084D2VK3840H,1,0,0,134,0
4497502VK3749G,1,0,0,32,0
4497503VK3749G,1,0,0,32,0
4497521VK3749G,1,0,0,32,0
4101207VK3840A,1,0,0,51,0
5098911VK3759G,1,0,0,54,0
5098915VK3759G,1,0,0,69,0
5098918VK3795G,1,0,0,55,0
5098921VK3759G,1,0,0,42,0
4896503VK3749F,1,0,0,61,0
5096707VK3759E,1,0,0,22,0
5096714VK3759E,1,0,0,22,0
5196315VK3759E,1,0,0,22,0
5196320VK3759E,1,0,0,36,0
5196323VK3759E,1,0,0,36,0
5196328VK3759E,1,0,0,36,0
4697619VK3749F,1,0,0,76,0
4499392VK3840A,1,0,0,11,0
4499384VK3840A,1,0,0,48,0
5096713VK3759E,1,0,0,22,0
5201215VK3850A,1,0,0,28,0
5201216VK3850A,1,0,0,28,0
5201221VK3850A,1,0,0,26,0
5201294VK3850A,1,0,0,68,0
5201296VK3850A,1,0,0,26,0
4301707VK3840A,1,0,0,32,0
2001269VK3820A,1,0,0,46,0
1007477VK3810G,1,0,0,48,0
9608573VK2890H,1,0,0,7,0
9608574VK2890H,1,0,0,7,0
0206324VK3800E,1,0,0,42,0
0007205VK3800E,1,0,0,92,0
9807607VK2890H,1,0,0,48,0
9807606VK2890H,1,0,0,38,0
9906607VK2890F,1,0,0,48,0
0505205VK3800F,1,0,0,51,0
0505210VK3800F,1,0,0,28,0
0505254VK3800F,1,0,0,24,0
0505244VK3800F,1,0,0,8,0
0305411VK3800E,1,0,0,20,0
0305102VK3800E,1,0,0,3,0
0305107VK3800E,1,0,0,8,0
0404901VK3800C,0,0,1,0,30
0404906VK3800C,1,0,0,37,0
0504104VK3800D,1,0,0,5,0
0504109VK3800D,1,0,0,31,0
0304511VK3800C,1,0,0,2,0
0304504VK3800C,1,0,0,22,0
0405207VK3800E,1,0,0,26,0
1305105VK3810E,1,0,0,55,0
1502801VK3810B,1,0,0,138,0
0905909VK3800F,1,0,0,70,0
9507602VK2890H,1,0,0,22,0
9707106VK2890F,1,0,0,16,0
1007452VK3810G,1,0,0,84,0
1007448VK3810G,1,0,0,101,0
1007439VK3810G,1,0,0,399,0
1106701VK3810E,1,0,0,77,0
1603903VK3810D,1,0,0,77,0
1704705VK3810D,1,0,0,104,0
2003603VK3820C,1,0,0,203,0
2001201VK3820A,1,0,0,35,0
2001225VK3820A,1,0,0,620,0
1303803VK3810C,1,0,0,646,0
1303804VK3810C,1,0,0,70,0
1402502VK3810D,1,0,0,30,0
1702202VK3810D,1,0,0,58,0
9312112VK2891A,1,0,0,86,0
9512501VK2891D,1,0,0,71,0
9512508VK2891D,1,0,0,33,0
9512513VK2891D,1,0,0,40,0
0010914VK3801A,1,0,0,248,0
0010919VK3801A,1,0,0,73,0
0508510VK3800H,1,0,0,62,0
0407507VK3800G,1,0,0,81,0
0707703VK3800F,1,0,0,296,0
0806616VK3800F,1,0,0,283,0
0806614VK3800F,1,0,0,349,0
0806604VK3800F,1,0,0,111,0
0804902VK3800D,1,0,0,43,0
1004903VK3810C,1,0,0,7,0
9608506VK2890H,8,0,0,8,0
9209704VK2890G,1,0,0,33,0
9209710VK2890G,1,0,0,9,0
9208506VK2890G,1,0,0,29,0
9208513VK2890G,1,0,0,7,0
9208514VK2890G,1,0,0,1,0
9208208VK2890G,1,0,0,3,0
9108704VK2890G,1,0,0,26,0
9608551VK2890H,1,0,0,53,0
1007419VK3810G,1,0,0,148,0
1303802VK3810C,1,0,0,44,0
0007210VK3800E,1,0,0,8,0
9807602VK2890H,1,0,0,34,0
9807704VK2890F,1,0,0,33,0
0505202VK3800F,1,0,0,11,0
0505251VK3800F,1,0,0,22,0
0504103VK3800D,1,0,0,23,0
0505237VK3800F,1,0,0,49,0
0107107VK3800E,1,0,0,25,0
0205205VK3800E,1,0,0,20,0
0503502VK3800D,1,0,0,31,0
9807711VK2890F,1,0,0,13,0
1501104VK3810B,1,0,0,41,0
9507607VK2890H,1,0,0,28,0
9507608VK2890H,1,0,0,27,0
3293625VK3739C,1,0,0,15,0
3293626VK3739C,1,0,0,16,0
4693453VK3749D,2,0,0,52,0
4590337VK3749B,1,0,0,32,0
5193416VK3759C,1,0,0,22,0
3196711VK3739E,1,0,0,106,0
4590351VK3749B,1,0,0,49,0
4590329VK3749B,1,0,0,56,0
3080601VK3738A,1,0,0,9,0
3080603VK3738A,1,0,0,9,0
3095908VK3739E,1,0,0,132,0
3194505VK3739C,1,0,0,25,0
3389823VK3738G,1,0,0,4,0
3294811VK3739C,1,0,0,21,0
5282103VK3758A,1,0,0,6,0
2986414VK3728F,1,0,0,24,0
3688509VK3738H,1,0,0,39,0
2990626VK3729B,1,0,0,18,0
4782402VK3748B,1,0,0,8,0
4992507VK3749D,1,0,0,20,0
3188421VK3738G,1,0,0,33,0
3188412VK3738G,1,0,0,39,0
3188431VK3738G,1,0,0,20,0
3582806VK3738B,1,0,0,4,0
3582808VK3738B,1,0,0,3,0
4284109VK3748C,1,0,0,9,0
4284116VK3748C,1,0,0,5,0
4187101VK3748E,1,0,0,3,0
3688520VK3738H,1,0,0,16,0
3092507VK3739C,1,0,0,7,0
4186902VK3748E,1,0,0,9,0
4186904VK3748E,1,0,0,12,0
3187104VK3738E,1,0,0,73,0
3987711VK3738F,1,0,0,27,0
4188968VK3748G,1,0,0,28,0
3082710VK3738C,1,0,0,2,0
4088115VK3748G,1,0,0,6,0
4088116VK3748G,1,0,0,6,0
3187121VK3738E,1,0,0,8,0
3187131VK3738E,1,0,0,40,0
3187133VK3738E,1,0,0,34,0
4394514VK3749C,1,0,0,146,0
4188976VK3748G,1,0,0,2,0
4093606VK3749C,1,0,0,41,0
3582302VK3738D,1,0,0,4,0
3582305VK3738D,1,0,0,4,0
3080606VK3738A,1,0,0,9,0
3895202VK3729F,1,0,0,13853,0
4585203VK3748F,1,0,0,44,0
3082102VK3738A,1,0,0,11,0
3081705VK3738A,1,0,0,2,0
3081709VK3738A,1,0,0,2,0
3081715VK3738A,1,0,0,2,0
3081719VK3738A,1,0,0,2,0
3081720VK3738A,1,0,0,2,0
4693425VK3749D,1,0,0,28,0
3092539VK3739C,1,0,0,20,0
4693438VK3749D,1,0,0,33,0
4693439VK3749D,1,0,0,34,0
4693434VK3749D,1,0,0,23,0
4693440VK3749D,1,0,0,16,0
4193412VK3749C,1,0,0,48,0
2794402VK3729D,8,0,0,86,0
2398213VK3729G,1,0,0,66,0
3294821VK3739C,1,0,0,4,0
2888432VK3728H,1,0,0,18,0
2693539VK3729D,1,0,0,6,0
2693540VK3729D,1,0,0,6,0
2693546VK3729D,1,0,0,6,0
4587482VK3748H,1,0,0,52,0
4294427VK3749C,1,0,0,21,0
2897730VK3729F,1,0,0,34,0
4293716VK3749C,1,0,0,26,0
4790730VK3749B,1,0,0,27,0
5090506VK3759A,1,0,0,56,0
3080902VK3738A,1,0,0,30,0
3080907VK3738A,1,0,0,5,0
3882734VK3738B,1,0,0,18,0
4681203VK3748B,1,0,0,5,0
2990641VK3729B,1,0,0,17,0
2990645VK3729B,1,0,0,23,0
2990604VK3729B,1,0,0,17,0
3188414VK3738G,1,0,0,84,0
3188425VK3738G,1,0,0,38,0
3188427VK3738G,1,0,0,25,0
41889B6VK3748G,1,0,0,50,0
4188921VK3748G,1,0,0,32,0
4188926VK3748G,1,0,0,23,0
4188988VK3748G,1,0,0,5,0
4188979VK3748G,1,0,0,32,0
4188982VK3748G,1,0,0,5,0
4781203VK3748B,1,0,0,10,0
4781901VK3748B,1,0,0,10,0
4781801VK3748B,1,0,0,4,0
3188440VK3738G,1,0,0,18,0
3188455VK3738G,1,0,0,20,0
3188406VK3738G,1,0,0,2,0
4188945VK3748G,1,0,0,5,0
2891734VK3729B,1,0,0,46,0
4880312VK3748B,1,0,0,8,0
4880301VK3748B,1,0,0,8,0
3188480VK3738G,1,0,0,101,0
3188465VK3738G,1,0,0,64,0
3188464VK3738G,1,0,0,53,0
3189205VK3738G,1,0,0,48,0
2982501VK3728D,1,0,0,4,0
3487903VK3738E,1,0,0,35,0
3290513VK3739A,1,0,0,24,0
4880610VK3748B,1,0,0,24,0
4880613VK3748B,1,0,0,16,0
4880604VK3748B,1,0,0,5,0
4190608VK3749A,1,0,0,15,0
3481110VK3738A,1,0,0,5,0
3481111VK3738A,1,0,0,5,0
3481115VK3738A,1,0,0,5,0
3382507VK3738C,1,0,0,8,0
5192303VK3759C,1,0,0,308,0
3187110VK3738E,1,0,0,8,0
3389829VK3738G,1,0,0,14,0
3389806VK3738G,1,0,0,11,0
4981905VK3748B,1,0,0,2,0
2790831VK3729B,1,0,0,25,0
2790821VK3729B,1,0,0,105,0
2790825VK3729B,1,0,0,28,0
3389810VK3738G,1,0,0,14,0
3389814VK3738G,1,0,0,14,0
3384209VK3738C,1,0,0,25,0
3384212VK3738C,1,0,0,16,0
3384215VK3738C,1,0,0,20,0
3384217VK3738C,1,0,0,9,0
2886641VK3728F,1,0,0,12,0
4980909VK3748B,1,0,0,7,0
5181302VK3758A,1,0,0,5,0
5181303VK3758A,1,0,0,4,0
2790827VK3729B,1,0,0,60,0
2897714VK3729F,1,0,0,110,0
3196703VK3739E,1,0,0,40,0
3194501VK3739C,1,0,0,44,0
3294804VK3739C,1,0,0,22,0
3191929VK3739A,10,0,0,230,0
3191933VK3739A,1,0,0,10,0
3191939VK3739A,1,0,0,10,0
4992501VK3749D,1,0,0,54,0
4992502VK3749D,1,0,0,63,0
4991208VK3749B,1,0,0,57,0
5181903VK3758A,1,0,0,3,0
3787928VK3738F,1,0,0,43,0
3294815VK3739C,1,0,0,25,0
3394730VK3739C,1,0,0,5,0
3191903VK3739A,1,0,0,12,0
3191905VK3739A,1,0,0,11,0
3092526VK3739C,1,0,0,33,0
4293704VK3749C,1,0,0,74,0
4392505VK3749F,1,0,0,29,0
5382306VK3758C,1,0,0,72,0
3887102VK3738F,1,0,0,3,0
3887104VK3738F,1,0,0,5,0
5180201VK3758A,1,0,0,3,0
3886506VK3738F,1,0,0,10,0
3496411VK3739E,1,0,0,70,0
4184723VK3748C,1,0,0,2,0
4284112VK3748C,1,0,0,5,0
4284115VK3748C,1,0,0,5,0
4284802VK3748C,1,0,0,7,0
4284818VK3748C,1,0,0,10,0
4284801VK3748C,1,0,0,5,0
3687745VK3738F,1,0,0,3,0
3687742VK3738F,1,0,0,1,0
3687741VK3738F,1,0,0,14,0
3494605VK3739C,1,0,0,22,0
3494607VK3739C,1,0,0,22,0
3494630VK3739C,1,0,0,56,0
2398210VK3729G,1,0,0,238,0
2988809VK3728H,1,0,0,8,0
5282803VK3758A,1,0,0,6,0
5282803VK4758A,1,0,0,27,0
2987308VK3728H,1,0,0,21,0
2987307VK3728H,1,0,0,21,0
3593710VK3739D,1,0,0,31,0
3792605VK3739B,1,0,0,17,0
4587450VK3748H,1,0,0,55,0
4383909VK3748C,1,0,0,3,0
4587408VK3748H,1,0,0,316,0
4587417VK3748H,1,0,0,63,0
4587420VK3748H,1,0,0,107,0
4587462VK3748H,1,0,0,92,0
4587424VK3748H,1,0,0,52,0
4587427VK3748H,1,0,0,60,0
4587465VK3748H,1,0,0,79,0
5281511VK3758A,1,0,0,5,0
5281512VK3758A,1,0,0,3,0
2986416VK3728F,1,0,0,1,0
5381201VK3758A,1,0,0,23,0
3792611VK3739B,1,0,0,22,0
4587435VK3748H,1,0,0,78,0
4483305VK3748C,1,0,0,20,0
4989117VK3748H,1,0,0,71,0
4989121VK3748H,1,0,0,102,0
5381204VK3758A,1,0,0,43,0
5381205VK3758A,1,0,0,5,0
3688502VK3738H,1,0,0,32,0
3688507VK3738H,1,0,0,37,0
3791110VK3739B,1,0,0,11,0
3682114VK3738B,1,0,0,4,0
4286911VK3748E,1,0,0,3,0
4286907VK3748E,1,0,0,3,0
3777912VK3737H,5,0,0,55,0
4583106VK3748D,1,0,0,19,0
4582512VK3748C,1,0,0,1,0
4481806VK3748A,1,0,0,3,0
3890208VK3739B,1,0,0,26,0
3990305VK3739B,1,0,0,5,0
4194323VK3749C,1,0,0,53,0
4194320VK3749C,1,0,0,48,0
4286917VK3748E,1,0,0,3,0
4682307VK3748D,1,0,0,2,0
4682501VK3748D,1,0,0,3,0
2789802VK3728H,1,0,0,2,0
2789809VK3728H,1,0,0,7,0
2789810VK3728H,1,0,0,13,0
4391452VK3749A,1,0,0,26,0
4391461VK3749A,1,0,0,36,0
4391471VK3749A,1,0,0,2,0
4391478VK3749A,1,0,0,13,0
3983802VK3738D,1,0,0,18,0
3882712VK3738B,1,0,0,14,0
3882715VK3738B,1,0,0,18,0
3882720VK3738B,1,0,0,18,0
2789825VK3728H,1,0,0,14,0
2888423VK3728H,1,0,0,65,0
2888426VK3728H,1,0,0,18,0
2990622VK3729B,1,0,0,35,0
2990623VK3729B,1,0,0,38,0
2990630VK3729B,1,0,0,25,0
4391481VK3749A,1,0,0,30,0
4391480VK3749A,1,0,0,10,0
4391420VK3749A,1,0,0,30,0
4391429VK3749A,1,0,0,19,0
4391435VK3749A,1,0,0,46,0
4391436VK3749A,1,0,0,52,0
4391438VK3749A,1,0,0,24,0
3886511VK3738F,1,0,0,6,0
3887124VK3738F,1,0,0,18,0
3188488VK3738G,1,0,0,16,0
3188489VK3738G,1,0,0,15,0
4782412VK3748B,1,0,0,19,0
3582409VK3738D,1,0,0,7,0
4194322VK3749C,1,0,0,45,0
2987306VK3728H,1,0,0,38,0
3389802VK3738G,1,0,0,51,0
4587426VK3748H,1,0,0,61,0
2990658VK3729B,1,0,0,16,0
4683701VK3748D,1,0,0,42,0
3777916VK3737H,6,0,0,74,0
4294418VK3749C,1,0,0,6,0
4782403VK3748B,1,0,0,8,0
3593703VK3739D,1,0,0,31,0
3593707VK3739D,1,0,0,31,0
4980901VK3748B,1,0,0,5,0
2990602VK3729B,1,0,0,34,0
2790828VK3729B,1,0,0,30,0
4590310VK3749B,1,0,0,96,0
4590326VK3749B,8,0,0,208,0
2886625VK3728F,1,0,0,31,0
2886631VK3728F,1,0,0,36,0
5181707VK3758A,1,0,0,7,0
5392501VK3759C,1,0,0,85,0
4391488VK3749A,1,0,0,11,0
3294806VK3739C,1,0,0,70,0
3293607VK3739C,1,0,0,7,0
4391469VK3749A,1,0,0,34,0
4391476VK3749A,1,0,0,11,0
5390718VK3759A,1,0,0,34,0
3882723VK3738B,1,0,0,18,0
3882736VK3738B,1,0,0,18,0
5281113VK3758A,1,0,0,1,0
4989111VK3748H,2,0,0,44,0
4989109VK3748H,2,0,0,64,0
4989105VK3748H,2,0,0,64,0
4989133VK3748H,1,0,0,37,0
2891714VK3729B,1,0,0,46,0
2982504VK3728D,1,0,0,4,0
4184721VK3748C,1,0,0,4,0
4188906VK3748G,1,0,0,7,0
3384211VK3738C,1,0,0,26,0
4381509VK3748A,1,0,0,9,0
4391445VK3749A,1,0,0,26,0
4391446VK3749A,1,0,0,26,0
3290506VK3739A,1,0,0,13,0
3290524VK3739A,1,0,0,2,0
41889C8VK3748G,1,0,0,19,0
3290525VK3739A,1,0,0,7,0
3293629VK3739C,1,0,0,14,0
3293630VK3739C,1,0,0,19,0
4590361VK3749B,1,0,0,18,0
4590344VK3749B,1,0,0,65,0
4590343VK3749B,1,0,0,25,0
4790721VK3749B,1,0,0,52,0
4790716VK3749B,1,0,0,30,0
7230311VK3773A,1,0,0,94,0
8038220VK3783G,1,0,0,98,0
8138209VK3783G,1,0,0,99,0
7636412VK3773F,1,0,0,6,0
7735724VK3773F,1,0,0,109,0
7940620VK3774B,1,0,0,273,0
7940607VK3774B,1,0,0,53,0
7232418VK3773C,1,0,0,220,0
7535514VK3773F,1,0,0,4,0
7431204VK3773A,1,0,0,62,0
7232827VK3773A,2,0,0,55,0
7832608VK3773B,1,0,0,34,0
7832616VK3773B,1,0,0,34,0
8441405VK3784A,1,0,0,393,0
8341704VK3784A,1,0,0,334,0
8340607VK3784A,0,0,1,0,66
7537416VK3773F,1,0,0,30,0
7538113VK3773H,1,0,0,27,0
7834908VK3773D,1,0,0,82,0
6623820VK3762D,0,0,1,0,398
6227111VK3762E,1,0,0,17,0
6227107VK3762E,1,0,0,17,0
6627602VK3762H,1,0,0,108,0
6935308VK3763F,1,0,0,244,0
6131903VK3763A,1,0,0,137,0
5921501VK3752B,0,0,1,0,85
6118313VK3761G,0,0,1,0,110
2701302VK3720B,1,0,0,3,0
4117509VK3741G,1,0,0,117,0
5024101VK3752C,0,2,0,192,0
4620903VK3742B,1,0,0,148,0
2701306VK3720B,1,0,0,11,0
2701307VK3720B,1,0,0,29,0
2701310VK3720B,1,0,0,3,0
2701312VK3720B,1,0,0,4,0
4021608VK3742A,1,0,0,19,0
3919305VK4732B,1,0,0,168,0
45091C6VK3740H,1,0,0,4,0
4509182VK3740H,1,0,0,10,0
4509196VK3740H,1,0,0,19,0
4004902VK4840C,1,0,0,12,0
3606303VK3730F,0,0,1,0,124
4004928VK4840C,1,0,0,26,0
4509188VK3740H,1,0,0,4,0
5197202VK3659G,0,0,1,0,116
4714212VK3741B,1,0,0,17,0
45091A5VK3740H,1,0,0,7,0
6121227VK4762A,0,0,1,0,200
6319401VK4761G,0,0,1,0,81
4235221VK4743E,1,1,0,1465,0
4240120VK4744A,0,0,1,0,88
4360611VK4746A,1,0,0,102,0
4460914VK4746A,1,0,0,130,0
4748716VK4744H,1,0,0,2,0
5061209VK4756A,1,0,0,227,0
5762910VK4756B,1,0,0,125,0
5765617VK4756F,2,0,0,47,0
5457812VK4755E,1,0,0,109,0
4662601VK4746D,1,0,0,29,0
5468115VK4756G,1,0,0,38,0
5970401VK4757B,1,0,0,25,0
6070004VK4767A,1,0,0,8,0
5767102VK4756F,1,0,0,180,0
5468612VK4756G,1,0,0,218,0
5766901VK4756F,0,0,1,0,8
5476123VK4757E,1,0,0,23,0
5473614VK4757C,1,0,0,38,0
5271728VK4757A,1,0,0,6,0
4284005VK4848C,1,0,0,1192,0
4284504VK4848C,1,0,0,24,0
4687029VK4748H,0,1,0,116,0
4187709VK4848E,1,0,0,140,0
4292119VK4849A,2,0,0,32,0
4387210VK4848E,1,0,0,101,0
4390717VK4849A,1,0,0,14,0
4390719VK4849A,1,0,0,7,0
4391221VK4849A,1,0,0,25,0
4087209VK4848E,1,0,0,8,0
4391213VK4849A,1,0,0,17,0
3898003VK4839H,2,0,0,36,0
3898006VK4839H,1,0,0,1302,0
3318222VK4831G,1,0,0,265,0
3403919VK4830C,1,0,0,55,0
8584010VK4788D,1,0,0,1,0
8584015VK4788D,1,0,0,1,0
8584017VK4788D,1,0,0,1,0
8182618VK4788C,1,0,0,14,0
8086129VK4788E,1,0,0,15,0
8482316VK4788C,1,0,0,52,0
7784814VK4778D,1,0,0,27,0
8084201VK4788C,1,0,0,16,0
8183901VK4788C,1,0,0,108,0
8283804VK4788C,1,0,0,33,0
8283809VK4788C,1,0,0,29,0
8283808VK4788C,1,0,0,30,0
8182612VK4788C,1,0,0,22,0
8182606VK4788C,1,0,0,49,0
8182002VK4788A,1,0,0,12,0
8182009VK4788A,1,0,0,29,0
8182012VK4788A,1,0,0,25,0
8182020VK4788A,1,0,0,20,0
8083413VK4788C,4,0,0,36,0
8083431VK4788C,1,0,0,29,0
8083433VK4788C,1,0,0,29,0
8083434VK4788C,1,0,0,29,0
7782023VK4778D,1,0,0,15,0
7782015VK4778D,1,0,0,16,0
8086102VK4788E,1,0,0,31,0
8086108VK4788E,1,0,0,19,0
8383612VK4788C,1,0,0,37,0
8482317VK4788C,1,0,0,37,0
8083435VK4788C,1,0,0,23,0
8182622VK4788C,1,0,0,2,0
7885401VK4778F,4,0,0,89,0
8086144VK4788E,1,0,0,11,0
8185026VK4788E,1,0,0,25,0
8183907VK4788C,1,0,0,10,0
8383409VK4788C,1,0,0,18,0
8482319VK4788C,1,0,0,40,0
8083428VK4788C,1,0,0,55,0
8584021VK4788D,1,0,0,1,0
7282429VK4778C,1,0,0,46,0
7282406VK4778C,1,0,0,13,0
7282412VK4778C,1,0,0,47,0
8382020VK4788A,1,0,0,21,0
8183926VK4788C,1,0,0,16,0
7383804VK4778C,1,0,0,15,0
7383807VK4778C,1,0,0,14,0
7383808VK4778C,1,0,0,14,0
7383813VK4778C,1,0,0,14,0
7383817VK4778C,1,0,0,14,0
8383417VK4788C,1,0,0,43,0
60920K4VK4759B,1,0,0,27,0
6890201VK4769B,1,0,0,33,0
6092055VK4759B,1,0,0,22,0
6092060VK4759B,1,0,0,36,0
6092063VK4759B,1,0,0,34,0
4985401VK4748F,1,0,0,38,0
4985403VK4748F,1,0,0,25,0
4986604VK4748F,1,0,0,29,0
4987701VK4748F,1,0,0,1,0
4987706VK4748F,1,0,0,4,0
60920B1VK4759B,1,0,0,74,0
6092041VK4759B,1,0,0,22,0
4985407VK4748F,1,0,0,29,0
4985420VK4748F,1,0,0,16,0
4987711VK4748F,1,0,0,47,0
60920C0VK4759B,1,0,0,27,0
60920D7VK4759B,1,0,0,46,0
60920H7VK4759B,1,0,0,19,0
60920F9VK4759B,1,0,0,46,0
60920H6VK4759B,1,0,0,14,0
5686015VK4758F,1,0,0,56,0
5484041VK4758D,1,0,0,243,0
5484013VK4758D,1,0,0,66,0
5484031VK4758D,1,0,0,82,0
5484061VK4758D,1,0,0,59,0
5484066VK4758D,1,0,0,78,0
6092007VK4759B,1,0,0,30,0
6092016VK4759B,1,0,0,32,0
5783052VK4758D,1,0,0,68,0
5783023VK4758D,1,0,0,108,0
4788407VK4748H,0,0,1,0,67
5186901VK4758E,1,0,0,17,0
5186908VK4758E,1,0,0,18,0
5186911VK4758E,1,0,0,19,0
5186913VK4758E,1,0,0,22,0
5186914VK4758E,1,0,0,20,0
5992017VK4759B,1,0,0,26,0
5992015VK4759B,1,0,0,26,0
6391204VK4769A,1,0,0,17,0
6391212VK4769A,1,0,0,17,0
6391214VK4769A,1,0,0,17,0
5783034VK4758D,1,0,0,21,0
5783038VK4758D,1,0,0,17,0
5783055VK4758D,1,0,0,17,0
5481204VK4758A,1,0,0,18,0
5186930VK4758E,1,0,0,162,0
5188109VK4758G,1,0,0,31,0
5188110VK4758G,1,0,0,33,0
6391203VK4769A,1,0,0,54,0
6391221VK4769A,1,0,0,8,0
5788708VK4758H,1,0,0,34,0
5084919VK4758C,1,0,0,1,0
5188315VK4758G,1,0,0,202,0
5486305VK4758E,1,0,0,36,0
5486306VK4758E,1,0,0,40,0
5486310VK4758E,1,0,0,59,0
60920C8VK4759B,1,0,0,56,0
6190911VK4769A,1,0,0,71,0
6190914VK4769A,1,0,0,51,0
6190915VK4769A,1,0,0,59,0
6190922VK4769A,1,0,0,76,0
6190923VK4769A,1,0,0,69,0
6190943VK4769A,1,0,0,17,0
5985014VK4758F,1,0,0,30,0
5985013VK4758F,1,0,0,28,0
5985012VK4758F,1,0,0,54,0
5985010VK4758F,1,0,0,25,0
6190946VK4769A,1,0,0,17,0
6487201VK4768G,1,0,0,43,0
6085028VK4758F,1,0,0,29,0
6085030VK4758F,1,0,0,69,0
6085034VK4758F,1,0,0,71,0
6485012VK4768E,1,0,0,74,0
6485036VK4768E,1,0,0,113,0
6485049VK4768E,1,0,0,25,0
6487209VK4768G,1,0,0,87,0
6487240VK4768G,2,0,0,73,0
6386903VK4768E,1,0,0,70,0
6386939VK4768E,1,0,0,31,0
6485008VK4768E,1,0,0,48,0
6285001VK4768C,1,0,0,61,0
6285005VK4768C,1,0,0,65,0
6285013VK4768C,1,0,0,73,0
6683048VK4768F,1,0,0,133,0
5987312VK4768G,1,0,0,30,0
5987335VK4768G,1,0,0,31,0
5783049VK4758D,1,0,0,46,0
5783058VK4758D,1,0,0,76,0
5484006VK4758D,1,0,0,27,0
6386925VK4768E,1,0,0,140,0
6487223VK4768G,1,0,0,53,0
60920J4VK4759B,1,0,0,45,0
6683082VK4768F,1,0,0,45,0
6683028VK4768F,1,0,0,82,0
6683043VK4768F,1,0,0,70,0
6683061VK4768F,1,0,0,68,0
6683065VK4768F,1,0,0,38,0
6485019VK4768E,1,0,0,31,0
6485023VK4768E,1,0,0,51,0
4887615VK4748H,1,0,0,16,0
4887616VK4748H,1,0,0,26,0
4887624VK4748H,1,0,0,18,0
6588634VK4768H,1,0,0,75,0
6789107VK4768H,1,0,0,61,0
6789147VK4768H,1,0,0,110,0
6890003VK4769B,1,0,0,15,0
6890004VK4769B,1,0,0,16,0
6890017VK4769B,1,0,0,35,0
6890018VK4769B,1,0,0,21,0
6890030VK4769B,1,0,0,33,0
5287901VK4758E,1,0,0,3,0
6590503VK4769B,1,0,0,27,0
6590505VK4769B,1,0,0,27,0
6590508VK4769B,1,0,0,16,0
6590512VK4769B,1,0,0,16,0
6590514VK4769B,1,0,0,15,0
6590518VK4769B,1,0,0,15,0
6590523VK4769B,1,0,0,10,0
5087305VK4758G,1,0,0,9,0
6683035VK4768F,1,0,0,51,0
5287924VK4758E,1,0,0,3,0
6890025VK4769B,1,0,0,27,0
6890026VK4769B,1,0,0,32,0
5481218VK4758A,1,0,0,21,0
7087308VK4778G,1,0,0,13,0
5486313VK4758E,1,0,0,29,0
5185324VK4758E,1,0,0,19,0
6485074VK4768E,1,0,0,31,0
6485068VK4768E,1,0,0,25,0
4988611VK4748H,1,0,0,23,0
6085008VK4758F,1,0,0,55,0
6683088VK4768F,1,0,0,47,0
5985024VK4758F,2,0,0,54,0
4787513VK4748H,1,0,0,17,0
6683051VK4768F,1,0,0,67,0
6890015VK4769B,1,0,0,33,0
4887644VK4748H,1,0,0,5,0
4787531VK4748H,1,0,0,10,0
6386949VK4768E,1,0,0,25,0
6485061VK4768E,1,0,0,22,0
6485059VK4768E,1,0,0,22,0
6485055VK4768E,1,0,0,150,0
4787522VK4748H,1,0,0,9,0
5287911VK4758E,1,0,0,18,0
4987714VK4748F,1,0,0,13,0
4985429VK4748F,1,0,0,22,0
54840A9VK4758D,1,0,0,29,0
54840B0VK4758D,1,0,0,54,0
5783064VK4758D,1,0,0,63,0
4791918VK4749B,1,0,0,15,0
4592722VK4749D,1,0,0,11,0
4593206VK4749D,1,0,0,20,0
4594905VK4749D,1,0,0,102,0
5289310VK4758G,1,0,0,9,0
5798904VK4759H,1,0,0,309,0
4691613VK4749B,1,0,0,218,0
5097602VK4759G,1,0,0,390,0
4494305VK4749C,1,0,0,15,0
4693306VK4749D,1,0,0,16,0
4989319VK4748H,1,0,0,11,0
5098313VK4759G,1,0,0,12,0
5099215VK4759G,1,0,0,120,0
5099907VK4759G,1,0,0,5,0
5999707VK4850B,1,0,0,339,0
4992563VK4749D,1,0,0,12,0
5389313VK4758G,1,0,0,45,0
6097601VK4769E,0,0,1,0,80
4690325VK4749B,1,0,0,1,0
4798808VK4749H,1,0,0,5,0
5189302VK4758G,1,0,0,18,0
5189305VK4758G,1,0,0,15,0
5389321VK4758G,1,0,0,53,0
4799113VK4749H,1,0,0,3,0
5189320VK4758G,1,0,0,22,0
5190107VK4759A,1,0,0,18,0
5190306VK4759A,1,0,0,30,0
4492907VK4749A,1,0,0,21,0
4997702VK4749F,1,0,0,119,0
4997704VK4749F,1,0,0,67,0
4998502VK4749H,1,0,0,22,0
4493215VK4749C,1,0,0,32,0
4493229VK4749C,1,0,0,29,0
4493239VK4749C,0,0,1,0,201
4889214VK4748H,1,0,0,23,0
4893107VK4749D,1,0,0,6,0
4893108VK4749D,1,0,0,6,0
4893112VK4749D,1,0,0,6,0
4893118VK4749D,1,0,0,6,0
4893128VK4749D,1,0,0,6,0
4893130VK4749D,1,0,0,6,0
5199204VK4759G,1,0,0,9,0
4592701VK4749D,1,0,0,12,0
4394116VK4749C,1,0,0,2,0
4493248VK4749C,1,0,0,34,0
4791924VK4749B,1,0,0,34,0
4592134VK4749B,1,0,0,34,0
5490911VK4759A,1,0,0,1,0
4901204VK4840B,1,0,0,7,0
5807929VK4850H,1,0,0,13,0
4802116VK4840B,1,0,0,5,0
5001101VK4850A,1,0,0,32,0
4802125VK4840B,1,0,0,6,0
4012973VK4831D,1,0,0,5,0
4012987VK4831D,1,0,0,7,0
4209914VK4840G,1,0,0,14,0
3910009VK4831B,1,0,0,19,0
3910016VK4831B,1,0,0,8,0
3805809VK4830F,1,0,0,22,0
3804202VK4830D,1,0,0,61,0
3904301VK4830D,1,0,0,22,0
4005221VK4840E,1,0,0,13,0
3803926VK4830D,1,0,0,19,0
3803903VK4830D,1,0,0,43,0
3803918VK4830D,1,0,0,20,0
3903903VK4830D,1,0,0,10,0
4103917VK4840C,1,0,0,33,0
4103914VK4840C,1,0,0,20,0
6115515VK4861E,1,0,0,10,0
6219117VK4861G,1,0,0,73,0
6417509VK4861G,1,0,0,10,0
5544901VK4854D,20,0,0,654,0
6241801VK4864A,118,0,0,1000,0
6614306VK4861D,1,0,0,37,0
6514411VK4861D,1,0,0,20,0
6414603VK4861C,1,0,0,11,0
6540304VK4864B,1,0,0,24,0
6542206VK4864B,1,0,0,48,0
6540312VK4864B,1,0,0,106,0
6540314VK4864B,1,0,0,33,0
6813714VK4861D,1,0,0,19,0
6912114VK4861B,1,0,0,25,0
6912120VK4861B,1,0,0,18,0
6712907VK4861B,1,0,0,14,0
6340705VK4863G,1,0,0,32,0
6340707VK4863G,1,0,0,32,0
6540324VK4864B,1,0,0,50,0
6811208VK4861B,1,0,0,5,0
6810210VK4860H,1,0,0,18,0
6416828VK4861E,1,0,0,33,0
6913924VK4861D,1,0,0,90,0
6809501VK4860H,1,0,0,34,0
6810245VK4860H,1,0,0,20,0
6812108VK3761B,1,0,0,35,0
6812108VK4861B,1,0,0,1,0
6913809VK4861D,1,0,0,24,0
6317302VK4861G,1,0,0,28,0
6317307VK4861G,1,0,0,3,0
6913701VK4861D,1,0,0,3,0
6214607VK4861C,1,0,0,5,0
6214626VK4861C,1,0,0,5,0
6214630VK4861C,1,0,0,5,0
6913911VK4861D,1,0,0,27,0
6214613VK4861C,1,0,0,4,0
6218612VK4861G,1,0,0,52,0
6813915VK4861D,1,0,0,2,0
6813922VK4861D,1,0,0,2,0
6813923VK4861D,1,0,0,2,0
6913811VK4861D,1,0,0,21,0
6515522VK4861F,1,0,0,17,0
6315408VK4861E,1,0,0,1,0
6115544VK4861E,1,0,0,1,0
6115549VK4861E,1,0,0,1,0
6812718VK4861B,1,0,0,14,0
6812721VK4861B,1,0,0,12,0
6214649VK4861C,1,0,0,2,0
6809428VK4861B,1,0,0,22,0
6517128VK4861F,1,0,0,21,0
6516218VK4861F,1,0,0,11,0
6913946VK4861D,1,0,0,15,0
6813917VK4861D,1,0,0,21,0
6809712VK4860H,1,0,0,8,0
6810247VK4860H,1,0,0,24,0
6712701VK4861B,1,0,0,10,0
6913704VK4861D,1,0,0,16,0
6813713VK4861D,1,0,0,65,0
6517121VK4861F,1,0,0,15,0
6216801VK4861E,1,0,0,14,0
6316610VK4861E,1,0,0,42,0
6316619VK4861E,1,0,0,8,0
6139604VK4861G,1,0,0,15,0
6139607VK4861G,1,0,0,18,0
6129911VK4861G,1,0,0,1,0
6219104VK4861G,1,0,0,30,0
6415607VK4861E,1,0,0,28,0
6416803VK4861E,1,0,0,26,0
6416819VK4861E,1,0,0,26,0
6912101VK4861D,1,0,0,23,0
6217205VK4861E,1,0,0,41,0
7007204VK4870E,1,0,0,3,0
6908609VK4870G,1,0,0,2,0
6908610VK4870G,1,0,0,3,0
6908611VK4870G,1,0,0,2,0
6216407VK4861E,1,0,0,24,0
6516226VK4861F,1,0,0,21,0
6316804VK4861E,1,0,0,14,0
6320624VK4862A,1,0,0,18,0
6320628VK4862A,1,0,0,16,0
6320629VK4862A,1,0,0,1,0
6320633VK4862A,1,0,0,15,0
6320616VK4862A,1,0,0,15,0
6320609VK4862A,1,0,0,19,0
6810250VK4860H,1,0,0,26,0
6516222VK4861F,1,0,0,19,0
6419002VK4861G,1,0,0,12,0
6717215VK4861F,1,0,0,21,0
9465706VK3696C,1,0,0,37,0
9665818VK3696F,1,0,0,58,0
0068705VK4606G,1,0,0,17,0
0066217VK4606E,1,0,0,141,0
9364331VK3696C,1,0,0,87,0
2658801VK4625H,1,0,0,147,0
2557601VK4625F,1,0,0,45,0
1670102VK4617B,0,0,1,0,27
1769808VK4616H,1,0,0,20,0
1972512VK4617D,1,0,0,38,0
1769809VK4616H,1,0,0,49,0
0881806VK4608B,1,0,0,25,0
0679203VK4607H,2,0,0,29,0
0473402VK4607C,1,0,0,507,0
8884248VK4688D,1,0,0,8,0
0177649VK5607G,1,0,0,4,0
0177647VK5607G,1,0,0,4,0
0177640VK5607G,1,0,0,3,0
0276939VK5607E,1,0,0,2,0
0276945VK5607E,1,0,0,2,0
0276953VK5607E,1,0,0,2,0
8683916VK4688D,1,0,0,25,0
7202906VK4770C,1,0,0,481,0
8198813VK4689G,1,0,0,36,0
0276980VK5607E,1,0,0,1,0
7404204VK4770C,0,0,1,0,706
8096504VK4689E,1,0,0,24,0
7603107VK4770D,1,0,0,191,0
8683906VK4688D,1,0,0,33,0
8884215VK4688D,1,0,0,17,0
0483214VK5608C,1,0,0,28,0
0480420VK5608A,1,0,0,2,0
9278637VK4697G,1,0,0,17,0
9278644VK4697G,1,0,0,19,0
8983921VK4688D,1,0,0,29,0
8983922VK4688D,1,0,0,29,0
8983925VK4688D,1,0,0,27,0
0582316VK5608D,1,0,0,26,0
9379925VK4697G,1,0,0,38,0
8683949VK4688D,1,0,0,25,0
8683934VK4688D,1,0,0,23,0
0276957VK5607E,1,0,0,2,0
9382421VK4698C,1,0,0,679,0
0276960VK5607E,1,0,0,2,0
0276963VK5607E,1,0,0,2,0
0276964VK5607E,1,0,0,2,0
7203318VK4770C,1,0,0,121,0
7786248VK4678F,1,0,0,20,0
9379915VK4697G,1,0,0,30,0
7002904VK4770C,1,0,0,104,0
6998207VK4669H,1,0,0,25,0
0483208VK5608C,1,0,0,2,0
0483211VK5608C,1,0,0,18,0
8299543VK4689G,1,0,0,23,0
7786213VK4678F,1,0,0,15,0
7786220VK4678F,1,0,0,13,0
7786227VK4678F,1,0,0,20,0
7786232VK4678F,1,0,0,27,0
7786239VK4678F,1,0,0,15,0
0077110VK5607E,1,0,0,8,0
7802912VK4770B,1,0,0,112,0
8299520VK4689G,1,0,0,26,0
8299534VK4689G,1,0,0,5,0
8299536VK4689G,1,0,0,30,0
8299540VK4689G,1,0,0,18,0
8096111VK4689E,1,0,0,24,0
0177635VK5607G,1,0,0,4,0
0177633VK5607G,1,0,0,4,0
0177628VK5607G,1,0,0,4,0
0177623VK5607G,1,0,0,5,0
0379547VK5607G,1,0,0,27,0
0177636VK5607G,1,0,0,5,0
0379510VK5607G,1,0,0,5,0
0379512VK5607G,1,0,0,5,0
0379520VK5607G,1,0,0,5,0
0379528VK5607G,1,0,0,5,0
8299512VK4689G,1,0,0,30,0
8299517VK4689G,1,0,0,29,0
9976729VK4697F,1,0,0,20,0
9976725VK4697F,1,0,0,24,0
3222105VK5732A,6,0,0,39,0
8728113VK4782H,1,0,0,90,0
8728114VK4782H,1,0,0,63,0
8428114VK4782G,1,0,0,911,0
8129207VK4782G,1,0,0,33,0
7929718VK4772H,1,0,0,11,0
8828909VK4782H,1,0,0,128,0
7929708VK4772H,1,0,0,15,0
3727743VK5732F,1,0,0,40,0
3725503VK5732F,1,0,0,9,0
3434821VK5733C,1,0,0,2,0
3434828VK5733C,1,0,0,2,0
3724619VK5732D,1,0,0,6,0
3724626VK5732D,1,0,0,6,0
3724634VK5732D,1,0,0,6,0
3724643VK5732D,1,0,0,6,0
3621942VK5732B,1,0,0,6,0
3621938VK5732B,1,0,0,6,0
3621923VK5732B,1,0,0,6,0
3621910VK5732B,1,0,0,6,0
3621905VK5732B,1,0,0,6,0
3727729VK5732F,1,0,0,38,0
3727721VK5732F,1,0,0,40,0
3727717VK5732F,1,0,0,40,0
3727711VK5732F,1,0,0,40,0
3727707VK5732F,1,0,0,40,0
3519213VK5731H,1,0,0,5,0
3519215VK5731H,1,0,0,5,0
3519221VK5731H,1,0,0,5,0
3519226VK5731H,1,0,0,5,0
3219606VK5731G,1,0,0,9,0
3219610VK5731G,1,0,0,9,0
3219617VK5731G,1,0,0,9,0
3219629VK5731G,1,0,0,9,0
3219631VK5731G,1,0,0,9,0
3219636VK5731G,1,0,0,9,0
3219642VK5731G,1,0,0,9,0
2622642VK5722D,1,0,0,5,0
2622643VK5722D,1,0,0,5,0
2622644VK5722D,1,0,0,5,0
2622645VK5722D,1,0,0,5,0
2622649VK5722D,1,0,0,5,0
2622653VK5722D,1,0,0,5,0
2622669VK5722D,1,0,0,5,0
2622631VK5722D,1,0,0,5,0
3319904VK5731G,1,0,0,9,0
3319908VK5731G,1,0,0,9,0
3319921VK5731G,1,0,0,9,0
3319922VK5731G,1,0,0,9,0
3725526VK5732F,1,0,0,9,0
3725535VK5732F,1,0,0,9,0
3319937VK5731G,1,0,0,9,0
3727529VK5732H,1,0,0,4,0
3727524VK5732H,1,0,0,4,0
3727514VK5732H,1,0,0,4,0
3727504VK5732H,1,0,0,4,0
3631436VK5733B,1,0,0,1,0
2933427VK5723D,1,0,0,2,0
2933429VK5723D,1,0,0,2,0
2523969VK5722D,1,0,0,11,0
8926546VK4782F,1,0,0,3,0
8926544VK4782F,1,0,0,3,0
8229629VK4782G,1,0,0,18,0
8229631VK4782G,1,0,0,18,0
8229634VK4782G,1,0,0,18,0
3434831VK5733C,1,0,0,14,0
3625902VK5732F,1,0,0,1135,0
3519206VK5731H,1,0,0,5,0
3132303VK5733C,1,0,0,880,0
3727741VK5732F,1,0,0,40,0
8633306VK4783D,1,0,0,556,0
8832932VK4783B,1,0,0,6,0
7770410VK4777B,1,0,0,2,0
7770405VK4777B,1,0,0,2,0
7769309VK4776H,1,0,0,25,0
7869413VK4776H,1,0,0,34,0
7970115VK4777B,1,0,0,20,0
7970125VK4777B,1,0,0,25,0
7970101VK4777B,1,0,0,20,0
7970102VK4777B,1,0,0,25,0
7768501VK4776H,1,0,0,9,0
7768505VK4776H,1,0,0,3,0
7768510VK4776H,1,0,0,5,0
7869403VK4776H,1,0,0,7,0
7869418VK4776H,1,0,0,34,0
6868405VK4767H,0,0,1,0,69
7773110VK4777D,1,0,0,7,0
6955721VK4765F,1,0,0,59,0
7970127VK4777B,1,0,0,43,0
7869426VK4776H,1,0,0,24,0
7869423VK4776H,1,0,0,34,0
7753304VK4775D,0,0,1,0,218
8246104VK4784E,12,0,0,24,0
7944330VK4774D,1,0,0,13,0
8045905VK4784E,1,0,0,63,0
8045910VK4784E,1,0,0,63,0
8246112VK4784E,1,0,0,14,0
8045925VK4784E,1,0,0,18,0
7744836VK4774D,1,0,0,1,0
7744812VK4774D,1,0,0,31,0
7744819VK4774D,1,0,0,2,0
7744872VK4774D,1,0,0,15,0
8648828VK4784H,1,0,0,22,0
8648827VK4784H,1,0,0,4,0
8547203VK4784H,1,0,0,2,0
8547204VK4784H,1,0,0,5,0
8748501VK4784H,42,0,0,216,0
8547207VK4784H,1,0,0,5,0
9256910VK4795E,1,0,0,14,0
8648806VK4784H,1,0,0,4,0
8648809VK4784H,1,0,0,4,0
8648812VK4784H,1,0,0,32,0
8547215VK4784H,1,0,0,14,0
8547217VK4784H,1,0,0,20,0
8547219VK4784H,1,0,0,2,0
8547223VK4784H,1,0,0,12,0
8547225VK4784H,1,0,0,13,0
8547226VK4784H,23,0,0,46,0
8648816VK4784H,1,0,0,13,0
9256930VK4795E,1,0,0,14,0
2074411VK5727C,1,0,0,42,0
1578519VK5717H,1,0,0,12,0
1578522VK5717H,1,0,0,1,0
1674703VK5715D,1,0,0,12,0
1674721VK5715D,1,0,0,10,0
9776407VK4797F,1,0,0,3,0
2273305VK5727C,1,0,0,21,0
1672501VK5717D,0,0,1,0,92
1672710VK5717B,1,0,0,155,0
1579704VK5717H,1,0,0,15,0
9580801VK4798B,1,0,0,15,0
1773819VK5717D,1,0,0,26,0
1773823VK5717D,1,0,0,30,0
1973818VK5717D,1,0,0,36,0
1973817VK5717D,1,0,0,25,0
1973812VK5717D,1,0,0,38,0
1973811VK5717D,1,0,0,28,0
1973809VK5717D,1,0,0,38,0
1779107VK5717H,1,0,0,32,0
1779108VK5717H,1,0,0,53,0
1779119VK5717H,1,0,0,11,0
1873401VK5717D,1,0,0,28,0
1675503VK5717F,1,0,0,3,0
1675510VK5717F,1,0,0,3,0
1675514VK5717F,1,0,0,3,0
1675517VK5717F,1,0,0,27,0
1578724VK5717H,1,0,0,19,0
1875407VK5717F,1,0,0,119,0
1672713VK5717B,1,0,0,105,0
1873413VK5717D,1,0,0,5,0
2073419VK5727C,1,0,0,46,0
1672507VK5717D,1,0,0,17,0
1774810VK5717D,1,0,0,13,0
8078511VK4787G,1,0,0,21,0
8078514VK4787G,1,0,0,18,0
7878105VK4777H,1,0,0,27,0
7878111VK4777H,1,0,0,21,0
7679105VK4777H,1,0,0,24,0
8179732VK4787G,1,0,0,53,0
8171903VK4787A,1,0,0,132,0
8171909VK4787A,1,0,0,6,0
8171911VK4787A,1,0,0,6,0
8379906VK4787G,1,0,0,14,0
8278901VK4787G,1,0,0,51,0
8377712VK4787E,1,0,0,18,0
8078506VK4787G,1,0,0,5,0
7877605VK4777F,1,0,0,22,0
7877606VK4777F,1,0,0,6,0
7877610VK4777F,1,0,0,6,0
7877627VK4777F,1,0,0,1,0
8170517VK4787A,1,0,0,45,0
8178817VK4787G,1,0,0,4,0
8070913VK4787A,1,0,0,23,0
8070916VK4787A,1,0,0,24,0
8778422VK4787H,1,0,0,18,0
7776807VK4777F,1,0,0,12,0
7876103VK4777F,1,0,0,22,0
8073404VK4787C,1,0,0,1,0
8073709VK4787C,1,0,0,14,0
7778706VK4777H,1,0,0,1,0
7778120VK4777H,1,0,0,8,0
7972930VK4777B,1,0,0,24,0
7972932VK4777B,1,0,0,26,0
7972934VK4777B,1,0,0,27,0
7972905VK4777B,1,0,0,29,0
7972911VK4777B,1,0,0,20,0
7877106VK4777F,1,0,0,27,0
7776307VK4777F,1,0,0,4,0
7776308VK4777F,1,0,0,20,0
8172204VK4787A,1,0,0,25,0
8172209VK4787A,1,0,0,28,0
7778124VK4777H,1,0,0,25,0
8179527VK4787G,1,0,0,9,0
7776808VK4777F,1,0,0,15,0
7778121VK4777H,1,0,0,8,0
8278906VK4787G,1,0,0,37,0
7778127VK4777H,1,0,0,27,0
7877124VK4777F,1,0,0,13,0
8073726VK4787C,1,0,0,28,0
8172226VK4787A,1,0,0,25,0
7876107VK4777F,1,0,0,15,0
8077409VK4787G,1,0,0,11,0
8679705VK4787H,1,0,0,21,0
7971530VK4777B,1,0,0,39,0
8170512VK4787A,1,0,0,27,0
8073427VK4787C,1,0,0,23,0
8179738VK4787G,1,0,0,7,0
6074303VK4767C,1,0,0,13,0
6074706VK4767C,1,0,0,4,0
6074732VK4767C,1,0,0,2,0
6074730VK4767C,1,0,0,2,0
6171509VK4767A,1,0,0,31,0
6171501VK4767A,1,0,0,22,0
6171523VK4767A,1,0,0,25,0
6171520VK4767A,1,0,0,24,0
6171535VK4767A,1,0,0,27,0
6371902VK4767A,1,0,0,4,0
6371903VK4767A,1,0,0,5,0
6472826VK4767A,1,0,0,19,0
6571101VK4767B,1,0,0,6,0
6571104VK4767B,1,0,0,6,0
6571105VK4767B,1,0,0,6,0
6571110VK4767B,1,0,0,23,0
6671421VK4767B,1,0,0,2,0
6076804VK4767E,1,0,0,26,0
6269301VK4766G,0,0,1,0,97
6370146VK4767A,1,0,0,21,0
6370148VK4767A,1,0,0,21,0
6370501VK4767A,1,0,0,10,0
6875116VK4767F,1,0,0,104,0
6074339VK4767C,1,0,0,7,0
6571115VK4767B,1,0,0,23,0
6571120VK4767B,1,0,0,35,0
6176204VK4767E,1,0,0,2,0
6573329VK4767D,1,0,0,2,0
6571133VK4767B,1,0,0,23,0
6370136VK4767A,1,0,0,22,0
6573306VK4767D,1,0,0,2,0
6573310VK4767D,1,0,0,2,0
6373533VK4767C,1,0,0,6,0
6474628VK4767C,1,0,0,4,0
6472403VK4767C,1,0,0,23,0
6372218VK4767A,1,0,0,2,0
6372224VK4767A,1,0,0,2,0
6075510VK4767E,1,0,0,8,0
6075513VK4767E,1,0,0,8,0
6171514VK4767A,1,0,0,39,0
6370519VK4767A,1,0,0,15,0
6177711VK4767E,1,0,0,1,0
6177722VK4767E,1,0,0,1,0
6177723VK4767E,1,0,0,1,0
6175412VK4767E,1,0,0,21,0
6176206VK4767E,1,0,0,11,0
6177708VK4767E,1,0,0,5,0
6377830VK4767E,1,0,0,11,0
6377823VK4767E,1,0,0,8,0
6377812VK4767E,1,0,0,3,0
6377813VK4767E,1,0,0,3,0
6377815VK4767E,1,0,0,3,0
6474611VK4767C,1,0,0,4,0
6474606VK4767C,1,0,0,4,0
6474618VK4767C,1,0,0,4,0
6373515VK4767C,1,0,0,6,0
6573318VK4767D,1,0,0,2,0
6371930VK4767A,1,0,0,5,0
6371931VK4767A,1,0,0,5,0
6074731VK4767C,1,0,0,2,0
7679109VK4777H,1,0,0,20,0
7679106VK4777H,1,0,0,20,0
6373525VK4767C,1,0,0,6,0
6370147VK4767A,1,0,0,21,0
6172120VK4767A,1,0,0,19,0
6074707VK4767C,1,0,0,4,0
6171529VK4767A,1,0,0,17,0
9889207VK4798H,1,0,0,17,0
9987124VK4798F,1,0,0,27,0
9889216VK4798H,1,0,0,27,0
0592436VK5709D,1,0,0,21,0
0592439VK5709D,1,0,0,17,0
9790683VK4799B,1,0,0,30,0
0291941VK5709A,1,0,0,19,0
1109107VK5810G,1,0,0,37,0
1306112VK5810E,1,0,0,75,0
0810845VK5800H,1,0,0,18,0
0806202VK5800F,1,0,0,280,0
0904405VK5800D,1,0,0,44,0
1110904VK5811A,1,0,0,818,0
1110907VK5811A,1,0,0,1932,0
9605533VK4890F,1,0,0,21,0
9504646VK4890D,1,0,0,6,0
9508106VK4890G,1,0,0,1,0
9805213VK4890F,1,0,0,9,0
9804406VK4890D,1,0,0,8,0
9705107VK4890D,1,0,0,33,0
9705122VK4890D,1,0,0,3,0
9708906VK4890H,1,0,0,20,0
9708201VK4890H,1,0,0,21,0
9803734VK4890D,0,0,1,0,86
9407512VK4890G,1,0,0,12,0
0705309VK5800F,1,0,0,390,0
9508128VK4890G,1,0,0,28,0
9504602VK4890D,1,0,0,14,0
9608729VK4890H,1,0,0,1,0
9803512VK4890D,1,0,0,2,0
98037D9VK4890D,1,0,0,1,0
98037E0VK4890D,1,0,0,1,0
9706207VK4890F,1,0,0,1,0
9804423VK4890D,1,0,0,3,0
9803538VK4890D,1,0,0,13,0
9608723VK4890H,1,0,0,15,0
9608722VK4890H,1,0,0,15,0
9407448VK4890E,1,0,0,11,0
9803784VK4890D,1,0,0,18,0
9805236VK4890F,1,0,0,15,0
9803794VK4890D,1,0,0,1,0
0194406VK5709C,1,0,0,22,0
0296903VK5709E,1,0,0,21,0
0598304VK5709H,1,0,0,17,0
0197701VK5709E,1,0,0,5,0
0299705VK5709G,1,0,0,24,0
0399607VK5709G,1,0,0,21,0
0298106VK5709G,1,0,0,13,0
0298107VK5709G,1,0,0,21,0
0198508VK5709G,1,0,0,30,0
9800619VK4890B,1,0,0,2,0
9800603VK4890B,1,0,0,2,0
9800608VK4890B,1,0,0,9,0
9999424VK4799H,1,0,0,3,0
9999421VK4799H,1,0,0,3,0
9999410VK4799H,1,0,0,1,0
0196807VK5709E,1,0,0,18,0
0195510VK5709E,1,0,0,37,0
0096813VK5709E,1,0,0,1,0
0199212VK5709G,4,0,0,48,0
0598614VK5709H,1,0,0,20,0
0199808VK5709G,1,0,0,18,0
0199810VK5709G,1,0,0,18,0
0198207VK5709G,1,0,0,24,0
0498711VK5709G,1,0,0,5,0
7329405VK4872G,0,0,1,0,8007
9620823VK3792B,0,0,1,0,61
9621116VK3792B,1,0,0,95,0
9718708VK3791H,1,0,0,137,0
9718725VK3791H,1,0,0,299,0
9918908VK3791H,1,0,0,87,0
8415815VK3781E,1,0,0,5,0
8415915VK3781E,1,0,0,21,0
8716224VK3781F,1,0,0,45,0
8314610VK3781C,1,0,0,22,0
8314616VK3781C,1,0,0,18,0
8616908VK3781F,1,0,0,301,0
8920606VK3782B,1,0,0,140,0
9113507VK3791C,1,0,0,36,0
8916103VK3781F,1,0,0,28,0
8716202VK3781F,1,0,0,109,0
8716223VK3781F,1,0,0,152,0
8619706VK3781H,1,0,0,133,0
8219516VK3781G,1,0,0,36,0
8628609VK3782H,0,0,1,0,103
8221411VK3782A,1,0,0,7,0
8719507VK3781H,1,0,0,172,0
7718802VK3771H,1,0,0,180,0
8221434VK3782A,1,0,0,24,0
8518129VK3781H,1,0,0,80,0
8519921VK3781H,1,0,0,205,0
8015806VK3781E,1,0,0,313,0
8921605VK3782B,1,0,0,74,0
7521117VK3772B,1,0,0,164,0
7713712VK3771D,1,0,0,70,0
7116623VK3771E,1,0,0,156,0
6708509VK3760H,1,0,0,32,0
7012502VK3771C,1,0,0,187,0
6708601VK3760H,1,0,0,42,0
6903225VK3760D,1,0,0,23,0
6903232VK3760D,1,0,0,46,0
6903234VK3760D,1,0,0,25,0
6903235VK3760D,1,0,0,27,0
6500607VK3760B,1,0,0,38,0
6500615VK3760B,1,0,0,290,0
6903238VK3760D,1,0,0,58,0
6500617VK3760B,1,0,0,20,0
7202206VK3770C,1,0,0,3,0
7202212VK3770C,1,0,0,3,0
7005603VK3770E,1,0,0,57,0
8009408VK3780G,1,0,0,11,0
6700703VK3760B,1,0,0,127,0
6701206VK3760B,1,0,0,35,0
8006348VK3780E,1,0,0,153,0
6390538VK3669A,1,0,0,433,0
5595512VK3659F,1,0,0,41,0
5689469VK3658H,1,0,0,40,0
6594822VK3669D,1,0,0,116,0
5689411VK3658H,1,0,0,46,0
8509301VK3780H,0,0,1,0,508
8205202VK3780E,1,0,0,22,0
8206405VK3780E,1,0,0,487,0
8609160VK3780H,1,0,0,18,0
0811807VK4701B,1,0,0,48,0
0610806VK4701B,1,0,0,52,0
0610810VK4701B,1,0,0,103,0
0208913VK4700G,0,0,1,0,52
0408205VK4700G,1,0,0,42,0
9710408VK3791B,1,0,0,1071,0
9710716VK3791B,1,0,0,67,0
0511220VK4701B,0,0,1,0,16
0612901VK4701B,1,0,0,171,0
0211719VK4701A,1,0,0,174,0
0411223VK4701A,1,0,0,214,0
0311712VK4701A,1,0,0,201,0
0110507VK4701A,1,0,0,146,0
0110508VK4701A,1,0,0,139,0
0110511VK4701A,1,0,0,20,0
9406711VK3790E,1,0,0,146,0
9606709VK3790F,1,0,0,98,0
9404322VK3790C,1,0,0,50,0
9708520VK3790H,1,0,0,49,0
9708523VK3790H,1,0,0,101,0
0009501VK4700G,1,0,0,127,0
0106628VK4700E,1,0,0,36,0
9708412VK3790H,1,0,0,75,0
0108619VK4700G,1,0,0,183,0
0108903VK4700G,1,0,0,41,0
9907510VK3790H,1,0,0,102,0
9708404VK3790H,1,0,0,120,0
9909611VK3790H,1,0,0,57,0
2704102VK4720D,10,0,0,20,0
2704108VK4720D,10,0,0,20,0
2503802VK4720D,10,0,0,20,0
3501328VK4730B,1,0,0,6,0
3995530VK4639F,1,0,0,11,0
3995556VK4639F,1,0,0,8,0
3899363VK4639H,1,0,0,7,0
3997705VK4639F,1,0,0,3,0
3997719VK4639F,1,0,0,3,0
3995528VK4639F,1,0,0,2,0
3995532VK4639F,1,0,0,2,0
3102980VK4730A,1,0,0,28,0
3997712VK4639F,1,0,0,3,0
3995504VK4639F,1,0,0,10,0
3995509VK4639F,1,0,0,10,0
3995557VK4639F,1,0,0,14,0
4093409VK4649C,5,0,0,35,0
3402231VK4730C,1,0,0,4,0
2503803VK4720D,10,0,0,20,0
3899326VK4639H,1,0,0,7,0
3899378VK4639H,1,0,0,7,0
3501372VK4730B,1,0,0,9,0
2503840VK4720D,10,0,0,20,0
2503838VK4720D,10,0,0,20,0
3899385VK4639H,1,0,0,9,0
28035C2VK4720D,1,0,0,25,0
3770976VK4730B,1,0,0,10,0
37709B8VK4730B,1,0,0,5,0
37709C4VK4730B,1,0,0,8,0
37709C5VK4730B,1,0,0,8,0
3999726VK4639H,1,0,0,8,0
3999722VK4639H,1,0,0,8,0
3501810VK4730B,1,0,0,4,0
3501825VK4730B,1,0,0,3,0
3009908VK4730G,1,0,0,89,0
3770995VK4730B,1,0,0,8,0
3699521VK4639H,1,0,0,7,0
3501862VK4730B,1,0,0,6,0
3600143VK4730B,1,0,0,6,0
28035F4VK4720D,1,0,0,4,0
3107808VK4730E,1,0,0,94,0
2902980VK4720D,1,0,0,7,0
2906517VK4720F,1,0,0,51,0
3600191VK4730B,1,0,0,8,0
3600183VK4730B,1,0,0,10,0
4294213VK4649C,1,0,0,10,0
4294220VK4649C,1,0,0,9,0
30015E5VK4730A,1,0,0,4,0
30015A5VK4730A,1,0,0,8,0
3699913VK4639H,1,0,0,7,0
4293513VK4649C,1,0,0,10,0
4293515VK4649C,1,0,0,10,0
4293516VK4649C,1,0,0,23,0
4293517VK4649C,1,0,0,8,0
4293550VK4649C,1,0,0,2,0
4293538VK4649C,1,0,0,2,0
3001509VK4730A,1,0,0,4,0
3001525VK4730A,1,0,0,21,0
3005515VK4730E,1,0,0,61,0
4093132VK4649C,1,0,0,7,0
4093135VK4649C,1,0,0,7,0
4093136VK4649C,1,0,0,7,0
3001585VK4730A,1,0,0,8,0
3105804VK4730E,1,0,0,108,0
3105809VK4730E,1,0,0,90,0
4294210VK4649C,1,0,0,10,0
4293508VK4649C,1,0,0,2,0
3501843VK4730B,1,0,0,10,0
3501838VK4730B,1,0,0,6,0
28035J6VK4720D,1,0,0,7,0
4093148VK4649C,1,0,0,7,0
3770979VK4730B,1,0,0,8,0
3322112VK4732A,1,0,0,53,0
3521807VK4732B,1,0,0,98,0
3719511VK4731H,1,0,0,125,0
3210712VK4731A,1,0,0,123,0
3309108VK4730G,1,0,0,144,0
3617920VK4731H,1,0,0,39,0
3408308VK4730G,1,0,0,20,0
3312209VK4731A,1,0,0,198,0
3611312VK4731B,1,0,0,5,0
3115219VK4731E,1,0,0,94,0
3322904VK4732A,1,0,0,55,0
3119406VK4731G,1,0,0,252,0
3119409VK4731G,1,0,0,27,0
3215910VK4731E,1,0,0,60,0
3314512VK4731C,1,0,0,51,0
3318828VK4731G,1,0,0,54,0
3118919VK4731G,1,0,0,326,0
3422906VK4732A,1,0,0,56,0
3919103VK4731H,1,0,0,50,0
3816912VK4731F,1,0,0,59,0
4112635VK4741A,1,0,0,11,0
5013606VK4751C,1,0,0,225,0
4711611VK4741B,1,0,0,110,0
4911407VK4741B,1,0,0,106,0
5013414VK4751C,1,0,0,70,0
3723701VK4732D,0,0,1,0,278
4123314VK4742C,1,0,0,56,0
4119941VK4741G,1,0,0,105,0
4118707VK4741G,1,0,0,147,0
3729602VK4732H,1,0,0,420,0
3523209VK4732D,1,0,0,105,0
3725405VK4732F,0,1,0,0,0
3727207VK4732F,1,0,0,214,0
3728803VK4732H,1,0,0,108,0
1462932VK4616B,0,0,12,0,624
0244805VK4704C,0,1,0,25,0
1251103VK4715A,1,0,0,588,0
9236506VK3793E,2,0,0,74,0
9840401VK3794B,0,0,1,0,1608
9841901VK3794B,0,0,1,0,330
9540604VK3794B,1,0,0,145,0
9845904VK3794F,0,1,0,134,0
9849410VK3794H,1,0,0,210,0
9637408VK3793H,1,0,0,24,0
0040103VK4704A,1,0,0,390,0
0041301VK4704A,1,0,0,77,0
0049806VK4704G,1,0,0,57,0
9738101VK3793H,0,0,1,0,71
9942602VK3794D,1,0,0,639,0
9943404VK3794D,1,0,0,362,0
9740709VK3794B,1,0,0,1944,0
9947609VK3794F,1,0,0,480,0
9835609VK3793F,1,0,0,87,0
0534911VK4703D,1,0,0,17,0
0536402VK4703F,1,0,0,208,0
0039707VK4703G,1,0,0,78,0
9934304VK3793D,1,0,0,110,0
0037102VK4703E,1,0,0,187,0
9935902VK3793F,1,0,0,58,0
0436327VK4703E,1,0,0,246,0
0737204VK4803E,1,0,0,5,0
9936411VK3793F,1,0,0,156,0
0437502VK4703G,0,0,1,0,10
0437507VK4703G,1,0,0,74,0
0738106VK4703H,1,0,0,107,0
0439201VK4703G,1,0,0,136,0
0738608VK4703H,1,0,0,115,0
0935417VK4703F,1,0,0,111,0
0633620VK4703D,1,0,0,127,0
0635506VK4703F,0,0,1,0,75
0636412VK4703F,1,0,0,257,0
0638115VK4703H,1,0,0,375,0
0737214VK4803E,1,0,0,4,0
0435602VK4703E,0,0,5,0,107
0436330VK4703E,1,0,0,89,0
0641406VK4704B,1,0,0,114,0
1038912VK4713G,2,0,0,62,0
1038916VK4713G,1,0,0,764,0
1040321VK4714A,1,0,0,144,0
0840108VK4704B,1,0,0,285,0
0841620VK4704B,1,0,0,259,0
0841704VK4704B,1,0,0,200,0
0542512VK4704D,1,0,0,319,0
1138308VK4713G,1,0,0,27,0
0742710VK4704B,1,0,0,124,0
0745710VK4704F,0,0,1,0,52
1139207VK4713G,1,0,0,380,0
1140801VK4714A,1,0,0,140,0
1045805VK4714E,1,0,0,790,0
1350214VK4715A,1,0,0,45,0
0953013VK4705B,1,0,0,84,0
0954004VK4705D,1,0,0,85,0
0648602VK4704H,1,0,0,2658,0
0657007VK4705F,1,0,0,269,0
0848902VK4704H,1,0,0,270,0
0849813VK4704H,1,0,0,372,0
0854822VK4705D,1,0,0,684,0
1150902VK4715A,1,0,0,72,0
0751310VK4705B,1,0,0,71,0
0948105VK4704H,1,0,0,162,0
0948306VK4704H,1,0,0,43,0
0752505VK4705D,0,0,1,0,61
9755106VK3795F,1,0,0,559,0
9757805VK3795F,1,0,0,858,0
0454714VK4705D,1,0,0,181,0
0153603VK4705C,1,0,0,65,0
0153604VK4705C,1,0,0,27,0
0350222VK4705A,1,0,0,2983,0
0157601VK4705E,1,0,0,23,0
9858506VK3795H,1,0,0,10,0
9654502VK3795F,1,0,0,539,0
9654508VK3795D,1,0,0,362,0
0050309VK4705A,1,0,0,604,0
0054405VK4705C,1,0,0,119,0
0249407VK4704G,1,0,0,180,0
9753205VK3795D,2,0,0,110,0
0356902VK4705E,1,0,0,28,0
0043103VK4704C,1,0,0,194,0
0241504VK4704A,1,0,0,1056,0
0443501VK4704C,1,0,0,179,0
0443502VK4704C,0,1,0,72,0
0443716VK4704C,1,0,0,315,0
0446102VK4704E,1,0,0,925,0
0141211VK4704A,1,0,0,284,0
0142208VK4704A,1,0,0,57,0
0143517VK4704C,1,0,0,76,0
0045103VK4704E,0,0,21,0,2504
9038308VK3793G,1,0,0,1383,0
9531112VK3793B,1,0,0,308,0
0331601VK4703A,0,0,1,0,83
0428611VK4702G,1,0,0,77,0
0530203VK4703B,1,0,0,298,0
0920830VK4702B,0,0,1,0,178
1210508VK4711A,1,0,0,22,0
1711101VK4711B,1,0,0,24,0
1117628VK4711E,1,0,0,171,0
1126107VK4712E,1,0,0,387,0
1332809VK4713A,1,0,0,258,0
1527804VK4712F,1,0,0,120,0
1131609VK4713A,1,0,0,124,0
2231208VK4723A,1,0,0,52,0
2332609VK4723A,1,0,0,19,0
2932918VK4723D,1,0,0,309,0
2731412VK4723B,0,0,1,0,511
3328303VK4732G,1,0,0,73,0
3129206VK4732G,1,0,0,492,0
3337201VK4733E,1,0,0,4,0
3347618VK4734G,1,0,0,35,0
3434201VK4733C,1,0,0,14190,0
2945824VK4724F,1,0,0,246,0
2546414VK4724F,1,0,0,195,0
2643401VK4724D,1,0,0,18,0
2649706VK4724H,1,0,0,280,0
1446406VK4714E,1,0,0,430,0
3034111VK4733C,1,0,0,10,0
3037904VK4733G,1,0,0,24,0
2736204VK4723F,1,0,0,44,0
2352411VK4725C,1,0,0,536,0
2152313VK4725C,1,0,0,1014,0
2154909VK4725C,1,0,0,714,0
1748411VK4714H,1,0,0,142,0
1756103VK4715F,1,0,0,2490,0
1756108VK4715F,1,0,0,717,0
1756110VK4715F,1,0,0,1099,0
2455606VK4725E,0,0,12,0,696
3256508VK4735E,1,0,0,159,0
2552505VK4725D,2,0,0,46,0
3355026VK4735E,1,0,0,70,0
3055320VK4735E,1,0,0,75,0
2754107VK4725D,1,0,0,433,0
2755907VK4725F,1,0,0,133,0
3953801VK4735D,1,0,0,9,0
3953802VK4735D,1,0,0,23,0
3953803VK4735D,1,0,0,32,0
3749918VK4734H,1,0,0,26,0
3550622VK4735B,1,0,0,10,0
3553602VK4735D,1,0,0,94,0
3655202VK4735F,1,0,0,236,0
3449906VK4734G,1,0,0,25,0
3951403VK4735B,1,0,0,15,0
3951410VK4735B,1,0,0,7,0
3667207VK4736F,1,0,0,90,0
3464308VK4736C,1,0,0,148,0
3164207VK4736C,1,0,0,298,0
3360705VK4736A,1,0,0,41,0
3065403VK4736E,1,0,0,636,0
3865601VK4736F,1,0,0,4,0
3367804VK4736E,1,0,0,77,0
3367812VK4736E,1,0,0,252,0
3763530VK4736D,1,0,0,65,0
2961105VK4726B,1,0,0,379,0
2962206VK4726B,1,0,0,251,0
3058120VK4735G,1,0,0,113,0
3059910VK4735G,1,0,0,352,0
2661801VK4726B,1,0,0,1962,0
2666714VK4726F,1,0,0,129,0
2362304VK4726C,1,0,0,210,0
2064106VK4726C,1,0,0,171,0
2160701VK4726A,1,0,0,33,0
1876905VK4717F,1,0,0,42,0
1877603VK4717H,1,0,0,24,0
1879102VK4717H,1,0,0,82,0
2178105VK4727G,1,0,0,47,0
2376901VK4727E,1,0,0,9,0
2179601VK4727G,1,0,0,3,0
2181612VK4728A,1,0,0,16,0
2379233VK4727G,1,0,0,20,0
2380106VK4728A,1,0,0,7,0
2380108VK4728A,1,0,0,8,0
2380112VK4728A,1,0,0,10,0
2380402VK4728A,1,0,0,27,0
2182913VK4728C,1,0,0,46,0
2182918VK4728A,1,0,0,51,0
1978101VK4717H,1,0,0,39,0
1980203VK4718B,1,0,0,12,0
2467401VK4726G,2,0,0,30,0
2278914VK4727G,1,0,0,4,0
1575705VK4717F,1,0,0,16,0
1668207VK4716H,2,0,0,14,0
2279306VK4727G,1,0,0,10,0
2476706VK4727E,1,0,0,27,0
1678708VK4717H,1,0,0,11,0
2071408VK4727A,1,0,0,15,0
1771108VK4717B,1,0,0,21,0
1775712VK4717F,1,0,0,23,0
2082606VK4728A,1,0,0,33,0
1869809VK4616H,1,0,0,15,0
1869812VK4716H,1,0,0,7,0
1876803VK4717F,1,0,0,18,0
1676603VK4717F,2,0,0,40,0
2182910VK4728C,1,0,0,268,0
1970621VK4717B,1,0,0,42,0
2474421VK4727C,1,0,0,215,0
3976202VK4737F,1,0,0,58,0
3977301VK4737H,1,0,0,34,0
3579202VK4737H,0,1,0,97,0
3680101VK4738B,1,0,0,24,0
3475605VK4737E,0,2,0,328,0
3878310VK4737H,1,0,0,313,0
3081121VK4738A,1,0,0,25,0
3581603VK4738B,1,0,0,16,0
3581617VK4738B,1,0,0,38,0
3381902VK4738A,0,1,0,52,0
2975409VK4727F,1,0,0,540,0
3381955VK4738A,1,0,0,3,0
3182636VK4738C,1,0,0,10,0
3077601VK4737G,1,0,0,313,0
3081126VK4738A,1,0,0,13,0
3588122VK4738G,1,0,0,1,0
2689513VK4728H,0,1,0,0,0
2287305VK4728G,3,0,0,85,0
2287307VK4728G,1,0,0,26,0
3083501VK4738C,1,0,0,32,0
3585318VK4738F,1,0,0,21,0
3585321VK4738F,1,0,0,17,0
3585401VK4738F,1,0,0,19,0
3588716VK4738H,1,0,0,18,0
3687911VK4738F,1,0,0,3,0
3687921VK4738F,1,0,0,1,0
3688714VK4738H,1,0,0,3,0
3689403VK4738H,1,0,0,11,0
3690315VK4739B,1,0,0,4,0
3184525VK4738C,1,0,0,12,0
3184532VK4738C,1,0,0,6,0
3184709VK4738C,1,0,0,13,0
3485303VK4738E,1,0,0,12,0
3486208VK4738E,1,0,0,43,0
3789320VK4738H,1,0,0,9,0
3488107VK3738G,1,0,0,14,0
3689427VK4738H,1,0,0,5,0
3789330VK4738H,1,0,0,19,0
2089525VK4728G,1,0,0,21,0
2089530VK4728G,1,0,0,17,0
2089511VK4728G,1,0,0,10,0
2595422VK4729F,1,0,0,13,0
2997104VK4729F,1,0,0,71,0
2997110VK4729F,1,0,0,14,0
2293123VK4729C,1,0,0,10,0
2299771VK4729G,1,0,0,12,0
2493909VK4729C,2,0,0,26,0
2098312VK4729G,1,0,0,42,0
3097701VK4739G,1,0,0,65,0
3097740VK4739E,1,0,0,42,0
3098907VK4739G,1,0,0,19,0
3098914VK4739G,1,0,0,20,0
3098915VK4739G,1,0,0,24,0
2899312VK4729H,1,0,0,20,0
3394704VK3739C,1,0,0,16,0
2795907VK4729F,1,0,0,12,0
3196412VK4739E,1,0,0,33,0
3197908VK4739E,1,0,0,2,0
2797506VK4729H,1,0,0,83,0
3298919VK4739G,1,0,0,13,0
2201517VK4820A,1,0,0,21,0
2201519VK4820A,1,0,0,20,0
2005207VK4820E,1,0,0,1116,0
2503910VK4820A,1,0,0,18,0
2303306VK4820C,1,0,0,7,0
0483102VK4708C,1,0,0,506,0
0187805VK4708E,1,0,0,166,0
0281326VK4708A,1,0,0,50,0
0381306VK4708A,1,0,0,16,0
0481313VK4708A,1,0,0,321,0
0181803VK4708A,1,0,0,106,0
0185917VK4708E,1,0,0,6,0
0380213VK4708A,1,0,0,160,0
0284605VK4708C,1,0,0,115,0
0083403VK4708C,1,0,0,31,0
0083504VK4708C,1,0,0,49,0
0087976VK4708E,1,0,0,4,0
0784507VK4708D,1,0,0,185,0
0783305VK4708D,1,0,0,70,0
0581413VK4708B,1,0,0,26,0
0681626VK4708B,1,0,0,158,0
0580211VK4708B,1,0,0,423,0
0679510VK4707H,4,0,0,87,0
0879408VK4707H,1,0,0,31,0
0786512VK4708F,1,0,0,106,0
0779109VK4707H,1,0,0,187,0
1297910VK4719E,1,0,0,176,0
1196523VK4719E,1,0,0,99,0
1093303VK4719C,1,0,0,166,0
1093403VK4719C,1,0,0,159,0
0790505VK4709B,1,0,0,122,0
0790904VK4709B,1,0,0,66,0
1599206VK4719H,1,0,0,681,0
1402302VK4810C,0,0,1,0,64
1205807VK4810E,1,0,0,40,0
0502426VK4800D,1,0,0,252,0
1099408VK4719G,1,0,0,4,0
0503504VK3800D,1,0,0,31,0
0802202VK3800D,1,0,0,22,0
0802217VK3800D,1,0,0,22,0
0399917VK4709G,0,1,0,281,0
0499215VK4709G,1,0,0,99,0
0901102VK4800B,1,0,0,155,0
0398905VK4709G,0,0,5,0,100
0599807VK5709H,1,0,0,4,0
0894305VK4709D,1,0,0,69,0
0895606VK4709F,1,0,0,71,0
0597311VK4709H,1,0,0,53,0
0494116VK4709C,1,0,0,75,0
0494117VK4709C,1,0,0,73,0
0593312VK4709D,0,1,0,0,0
9990204VK3799B,1,0,0,44,0
0693108VK4709D,1,0,0,40,0
0091414VK4709A,1,0,0,88,0
0793603VK4709D,1,0,0,116,0
0792213VK4709D,1,0,0,126,0
0192607VK4709C,1,0,0,35,0
0190609VK4709A,1,0,0,246,0
0293209VK4709C,0,0,1,0,89
0488602VK4708H,1,0,0,118,0
0487312VK4708G,1,0,0,350,0
9989510VK3798H,1,0,0,49,0
9560916VK3796B,1,0,0,266,0
9564902VK3796D,1,0,0,182,0
9660812VK3796B,1,0,0,59,0
9761307VK3796B,0,1,0,95,0
9765322VK3796F,1,0,0,383,0
9365502VK3796E,1,0,0,260,0
9460414VK3796A,1,0,0,408,0
9464503VK3796E,1,0,0,47,0
0065615VK4706E,1,0,0,60,0
0265213VK4706E,1,0,0,139,0
0364101VK4706C,0,2,0,182,0
9861322VK3796B,1,0,0,101,0
9866407VK3796F,1,0,0,507,0
9961317VK3796B,1,0,0,175,0
9966404VK3796F,1,0,0,144,0
9760602VK3796B,1,0,0,33,0
9966402VK3796F,1,0,0,21,0
0560310VK4706B,1,0,0,56,0
0758103VK4705H,1,0,0,797,0
0658901VK4705H,1,0,0,305,0
0358501VK4705G,1,0,0,153,0
0361604VK4706A,1,0,0,204,0
0466911VK4706E,1,0,0,12,0
0560110VK4706B,1,0,0,153,0
0859613VK4705H,1,0,0,100,0
0658913VK4705H,1,0,0,329,0
0868113VK4706H,1,0,0,35,0
1357903VK4715G,1,0,0,127,0
1358906VK4715G,1,0,0,237,0
0966712VK4706F,0,0,1,0,42
1457408VK4715G,0,0,1,0,198
1467113VK4716E,1,0,0,80,0
1556102VK4715F,1,0,0,2537,0
1060417VK4716A,1,0,0,21,0
1563806VK4716D,1,0,0,1012,0
1165101VK4716E,1,0,0,3481,0
1165106VK4716E,1,0,0,1350,0
1257312VK4715G,1,0,0,127,0
1265414VK4716E,0,0,1,0,155
1265416VK4716E,1,0,0,24,0
0867707VK4706F,1,0,0,26,0
0773806VK4707D,1,0,0,222,0
0871504VK4707B,1,0,0,1341,0
1073112VK4717C,1,0,0,64,0
0769907VK4706H,1,0,0,52,0
1169107VK4716G,1,0,0,211,0
1170901VK4717A,1,0,0,536,0
1269707VK4716G,1,0,0,488,0
0177607VK5607G,1,0,0,4,0
9275511VK3797E,1,0,0,76,0
9275515VK3797E,1,0,0,4,0
9277907VK3797E,1,0,0,13,0
9773727VK3797D,1,0,0,24,0
9969508VK3796H,1,0,0,40,0
9274308VK3797C,1,0,0,23,0
3971521VK3847A,1,0,0,16,0
4072805VK3847A,1,0,0,12,0
4259110VK3845G,0,0,1,0,249
4259803VK3845G,1,0,0,111,0
3873518VK3837D,1,0,0,61,0
7313317VK3871C,1,0,0,51,0
7313322VK3871C,1,0,0,92,0
7011402VK3861D,1,0,0,48,0
7011423VK3871A,0,0,1,0,116
6611905VK3861B,1,0,0,56,0
6510504VK3861B,1,0,0,71,0
6810103VK3861B,1,0,0,42,0
7313319VK3871C,1,0,0,96,0
7316116VK3871E,1,0,0,32,0
6810107VK3860H,1,0,0,37,0
7315817VK3871C,1,0,0,21,0
8412308VK3881C,1,0,0,15,0
8113314VK3881C,1,0,0,15,0
8515914VK3881F,1,0,0,18,0
7813304VK3871D,1,0,0,16,0
7813303VK3871D,1,0,0,16,0
7912225VK3871D,1,0,0,22,0
7912218VK3871D,1,0,0,4,0
7912217VK3871D,1,0,0,2,0
7813105VK3871D,1,0,0,26,0
7812914VK3871D,1,0,0,101,0
8416746VK3881E,1,0,0,14,0
8416748VK3881E,1,0,0,14,0
8112216VK3881A,1,0,0,17,0
76135A1VK3871D,1,0,0,19,0
8115715VK3881E,1,0,0,39,0
8115714VK3881E,1,0,0,23,0
8509610VK3880H,1,0,0,3,0
8315912VK3881E,1,0,0,14,0
8315913VK3881E,1,0,0,17,0
8315920VK3881E,1,0,0,14,0
8315922VK3881E,1,0,0,17,0
8315923VK3881E,1,0,0,14,0
8315924VK3881E,1,0,0,17,0
8809304VK3880H,0,0,1,0,3831
8412530VK3881C,1,0,0,10,0
8412535VK3881C,1,0,0,9,0
8412533VK3881C,1,0,0,9,0
8714714VK3881D,1,0,0,38,0
7816112VK3871F,1,0,0,30,0
7816126VK3871F,1,0,0,23,0
7816142VK3871F,1,0,0,15,0
7916414VK3871F,1,0,0,51,0
8010322VK3881A,1,0,0,25,0
8010327VK3881A,1,0,0,13,0
7909504VK3870H,1,0,0,15,0
7909507VK3870H,1,0,0,15,0
7909511VK3870H,1,0,0,15,0
8213103VK3881C,1,0,0,3,0
8008409VK3880G,1,0,0,15,0
7912715VK3871S,1,0,0,13,0
8012906VK3881A,1,0,0,13,0
7712924VK3871D,1,0,0,15,0
7712902VK3871D,1,0,0,13,0
8011708VK3881A,1,0,0,24,0
8010729VK3881A,1,0,0,4,0
8010736VK3881A,1,0,0,10,0
8112609VK3881C,1,0,0,18,0
8112616VK3881C,1,0,0,31,0
8212506VK3881C,1,0,0,16,0
8111613VK3881A,1,0,0,9,0
8108405VK3880G,1,0,0,5,0
8115705VK3881E,1,0,0,1,0
8214401VK3881C,1,0,0,54,0
8214402VK3881C,1,0,0,32,0
8115605VK3881E,1,0,0,13,0
8216104VK3881E,1,0,0,19,0
8216111VK3881E,1,0,0,19,0
7909520VK3870H,1,0,0,32,0
8108418VK3880G,1,0,0,5,0
8108415VK3880G,1,0,0,5,0
8217609VK3881E,1,0,0,22,0
8217611VK3881E,1,0,0,17,0
8309414VK3880G,1,0,0,53,0
8314913VK3881S,1,0,0,19,0
8309424VK3880G,1,0,0,16,0
8411105VK3881A,1,0,0,20,0
8409219VK3880G,1,0,0,30,0
8514604VK3881D,1,0,0,12,0
8515910VK3881F,1,0,0,26,0
8417807VK3881E,1,0,0,8,0
8509204VK3880H,1,0,0,14,0
8509205VK3880H,1,0,0,34,0
8509208VK3880H,1,0,0,22,0
8509215VK3880H,1,0,0,16,0
8509218VK3880H,1,0,0,85,0
8515606VK3881F,1,0,0,19,0
8411713VK3881A,1,0,0,38,0
8513808VK3881D,1,0,0,23,0
8512713VK3881B,1,0,0,24,0
8512707VK3881B,1,0,0,32,0
8511706VK3881B,1,0,0,34,0
8511712VK3881B,1,0,0,21,0
7611910VK3771B,1,0,0,65,0
7611910VK3871B,1,0,0,39,0
7511919VK3871B,1,0,0,205,0
7511914VK3871B,1,0,0,24,0
8511717VK3881B,1,0,0,25,0
8508507VK3880H,1,0,0,16,0
8710106VK3881B,1,0,0,8,0
7610109VK3871B,1,0,0,26,0
7610114VK3871B,1,0,0,29,0
8216115VK3881E,1,0,0,12,0
8114305VK3881C,1,0,0,30,0
8113701VK3881C,20,0,0,80,0
8113305VK3881C,1,0,0,4,0
7913105VK3871D,1,0,0,22,0
8612504VK3881D,1,0,0,52,0
7820118VK3871H,1,0,0,31,0
8612710VK3881B,1,0,0,16,0
8612711VK3881B,1,0,0,21,0
8612713VK3881B,1,0,0,19,0
8711402VK3881B,1,0,0,13,0
8712403VK3881D,1,0,0,9,0
8810101VK3881B,1,0,0,10,0
8810103VK3881B,1,0,0,30,0
7818942VK3871H,1,0,0,5,0
7609505VK3871B,1,0,0,14,0
7609508VK3870H,1,0,0,33,0
7809208VK3870H,1,0,0,25,0
7810209VK3871B,1,0,0,30,0
7810223VK3871B,1,0,0,18,0
8010302VK3881A,1,0,0,18,0
7610315VK3871B,1,0,0,8,0
8010320VK3881A,1,0,0,9,0
8217601VK3881E,1,0,0,174,0
7813314VK3871D,1,0,0,37,0
7813310VK3871D,1,0,0,39,0
8709305VK3880H,6,0,0,48,0
8315909VK3881E,1,0,0,22,0
8315910VK3881E,1,0,0,18,0
8508516VK3880H,1,0,0,2,0
8317609VK3881E,1,0,0,5,0
8317610VK3881E,1,0,0,52,0
8317611VK3881E,1,0,0,35,0
8614203VK3881D,1,0,0,32,0
8710124VK3881B,1,0,0,25,0
8114304VK3881C,1,0,0,38,0
8415209VK3881E,1,0,0,14,0
8316419VK3881E,1,0,0,15,0
0010905VK3801A,1,0,0,96,0
1643166VK4814D,1,0,0,88,0
1738817VK4813F,1,0,0,8,0
1833807VK4813D,1,0,0,62,0
1945102VK4184F,0,0,1,0,9
1631808VK4813B,1,0,0,7,0
1631813VK4813B,1,0,0,19,0
1630114VK4813B,1,0,0,98,0
1643118VK4814D,1,0,0,51,0
1738808VK4814B,1,0,0,7,0
1643108VK4814D,1,0,0,60,0
1738303VK4813H,1,0,0,3,0
1738309VK4813H,1,0,0,9,0
1738103VK4813H,1,0,0,19,0
1643158VK4814D,1,0,0,119,0
1738846VK4814B,1,0,0,9,0
1643143VK4814D,1,0,0,51,0
1643139VK4814D,1,0,0,26,0
1643136VK4814D,1,0,0,39,0
1643135VK4814D,1,0,0,14,0
1924911VK4812D,0,0,1,0,58
1738822VK4813H,1,0,0,55,0
1738827VK4813H,1,0,0,32,0
1738828VK4813H,1,0,0,32,0
1441806VK4814D,1,0,0,37,0
1441807VK4814D,1,0,0,31,0
1540702VK4814B,1,0,0,4,0
1540706VK4814B,1,0,0,4,0
1441815VK4813B,1,0,0,20,0
1744610VK4814D,1,0,0,7,0
1742505VK4814D,1,0,0,99,0
1742506VK4814D,1,0,0,37,0
1840401VK4814B,1,0,0,71,0
1729621VK4812H,1,0,0,230,0
1830105VK4813B,1,0,0,48,0
1831923VK4813B,1,0,0,584,0
1832104VK4813B,1,0,0,67,0
1436506VK4813E,1,0,0,4,0
1436507VK4813E,1,0,0,4,0
1436516VK4813E,1,0,0,6,0
1436520VK4813E,1,0,0,7,0
2136927VK4813D,1,0,0,103,0
1537813VK4813F,1,0,0,10,0
1536613VK4813F,1,0,0,2,0
1529527VK4812H,1,0,0,71,0
1931923VK4813B,1,0,0,48,0
1930423VK4813B,1,0,0,97,0
1636911VK4813F,1,0,0,4,0
1636913VK4813F,1,0,0,6,0
1636702VK4831F,1,0,0,2,0
1737109VK4813F,1,0,0,17,0
1737114VK4813F,1,0,0,3,0
1737123VK4813F,1,0,0,3,0
1929528VK4813B,1,0,0,294,0
1632910VK4813D,1,0,0,40,0
1746203VK4184E,1,0,0,37,0
1844405VK4184D,1,0,0,22,0
9822209VK3892D,1,0,0,359,0
8925920VK3882F,1,0,0,10,0
8925941VK3882F,1,0,0,2,0
0237506VK4083H,1,0,0,15,0
9928215VK3892H,1,0,0,37,0
0024816VK4802C,1,0,0,39,0
0628114VK4802H,1,0,0,26,0
0426604VK4802E,1,0,0,38,0
0438511VK4083H,1,0,0,18,0
0438512VK4083H,1,0,0,18,0
0438513VK4083H,1,0,0,18,0
0438515VK4083H,1,0,0,18,0
0639701VK4083G,8,0,0,16,0
9528471VK3893A,1,0,0,22,0
9528470VK3893A,1,0,0,21,0
9023451VK3882D,1,0,0,6,0
8925910VK3882F,1,0,0,5,0
8925905VK3882F,1,0,0,5,0
0638144VK4803H,1,0,0,23,0
0738905VK4083G,1,0,0,5,0
0738906VK4083G,1,0,0,5,0
0738907VK4083G,1,0,0,5,0
7925219VK3872F,1,0,0,25,0
7925224VK3872F,1,0,0,69,0
7925225VK3872F,1,0,0,41,0
7925223VK3872F,1,0,0,20,0
0222431VK4802C,1,0,0,37,0
9022464VK3882D,1,0,0,12,0
9022445VK3882D,1,0,0,3,0
0638146VK4803H,1,0,0,11,0
0237519VK4083H,1,0,0,25,0
0239728VK4083H,1,0,0,5,0
0239713VK4083H,1,0,0,23,0
0239722VK4083H,1,0,0,21,0
0239725VK4083H,1,0,0,3,0
9823310VK3892D,1,0,0,50,0
9923909VK3892D,1,0,0,71,0
9621304VK3892B,1,0,0,62,0
9621305VK3892B,1,0,0,36,0
9621334VK3892B,1,0,0,82,0
9721601VK3892B,1,0,0,53,0
9721602VK3892B,1,0,0,26,0
9921214VK3892B,1,0,0,40,0
9921228VK3892B,1,0,0,46,0
0330843VK4803A,1,0,0,29,0
0330849VK4803A,1,0,0,21,0
0130308VK4803A,1,0,0,50,0
0130305VK4803A,1,0,0,51,0
0028701VK4802G,1,0,0,15,0
0028702VK4802G,1,0,0,58,0
0028703VK4802G,1,0,0,52,0
8525631VK3882C,1,0,0,29,0
8825717VK3882F,1,0,0,5,0
8925602VK3882F,1,0,0,13,0
0429830VK4802G,1,0,0,2,0
0429809VK4802G,1,0,0,42,0
0429822VK4802G,1,0,0,22,0
0429826VK4802G,1,0,0,22,0
0628103VK4802H,1,0,0,42,0
0628118VK4802H,1,0,0,41,0
8925610VK3782F,1,0,0,62,0
8925614VK3882F,1,0,0,4,0
8925616VK3882F,1,0,0,5,0
8925618VK3882F,1,0,0,2,0
8925646VK3882F,1,0,0,5,0
8925648VK3882F,1,0,0,5,0
8925655VK3882F,1,0,0,4,0
8925661VK3882F,1,0,0,2,0
0727110VK4802F,1,0,0,12,0
0727115VK4802F,1,0,0,308,0
0726101VK4802F,1,0,0,52,0
0726105VK4802F,1,0,0,32,0
0527913VK4802F,1,0,0,34,0
9023441VK3882D,1,0,0,2,0
9925923VK3892D,1,0,0,43,0
0426613VK4802E,1,0,0,218,0
0426629VK4802E,1,0,0,46,0
0426635VK4802E,1,0,0,20,0
0426637VK4802E,1,0,0,18,0
0426641VK4802E,1,0,0,49,0
9023402VK3882D,1,0,0,8,0
9528485VK3892G,1,0,0,19,0
0726103VK4802F,1,0,0,65,0
0525706VK4802F,1,0,0,18,0
0525714VK4802D,1,0,0,32,0
0525718VK4802D,1,0,0,69,0
0424205VK4802E,1,0,0,34,0
0424222VK4802C,1,0,0,29,0
0227609VK4802E,1,0,0,27,0
8524931VK3882C,1,0,0,10,0
8524989VK3882C,1,0,0,14,0
0227621VK4802E,1,0,0,64,0
0127806VK4802E,1,0,0,33,0
9928209VK3892H,1,0,0,51,0
9928216VK3892H,1,0,0,34,0
0027105VK4802E,1,0,0,40,0
0125403VK4802E,1,0,0,22,0
0125434VK4802E,1,0,0,19,0
0224304VK4802E,1,0,0,32,0
8922717VK3892A,1,0,0,2,0
8922732VK3892A,1,0,0,8,0
0224322VK4802C,1,0,0,26,0
8623763VK3882D,1,0,0,2,0
8623760VK3882D,1,0,0,2,0
9827129VK3892F,1,0,0,54,0
9925913VK3892F,1,0,0,51,0
8623707VK3882D,1,0,0,13,0
8623705VK3882D,1,0,0,2,0
9925926VK3892F,1,0,0,51,0
0222404VK4802C,1,0,0,28,0
0222406VK4802C,1,0,0,42,0
0222412VK4802C,1,0,0,49,0
0222414VK4802C,1,0,0,21,0
9626206VK3892F,1,0,0,51,0
9626212VK3892F,1,0,0,181,0
9626213VK3892F,1,0,0,72,0
9626223VK3892F,1,0,0,19,0
9626201VK3892F,1,0,0,28,0
0027117VK4802G,1,0,0,48,0
0638145VK4803H,1,0,0,20,0
9928219VK3892H,1,0,0,37,0
0637609VK4803H,1,0,0,16,0
0637610VK4803H,1,0,0,6,0
9528494VK3892G,1,0,0,3,0
0237509VK4083H,1,0,0,15,0
0237514VK4083H,1,0,0,15,0
9822222VK3892D,1,0,0,43,0
0736218VK4083E,1,0,0,17,0
0736220VK4083E,1,0,0,14,0
0736233VK4083E,1,0,0,24,0
0736234VK4083E,1,0,0,14,0
8925665VK3882F,1,0,0,2,0
9822208VK3892D,2,0,0,142,0
0239745VK4083H,1,0,0,1,0
0239748VK4083H,1,0,0,1,0
0239751VK4083H,1,0,0,1,0
1651119VK4185A,1,0,0,22,0
1651111VK4185A,1,0,0,43,0
1651125VK4185A,1,0,0,36,0
1651130VK4185A,1,0,0,32,0
1651133VK4185A,1,0,0,23,0
1651146VK4185A,1,0,0,26,0
1450207VK4815A,1,0,0,5,0
1851716VK4185B,1,0,0,12,0
1851720VK4185B,1,0,0,12,0
1851722VK4185B,1,0,0,12,0
1851725VK4185B,1,0,0,12,0
1851754VK4185B,1,0,0,12,0
1851764VK4185B,1,0,0,12,0
0097807VK4809E,1,0,0,2,0
1853924VK4815D,1,0,0,33,0
1853945VK4815D,1,0,0,24,0
1853950VK4815D,1,0,0,24,0
1853906VK4815D,1,0,0,232,0
1853952VK4815D,1,0,0,35,0
1853954VK4815D,1,0,0,33,0
1853957VK4815D,1,0,0,33,0
1853961VK4815D,1,0,0,35,0
1853963VK4815D,1,0,0,35,0
1853964VK4815D,1,0,0,35,0
1853967VK4815D,1,0,0,15,0
1853971VK4815D,1,0,0,15,0
1853980VK4815D,1,0,0,15,0
1853982VK4815D,1,0,0,15,0
1853990VK4815D,1,0,0,15,0
7659602VK3775H,1,0,0,3,0
7759808VK3775H,1,0,0,3,0
7759802VK3775H,1,0,0,10,0
7757901VK3775H,1,0,0,4,0
7956414VK3775F,1,0,0,148,0
7758504VK3775H,1,0,0,5,0
9061610VK3796A,1,0,0,61,0
9160703VK3796A,1,0,0,203,0
9057307VK3795G,1,0,0,316,0
8699419VK3789H,1,0,0,1,0
8601205VK3880B,1,0,0,4,0
8699450VK3789H,1,0,0,9,0
8601206VK3880B,1,0,0,20,0
7803855VK3870D,1,0,0,65,0
8699461VK3789H,1,0,0,24,0
6806223VK3860F,1,0,0,55,0
8699458VK3789H,1,0,0,12,0
8695385VK3789F,1,0,0,22,0
8695386VK3789F,1,0,0,20,0
8103431VK3880C,1,0,0,72,0
8601221VK3880B,1,0,0,37,0
8601224VK3880B,1,0,0,34,0
8699453VK3789H,1,0,0,12,0
8699454VK3789H,1,0,0,12,0
8501203VK3880B,2,0,0,25,0
8799221VK3789H,1,0,0,21,0
9880911VK3798B,2,0,0,370,0
8796321VK3789F,1,0,0,23,0
8394711VK3789C,1,0,0,52,0
8394703VK3789C,1,0,0,30,0
8394704VK3789C,1,0,0,75,0
8394708VK3789C,1,0,0,82,0
8397603VK3789G,1,0,0,272,0
8297402VK3789G,1,0,0,63,0
8297409VK3789G,1,0,0,71,0
8695319VK3789F,1,0,0,2,0
8695324VK3789F,1,0,0,2,0
8695340VK3789F,1,0,0,2,0
8695346VK3789F,1,0,0,2,0
8795714VK3789F,1,0,0,29,0
8795730VK3789F,1,0,0,10,0
8595309VK3789F,1,0,0,45,0
8695302VK3789F,1,0,0,130,0
8695315VK3789F,1,0,0,7,0
8894402VK3789D,1,0,0,20,0
8595318VK3789F,1,0,0,42,0
8595330VK3789F,1,0,0,13,0
8501204VK3880B,1,0,0,8,0
8103414VK3880C,1,0,0,9,0
7398113VK3779G,1,0,0,71,0
7398116VK3779G,1,0,0,79,0
7398125VK3779G,1,0,0,385,0
7398131VK3779G,1,0,0,69,0
7398133VK3779G,1,0,0,64,0
7398145VK3779G,1,0,0,61,0
6707304VK3860F,1,0,0,19,0
7803804VK3870D,1,0,0,55,0
8003319VK3880C,1,0,0,22,0
8003320VK3880C,1,0,0,74,0
6707308VK3760H,1,0,0,52,0
6707308VK3860F,1,0,0,101,0
6806216VK3860F,1,0,0,46,0
8699406VK3789H,1,0,0,29,0
8699410VK3789H,1,0,0,4,0
8301419VK3880A,1,0,0,69,0
8399416VK3789G,1,0,0,5,0
8695364VK3789F,1,0,0,66,0
9286109VK3798E,1,0,0,17,0
8199908VK3789G,1,0,0,22,0
6707332VK3860F,1,0,0,17,0
8705218VK3880D,1,0,0,10,0
9700201VK3890B,1,0,0,9,0
9601704VK3890B,1,0,0,7,0
9798622VK3799H,1,0,0,6,0
9500854VK3890B,1,0,0,2,0
8603847VK3880D,1,0,0,33,0
9993238VK3799D,0,0,1,0,462
9598907VK3799H,1,0,0,25,0
9500812VK3890B,1,0,0,2,0
9599704VK3799H,1,0,0,2,0
9699305VK3799H,1,0,0,6,0
9699609VK3799H,1,0,0,4,0
9699702VK3799H,1,0,0,6,0
9699704VK3799H,1,0,0,12,0
9699705VK3799H,1,0,0,12,0
9699711VK3799H,1,0,0,3,0
9699714VK3799H,1,0,0,8,0
8505606VK3880F,1,0,0,10,0
8799721VK3789H,1,0,0,18,0
8802204VK3880D,1,0,0,14,0
8603828VK3880D,1,0,0,18,0
8603826VK3880D,1,0,0,15,0
9699713VK3799H,1,0,0,6,0
44993D8VK3840A,1,0,0,50,0
44993E1VK3840A,1,0,0,48,0
4707608VK3840F,1,0,0,115,0
5201282VK3850A,1,0,0,18,0
5201283VK3850A,1,0,0,16,0
5201291VK3850A,1,0,0,16,0
5201258VK3850A,1,0,0,25,0
5201270VK3850A,1,0,0,14,0
4798229VK3749H,1,0,0,32,0
44993C9VK3840A,1,0,0,40,0
45084Q0VK3840H,1,0,0,48,0
44993B8VK3840A,0,0,1,0,14
45084N3VK3840H,1,0,0,128,0
3100919VK3830A,1,0,0,42,0
3100925VK3830A,1,0,0,38,0
3100928VK3830A,1,0,0,29,0
44993G1VK3840A,1,0,0,39,0
44993G5VK3840A,1,0,0,33,0
44993G9VK3840A,1,0,0,37,0
4508404VK3840H,1,0,0,328,0
4508413VK3840H,1,0,0,18,0
5002303VK3850C,1,0,0,769,0
4508459VK3840H,1,0,0,35,0
4508406VK3840H,1,0,0,262,0
3905906VK3830F,1,0,0,668,0
2803902VK3820D,1,0,0,606,0
2803908VK3820D,2,0,0,14,0
4507602VK3840H,1,0,0,86,0
4101202VK3840A,1,0,0,141,0
4203108VK3840C,1,0,0,49,0
5399604VK3759G,1,0,0,10,0
3798403VK3739H,1,0,0,110,0
3798404VK3739H,1,0,0,120,0
4798216VK3749H,1,0,0,73,0
4703203VK3840D,1,0,0,71,0
4703205VK3840D,1,0,0,339,0
4508468VK3840H,4,0,0,204,0
3605705VK3830F,1,0,0,362,0
4508401VK3840H,1,0,0,383,0
4499303VK3840A,1,0,0,131,0
3605707VK3830F,1,0,0,782,0
2001234VK3820A,1,0,0,87,0
5103912VK3850C,1,0,0,27,0
4508477VK3840H,1,0,0,37,0
4508482VK3840H,1,0,0,37,0
4508499VK3840H,1,0,0,37,0
45084A0VK3840H,1,0,0,37,0
45084A1VK3840H,1,0,0,37,0
45084A3VK3840H,1,0,0,37,0
45084A7VK3840H,1,0,0,37,0
2803916VK3820D,1,0,0,259,0
2803918VK3820D,1,0,0,320,0
4703211VK3840D,1,0,0,679,0
5098928VK3749H,1,0,0,25,0
45084C6VK3840H,1,0,0,334,0
4499366VK3840A,1,0,0,30,0
5103917VK3850C,1,0,0,54,0
4497520VK3749G,1,0,0,32,0
4497529VK3749G,1,0,0,28,0
4598604VK3749H,1,0,0,54,0
5098914VK3759G,1,0,0,55,0
5098917VK3759G,1,0,0,55,0
5098919VK3759G,1,0,0,80,0
5098923VK3759G,1,0,0,47,0
4897205VK3749F,1,0,0,61,0
4896504VK3749F,1,0,0,74,0
4896512VK3749F,1,0,0,53,0
4996302VK3749F,1,0,0,53,0
4996304VK3749F,1,0,0,53,0
5096701VK3759E,1,0,0,22,0
5096704VK3759E,1,0,0,22,0
5096705VK3759E,1,0,0,22,0
5096710VK3759E,1,0,0,22,0
5196304VK3759E,1,0,0,22,0
4697612VK3749F,1,0,0,76,0
4697615VK3749F,1,0,0,76,0
3105525VK3830E,1,0,0,303,0
44993A2VK3840A,1,0,0,11,0
44993A3VK3840A,1,0,0,11,0
1007473VK3810G,1,0,0,61,0
1007471VK3810G,1,0,0,57,0
2001265VK3820A,1,0,0,46,0
0106703VK3800E,1,0,0,11,0
9608575VK2890H,1,0,0,7,0
9608584VK2890H,1,0,0,7,0
0707715VK3800F,1,0,0,336,0
9607305VK2890H,1,0,0,8,0
0007208VK3800E,1,0,0,18,0
9807603VK2890H,1,0,0,19,0
9906601VK2890F,1,0,0,36,0
0106104VK3800E,1,0,0,34,0
0106101VK3800E,1,0,0,1,0
0505214VK3800F,1,0,0,2,0
0505238VK3800F,1,0,0,1,0
0505226VK3800F,1,0,0,40,0
0305412VK3800E,1,0,0,1,0
0802207VK3800D,1,0,0,22,0
0405204VK3800E,1,0,0,4,0
0405213VK3800E,1,0,0,15,0
1007458VK3810G,1,0,0,210,0
0508505VK3800H,1,0,0,248,0
0205201VK3800E,1,0,0,41,0
1305101VK3810E,1,0,0,39,0
0905904VK3800F,1,0,0,672,0
9707103VK2890F,1,0,0,275,0
1007455VK3810G,1,0,0,643,0
9213404VK2891C,1,0,0,104,0
9213403VK2891C,1,0,0,47,0
9213409VK2891C,1,0,0,130,0
9213411VK2891C,1,0,0,47,0
1404202VK3810C,1,0,0,68,0
1504101VK3810D,1,0,0,16,0
1203804VK3810C,1,0,0,90,0
9711702VK2891B,1,0,0,90,0
9711706VK2891B,1,0,0,94,0
0010918VK3801A,1,0,0,68,0
0010921VK3801A,1,0,0,52,0
0109801VK3800G,1,0,0,65,0
0109803VK3800G,1,0,0,76,0
0109808VK3800G,1,0,0,145,0
0109809VK3800G,1,0,0,40,0
0109811VK3800G,1,0,0,128,0
0109813VK3800G,1,0,0,498,0
0508503VK3800H,1,0,0,110,0
0707707VK3800F,1,0,0,75,0
0806615VK3800F,1,0,0,110,0
9209701VK2890G,1,0,0,4,0
9209713VK2890G,1,0,0,10,0
9209711VK2890G,1,0,0,10,0
9208202VK2890G,1,0,0,34,0
9208204VK2890G,1,0,0,5,0
9308102VK2890G,1,0,0,15,0
9307302VK2890G,1,0,0,9,0
9408204VK2890G,1,0,0,18,0
2003601VK3820C,1,0,0,142,0
0508506VK3800H,1,0,0,63,0
9308104VK2890G,1,0,0,13,0
0305109VK3800E,1,0,0,26,0
0305112VK3800E,1,0,0,8,0
1105401VK3810E,1,0,0,65,0
1603901VK3810D,1,0,0,346,0
9410407VK2891A,1,0,0,52,0
9608560VK2890H,1,0,0,10,0
0105305VK3800E,1,0,0,2,0
9208205VK2890G,1,0,0,16,0
1200603VK3810A,1,0,0,276,0
1200609VK3810A,1,0,0,8,0
2001250VK3820A,1,0,0,76,0
2001251VK3820A,1,0,0,46,0
9807613VK2890H,1,0,0,19,0
9307507VK2890G,1,0,0,15,0
3293628VK3739C,2,0,0,58,0
3189207VK3738G,1,0,0,40,0
3194510VK3739C,1,0,0,17,0
3389822VK3738G,1,0,0,4,0
3389826VK3738G,1,0,0,4,0
3389827VK3738G,1,0,0,19,0
3188482VK3738G,1,0,0,30,0
3494609VK3739C,1,0,0,27,0
4681607VK3748B,1,0,0,10,0
4781903VK3748B,1,0,0,10,0
4981216VK3748B,1,0,0,5,0
2988808VK3728H,1,0,0,68,0
3688515VK3738H,1,0,0,10,0
4381501VK3748A,1,0,0,5,0
2789816VK3728H,1,0,0,2,0
4383301VK3748C,1,0,0,10,0
4383911VK3748C,1,0,0,6,0
4989118VK3748H,1,0,0,47,0
3777918VK3737H,1,0,0,16,0
3777907VK3737H,0,7,0,350,0
4194326VK3749C,1,0,0,16,0
5292909VK3759A,1,0,0,106,0
3582811VK3738B,1,0,0,2,0
5292906VK3759A,1,0,0,87,0
5292903VK3759A,1,0,0,26,0
3688519VK3738H,1,0,0,16,0
3092502VK3739C,1,0,0,18,0
3092518VK3739C,1,0,0,2,0
3082109VK3738A,1,0,0,5,0
4188949VK3748G,1,0,0,29,0
4188950VK3748G,1,0,0,13,0
4188959VK3748G,1,0,0,13,0
4188965VK3748G,1,0,0,5,0
4188967VK3748G,1,0,0,28,0
4188970VK3748G,1,0,0,14,0
3082713VK3738C,1,0,0,2,0
3482301VK3738C,14,0,0,97,0
4790712VK3749B,1,0,0,45,0
3582306VK3738D,1,0,0,4,0
2888406VK3728H,1,0,0,19,0
3080607VK3738A,1,0,0,9,0
3281212VK3738A,1,0,0,4,0
3080901VK3738A,1,0,0,30,0
3081704VK3738A,1,0,0,2,0
3081707VK3738A,1,0,0,2,0
3081711VK3738A,1,0,0,2,0
3081712VK3738A,1,0,0,2,0
3189204VK3738G,1,0,0,43,0
2891729VK3729B,1,0,0,29,0
4693420VK3749D,1,0,0,22,0
4693427VK3749D,1,0,0,20,0
4693424VK3749D,1,0,0,27,0
4992506VK3749D,1,0,0,39,0
4693444VK3749D,1,0,0,27,0
2693538VK3729D,1,0,0,6,0
5092406VK3759C,1,0,0,163,0
3882727VK3738B,1,0,0,18,0
3882731VK3738B,1,0,0,18,0
4481703VK3748A,1,0,0,5,0
2990633VK3729B,1,0,0,25,0
2990653VK3729B,1,0,0,23,0
3188424VK3738G,1,0,0,39,0
4391449VK3749A,1,0,0,2,0
4188929VK3748G,1,0,0,37,0
4188930VK3748G,1,0,0,71,0
4188987VK3748G,1,0,0,17,0
4188989VK3748G,1,0,0,24,0
4188933VK3748G,1,0,0,5,0
4585204VK3748F,1,0,0,26,0
4585205VK3748F,1,0,0,64,0
3188430VK3738G,1,0,0,1,0
3188436VK3738G,1,0,0,20,0
3188447VK3738G,1,0,0,21,0
3188448VK3738G,1,0,0,29,0
3188404VK3738G,1,0,0,35,0
4188940VK3748G,1,0,0,5,0
2891715VK3729B,1,0,0,51,0
3091303VK3739A,1,0,0,12,0
4880303VK3748B,1,0,0,7,0
4880402VK3748B,1,0,0,28,0
4288601VK3748H,1,0,0,56,0
4288613VK3748H,1,0,0,34,0
4288610VK3748H,1,0,0,37,0
3188463VK3738G,1,0,0,21,0
2982505VK3728D,1,0,0,22,0
2982701VK3728B,1,0,0,11,0
3282110VK3738A,1,0,0,16,0
3282113VK3738A,1,0,0,5,0
3286502VK3738E,16,0,0,89,0
3487910VK3738E,1,0,0,5,0
3589107VK3738H,1,0,0,14,0
4190604VK3749A,1,0,0,2,0
4188914VK3748G,1,0,0,124,0
4190607VK3749A,1,0,0,2,0
4981210VK3748B,1,0,0,12,0
3282115VK3738A,1,0,0,5,0
3481104VK3738A,1,0,0,5,0
3481109VK3738A,1,0,0,5,0
3382504VK3738C,1,0,0,20,0
3382506VK3738C,1,0,0,8,0
3187130VK3738E,1,0,0,30,0
3187136VK3738E,1,0,0,30,0
3187137VK3738E,1,0,0,52,0
3187138VK3738E,1,0,0,63,0
3187115VK3738E,1,0,0,41,0
4981213VK3748B,1,0,0,5,0
4190612VK3749A,1,0,0,13,0
4980210VK2748B,1,0,0,21,0
4981908VK3748B,1,0,0,8,0
2886609VK3728F,1,0,0,16,0
2886610VK3728F,1,0,0,2,0
2790814VK3729B,1,0,0,46,0
2790837VK3729B,1,0,0,28,0
2790816VK3729B,1,0,0,21,0
3290518VK3739A,1,0,0,22,0
3191920VK3739A,1,0,0,12,0
3191918VK3739A,1,0,0,3,0
2886622VK3728F,1,0,0,32,0
2886632VK3728F,1,0,0,38,0
2886639VK3728F,1,0,0,8,0
2886640VK3728F,1,0,0,16,0
4980902VK3748B,1,0,0,4,0
4980907VK3748B,1,0,0,2,0
2693514VK3729D,2,0,0,37,0
3196709VK3739E,1,0,0,651,0
3194517VK3739C,1,0,0,52,0
3092535VK3739C,1,0,0,5,0
3092517VK3739C,1,0,0,6,0
3191916VK3739A,1,0,0,2,0
5292902VK3759A,1,0,0,72,0
5391401VK3759C,1,0,0,59,0
4084709VK3748C,1,0,0,5,0
5184809VK3758C,1,0,0,29,0
5181907VK3758A,1,0,0,5,0
5181909VK3758A,1,0,0,7,0
5181901VK3758A,1,0,0,3,0
3687707VK3738F,1,0,0,12,0
3687711VK3738F,1,0,0,23,0
5180308VK3758A,1,0,0,8,0
3294813VK3739C,1,0,0,19,0
3293602VK3739C,1,0,0,32,0
3293615VK3739C,1,0,0,4,0
3293609VK3739C,1,0,0,7,0
4392903VK3749C,1,0,0,28,0
4392504VK3749F,1,0,0,21,0
5382305VK3758C,1,0,0,46,0
4183305VK3748C,1,0,0,5,0
4183310VK3748C,1,0,0,5,0
4183313VK3748C,1,0,0,9,0
4183315VK3748C,1,0,0,9,0
4184706VK3748C,1,0,0,3,0
4184708VK3748C,1,0,0,3,0
3394736VK3739C,1,0,0,55,0
3493813VK3739C,1,0,0,69,0
4193409VK3749C,1,0,0,290,0
4193402VK3749C,1,0,0,301,0
4193403VK3749C,1,0,0,45,0
3496414VK3739E,1,0,0,357,0
3793801VK3739D,1,0,0,51,0
4284118VK3748C,1,0,0,7,0
3887131VK3738F,1,0,0,3,0
3687746VK3738F,1,0,0,3,0
3687732VK3738F,1,0,0,3,0
3687724VK3738F,1,0,0,3,0
3494619VK3739C,1,0,0,35,0
3494634VK3739C,1,0,0,1,0
4184203VK3748C,1,0,0,5,0
4383309VK3748C,1,0,0,4,0
4383312VK3748C,1,0,0,6,0
4383904VK3748C,1,0,0,1,0
5181710VK3758A,1,0,0,5,0
5181713VK3758A,1,0,0,5,0
5282105VK3758A,1,0,0,5,0
2988802VK3728H,1,0,0,34,0
5282801VK3758A,1,0,0,10,0
5282801VK4758A,1,0,0,15,0
2987304VK3728H,1,0,0,7,0
3593713VK3739D,1,0,0,22,0
3693609VK3739D,1,0,0,58,0
3095912VK3739E,1,0,0,34,0
4587441VK3748H,1,0,0,366,0
4587419VK3748H,1,0,0,53,0
4587425VK3748H,1,0,0,83,0
4587429VK3748H,1,0,0,56,0
4587448VK3748H,1,0,0,78,0
5281911VK3758A,1,0,0,15,0
5281902VK3758A,1,0,0,28,0
5281908VK3758A,1,0,0,5,0
5281912VK3758A,1,0,0,15,0
5281914VK3758A,1,0,0,7,0
2986407VK3728F,1,0,0,14,0
2986412VK3728F,1,0,0,6,0
3791502VK3739B,1,0,0,54,0
4587449VK3748H,1,0,0,95,0
4587463VK3748H,1,0,0,61,0
4483302VK3748C,1,0,0,13,0
4483307VK3748C,1,0,0,37,0
4989116VK3748H,1,0,0,62,0
4989122VK3748H,1,0,0,60,0
4989128VK3748H,1,0,0,101,0
4681904VK3748B,1,0,0,5,0
3991201VK3739B,1,0,0,33,0
3991213VK3739B,1,0,0,10,0
4590309VK3749B,1,0,0,50,0
4590307VK3749B,1,0,0,50,0
4590328VK3749B,1,0,0,251,0
4483104VK3748C,1,0,0,5,0
4483106VK3748C,1,0,0,25,0
4483101VK3748C,1,0,0,10,0
4483902VK3748C,1,0,0,30,0
4481407VK3748A,1,0,0,5,0
4481802VK3748A,1,0,0,17,0
4483801VK3748C,1,0,0,6,0
4582301VK3748C,1,0,0,6,0
4582511VK3748C,1,0,0,1,0
4582514VK3748C,1,0,0,4,0
4481801VK3748A,1,0,0,4,0
3990304VK3739B,1,0,0,12,0
3990315VK3739B,1,0,0,4,0
3990508VK3739B,1,0,0,6,0
4094802VK3749C,7,0,0,95,0
4194301VK3749C,1,0,0,44,0
4194303VK3749C,1,0,0,72,0
4294407VK3749C,1,0,0,25,0
4294404VK3749C,1,0,0,37,0
4294409VK3749C,1,0,0,30,0
4683803VK3748D,1,0,0,12,0
4683703VK3748D,1,0,0,13,0
4391474VK3749A,1,0,0,36,0
4982404VK3748D,1,0,0,18,0
3983811VK3738D,1,0,0,17,0
3882705VK3738B,1,0,0,18,0
3882722VK3738B,1,0,0,18,0
2789817VK3728H,1,0,0,16,0
2789822VK3728H,1,0,0,11,0
2888409VK3728H,1,0,0,36,0
4391405VK3749A,1,0,0,5,0
4391406VK3749A,1,0,0,5,0
4391487VK3749A,1,0,0,76,0
4391421VK3749A,1,0,0,27,0
4391426VK3749A,1,0,0,30,0
4391431VK3749A,1,0,0,43,0
4391441VK3749A,2,0,0,72,0
3887111VK3738F,1,0,0,6,0
2789832VK3728H,1,0,0,3,0
5192306VK3759C,1,0,0,10,0
3582402VK3738D,1,0,0,7,0
3582408VK3738D,1,0,0,7,0
4587468VK3748H,1,0,0,54,0
5490807VK3759B,1,0,0,24,0
3494608VK3739C,1,0,0,27,0
4880606VK3748B,1,0,0,4,0
4989123VK3748H,1,0,0,83,0
4980208VK2748B,1,0,0,4,0
3384205VK3738C,1,0,0,8,0
2693516VK3729D,1,0,0,26,0
2693517VK3729D,1,0,0,26,0
2886636VK3728F,1,0,0,29,0
3687705VK3738F,1,0,0,30,0
4391437VK3749A,1,0,0,34,0
5191903VK3759A,1,0,0,33,0
2886602VK3728F,1,0,0,2,0
3882733VK3738B,1,0,0,2,0
4989112VK3748H,2,0,0,44,0
4989104VK3748H,2,0,0,64,0
4693407VK3749D,2,0,0,96,0
2990614VK3729B,1,0,0,23,0
4184208VK3748C,1,0,0,5,0
4991205VK3749B,1,0,0,56,0
4991205VK4749B,1,0,0,161,0
4294420VK3749C,6,0,0,24,0
4283604VK3748C,1,0,0,5,0
4284103VK3748C,1,0,0,9,0
4288606VK3748H,1,0,0,90,0
4392506VK3749F,1,0,0,35,0
3187135VK3738E,1,0,0,57,0
3292513VK3739C,1,0,0,3,0
4582507VK3748C,1,0,0,13,0
3092541VK3739C,1,0,0,20,0
3394762VK3739C,3,0,0,69,0
8998127VK3789H,0,0,1,0,29
4590338VK3749B,1,0,0,18,0
2897725VK3729F,1,0,0,30,0
4790726VK3749B,1,0,0,48,0
5184828VK3758C,1,0,0,20,0
2897724VK3729F,1,0,0,30,0
4790715VK3749B,1,0,0,30,0
4790718VK3749B,1,0,0,30,0
3688526VK3738H,1,0,0,22,0
8030214VK3783A,1,0,0,17,0
7230344VK3773A,1,0,0,65,0
7030847VK3773A,1,0,0,72,0
7031109VK3773A,1,0,0,96,0
8035410VK3783E,1,0,0,5,0
7437402VK3773G,1,0,0,70,0
7636408VK3773F,1,0,0,3,0
7537420VK3773F,1,0,0,332,0
8239201VK3783G,1,0,0,80,0
7935702VK3773F,1,0,0,75,0
8338203VK3783G,1,0,0,40,0
7934911VK3773D,1,0,0,127,0
7436707VK3773E,1,0,0,1,0
7536107VK3773F,1,0,0,65,0
7734509VK3773D,1,0,0,66,0
7232405VK3773C,1,0,0,75,0
7232416VK3773C,1,0,0,51,0
7432111VK3773A,1,0,0,26,0
7832613VK3773B,1,0,0,34,0
7637601VK3773F,1,0,0,486,0
8136523VK3783E,1,0,0,161,0
8135509VK3783E,1,0,0,132,0
7538901VK3773H,1,0,0,11,0
8140602VK3784A,1,0,0,146,0
8339701VK3783G,1,0,0,96,0
8339707VK3783G,1,0,0,148,0
7633426VK3773D,1,0,0,59,0
7633421VK3773D,1,0,0,5,0
7832619VK3773B,1,0,0,34,0
6227103VK3762E,1,0,0,42,0
6227112VK3762E,1,0,0,17,0
6823109VK3762D,1,0,0,48,0
6823110VK3762D,1,0,0,48,0
6823112VK3762D,1,0,0,48,0
5522544VK3752D,1,0,0,1137,0
5420501VK3752A,0,0,1,0,93
5910620VK3751B,0,0,2,0,77
4418606VK3741G,1,0,0,47,0
2601808VK3720B,1,0,0,1,0
4223230VK3742C,1,0,0,21,0
4223246VK3742C,1,0,0,4,0
2702914VK3720B,1,0,0,8,0
2601802VK3720B,1,0,0,1,0
2500505VK3720B,1,0,0,4,0
4022811VK3742A,1,0,0,19,0
2702903VK3720B,1,0,0,16,0
4117519VK3741G,1,0,0,42,0
4620902VK3742B,1,0,0,39,0
45091B2VK3740H,1,0,0,57,0
45091A0VK3740H,1,0,0,4,0
4004905VK4840C,1,0,0,21,0
4004906VK4840C,1,0,0,15,0
4509195VK3740H,1,0,0,18,0
5005302VK4750E,1,0,0,870,0
4509107VK3740H,0,0,1,0,284
4714208VK3741B,1,0,0,62,0
45091D0VK3740H,1,0,0,7,0
45091B0VK3740H,1,0,0,29,0
6121226VK4762A,0,0,1,0,88
6121212VK4762A,1,0,0,15,0
4761801VK4746B,1,0,0,117,0
4756207VK4745F,0,0,1,0,76
5258607VK4755G,1,0,0,84,0
5258612VK4755G,1,0,0,14,0
4756257VK4745F,1,0,0,496,0
5462924VK4756A,1,0,0,124,0
5855914VK4755F,1,0,0,16,0
5560815VK4756B,1,0,0,192,0
5757203VK4755H,1,0,0,119,0
4663704VK4746D,1,0,0,80,0
4561503VK4746B,1,0,0,23,0
5364402VK4756C,1,0,0,206,0
5567511VK4756H,1,0,0,34,0
4561504VK4746B,1,0,0,179,0
4263309VK4746C,1,0,0,26,0
4162601VK4746A,1,0,0,20,0
5167304VK4756G,0,0,1,0,84
5274602VK4757C,0,1,0,25,0
5272520VK4757C,1,0,0,16,0
5773901VK4757D,1,0,0,335,0
5872407VK4757D,0,0,1,0,68
4866505VK4746F,1,0,0,196,0
5573715VK4757D,1,0,0,19,0
4365116VK4746F,0,0,13,0,762
4869415VK4746H,1,0,0,1383,0
4781011VK4848B,1,0,0,306,0
4585005VK4848F,2,0,0,18,0
4682802VK4848B,1,0,0,1205,0
4780710VK4848B,1,0,0,16,0
4581027VK4848B,0,0,1,0,48
3994413VK4839D,1,0,0,12,0
4292113VK4849A,1,0,0,189,0
4387202VK4848E,4,0,0,71,0
4390728VK4849A,1,0,0,14,0
4391212VK4849A,1,0,0,15,0
4391235VK4849A,1,0,0,199,0
3899008VK4839H,1,0,0,27,0
3604402VK4830D,1,0,0,134,0
8584011VK4788D,1,0,0,1,0
8584016VK4788D,1,0,0,1,0
8086127VK4788E,1,0,0,14,0
8482315VK4788C,1,0,0,32,0
8185017VK4788E,1,0,0,14,0
8183912VK4788C,1,0,0,17,0
8283802VK4788C,1,0,0,36,0
8283812VK4788C,1,0,0,17,0
8283813VK4788C,1,0,0,36,0
8283814VK4788C,1,0,0,28,0
8283816VK4788C,1,0,0,33,0
8382005VK4788A,1,0,0,28,0
8182602VK4788C,1,0,0,26,0
8182608VK4788C,1,0,0,32,0
8182008VK4788A,1,0,0,37,0
8182013VK4788A,1,0,0,22,0
8084002VK4788C,1,0,0,15,0
8083412VK4788C,3,0,0,53,0
8083417VK4788C,1,0,0,18,0
8481008VK4788A,1,0,0,58,0
7582909VK4778D,1,0,0,23,0
7582916VK4778D,1,0,0,28,0
8086103VK4788E,0,0,1,0,27
8185405VK4788E,1,0,0,46,0
8383625VK4788C,1,0,0,26,0
8683101VK4788D,16,0,0,61,0
7484701VK4778C,25,0,0,468,0
8185023VK4788E,1,0,0,38,0
8084001VK4788C,1,0,0,4,0
8084019VK4788C,1,0,0,20,0
8084021VK4788C,1,0,0,23,0
8084020VK4788C,1,0,0,14,0
8383640VK4788C,1,0,0,21,0
8086124VK4788E,1,0,0,16,0
8086125VK4788E,1,0,0,15,0
8083441VK4788C,1,0,0,16,0
8083444VK4788C,1,0,0,16,0
8083446VK4788C,1,0,0,29,0
8481903VK4788A,4,0,0,10,0
7282425VK4778C,1,0,0,43,0
8584005VK4788D,1,0,0,1,0
7282404VK4778C,1,0,0,42,0
7282413VK4778C,1,0,0,30,0
8183924VK4788C,1,0,0,21,0
7383811VK4778C,1,0,0,15,0
7383812VK4778C,1,0,0,16,0
8481014VK4788A,1,0,0,21,0
8383414VK4788C,1,0,0,21,0
8383415VK4788C,1,0,0,29,0
8383416VK4788C,1,0,0,28,0
8084205VK4788C,1,0,0,84,0
4788620VK4748H,1,0,0,17,0
4887641VK4748H,1,0,0,9,0
6988020VK4768H,1,0,0,32,0
6092033VK4759B,1,0,0,15,0
6092035VK4759B,1,0,0,15,0
6092038VK4759B,1,0,0,15,0
4985418VK4748F,1,0,0,24,0
4987709VK4748F,1,0,0,19,0
60920E6VK4759B,1,0,0,58,0
60920E1VK4759B,1,0,0,56,0
60920E9VK4759B,1,0,0,56,0
60920G0VK4759B,1,0,0,25,0
5484042VK4758D,1,0,0,36,0
5484045VK4758D,1,0,0,124,0
5484029VK4758D,1,0,0,5,0
6092013VK4759B,1,0,0,32,0
5992012VK4759B,1,0,0,88,0
5992014VK4759B,1,0,0,148,0
5484069VK4758D,1,0,0,18,0
5484096VK4758D,2,0,0,45,0
5484055VK4758D,1,0,0,80,0
5484082VK4758D,1,0,0,20,0
5484035VK4758D,1,0,0,5,0
4787505VK4748H,1,0,0,19,0
4787515VK4748H,1,0,0,19,0
5186907VK4758E,1,0,0,19,0
5992002VK4759B,1,0,0,27,0
5783005VK4758D,1,0,0,26,0
5783037VK4758D,1,0,0,82,0
5783035VK4758D,1,0,0,50,0
5481203VK4758A,1,0,0,27,0
5481202VK4758A,1,0,0,18,0
4788615VK4748H,1,0,0,25,0
5186928VK4758E,1,0,0,26,0
5188116VK4758G,1,0,0,19,0
5188118VK4758G,1,0,0,19,0
5386005VK4758E,7,0,0,166,0
5481214VK4758A,23,0,0,874,0
60920C5VK4759B,1,0,0,56,0
60920C6VK4759B,1,0,0,61,0
6190909VK4769A,1,0,0,54,0
6190918VK4769A,1,0,0,196,0
6190930VK4769A,1,0,0,26,0
5985017VK4758F,1,0,0,70,0
5985016VK4758F,1,0,0,39,0
5985009VK4758F,1,0,0,25,0
6085014VK4758F,1,0,0,67,0
6190947VK4769A,1,0,0,17,0
60920A9VK4759B,1,0,0,52,0
6092043VK4759B,1,0,0,50,0
6092083VK4759B,1,0,0,35,0
6092085VK4759B,1,0,0,33,0
6092098VK4759B,1,0,0,59,0
6085038VK4758F,1,0,0,14,0
6085042VK4758F,1,0,0,14,0
6485013VK4768E,1,0,0,78,0
6485052VK4768E,1,0,0,78,0
6485044VK4768E,1,0,0,510,0
6487211VK4768G,1,0,0,47,0
6487239VK4768G,1,0,0,165,0
6487241VK4768G,1,0,0,69,0
6487244VK4768G,1,0,0,107,0
6487207VK4768G,1,0,0,29,0
6386904VK4768E,1,0,0,40,0
6085009VK4758F,1,0,0,59,0
6285006VK4768C,1,0,0,54,0
5783012VK4758D,2,0,0,59,0
6085011VK4758F,2,0,0,74,0
5987321VK4768G,1,0,0,34,0
5484003VK4758D,1,0,0,124,0
6386922VK4768E,1,0,0,306,0
6386930VK4768E,1,0,0,51,0
6487233VK4768G,1,0,0,355,0
5788705VK4758H,1,0,0,1,0
60920H9VK4759B,1,0,0,18,0
6092074VK4759B,1,0,0,36,0
6683011VK4768F,1,0,0,71,0
6683034VK4768F,1,0,0,34,0
6683038VK4768F,1,0,0,18,0
6683067VK4768F,1,0,0,45,0
6683073VK4768F,1,0,0,88,0
6683075VK4768F,1,0,0,39,0
6683022VK4768F,1,0,0,22,0
6485020VK4768E,1,0,0,274,0
5586204VK4758E,1,0,0,30,0
5586206VK4758E,1,0,0,24,0
6487237VK4768G,1,0,0,30,0
6588639VK4768H,1,0,0,52,0
6789104VK4768H,1,0,0,158,0
6789105VK4768H,1,0,0,63,0
6789108VK4768H,1,0,0,105,0
6789109VK4768H,1,0,0,51,0
6789110VK4768H,1,0,0,61,0
6789111VK4768H,1,0,0,70,0
6890007VK4769B,1,0,0,32,0
6890014VK4769B,1,0,0,21,0
5085604VK4758E,1,0,0,15,0
5085610VK4758E,1,0,0,5,0
6590501VK4769B,1,0,0,27,0
6590504VK4769B,1,0,0,27,0
6590510VK4769B,1,0,0,16,0
6590516VK4769B,1,0,0,19,0
6590526VK4769B,1,0,0,13,0
6590527VK4769B,1,0,0,29,0
5087308VK4758G,2,0,0,46,0
54840C1VK4758D,1,0,0,103,0
6890023VK4769B,1,0,0,27,0
6190902VK4769A,1,0,0,34,0
6588604VK4768H,1,0,0,45,0
6588608VK4768H,1,0,0,42,0
5686013VK4758F,1,0,0,38,0
6285018VK4768C,2,0,0,40,0
6285017VK4768C,1,0,0,23,0
5185322VK4758E,1,0,0,18,0
4988608VK4748H,1,0,0,2,0
4985424VK4748F,1,0,0,18,0
6485050VK4768E,1,0,0,24,0
6590515VK4769B,1,0,0,17,0
6092006VK4759B,1,0,0,28,0
6485002VK4768E,1,0,0,54,0
5484037VK4758D,1,0,0,6,0
6285007VK4768C,1,0,0,60,0
6789133VK4768H,1,0,0,106,0
4887645VK4748H,1,0,0,11,0
4987708VK4748F,1,0,0,20,0
5188314VK4758G,1,0,0,18,0
5484075VK4758D,1,0,0,34,0
54840A1VK4758C,1,0,0,74,0
4787523VK4748H,1,0,0,9,0
4787526VK4748H,1,0,0,9,0
4787528VK4748H,1,0,0,9,0
5783015VK4758D,1,0,0,84,0
5985003VK4758F,1,0,0,37,0
6085002VK4758F,1,0,0,29,0
6085005VK4758F,1,0,0,29,0
6085035VK4758F,1,0,0,46,0
5987313VK4768G,1,0,0,100,0
5484056VK4758D,1,0,0,40,0
6190931VK4769A,1,0,0,27,0
4986628VK4748F,1,0,0,21,0
54840A6VK4758D,1,0,0,24,0
4986621VK4748F,1,0,0,37,0
5783062VK4758D,1,0,0,30,0
6588642VK4768H,1,0,0,43,0
54840B7VK4758D,1,0,0,21,0
54840B8VK4758D,1,0,0,23,0
4593204VK4749D,1,0,0,20,0
4593213VK4749D,1,0,0,16,0
4690309VK4749B,1,0,0,24,0
4691608VK4749B,1,0,0,2,0
5294918VK4759E,1,0,0,5,0
4693313VK4749D,1,0,0,170,0
4693316VK4749D,1,0,0,28,0
4695207VK4749F,1,0,0,22,0
4695212VK4749F,1,0,0,25,0
4989607VK4748H,1,0,0,24,0
4990420VK4749B,1,0,0,4,0
4194609VK4749C,1,0,0,27,0
4789405VK4749B,1,0,0,9,0
4789409VK4749B,1,0,0,54,0
4791904VK4749B,2,0,0,30,0
5389322VK4758G,1,0,0,39,0
4798817VK4749H,1,0,0,11,0
5189309VK4758G,1,0,0,13,0
4799604VK4749H,1,0,0,23,0
5190309VK4759A,1,0,0,67,0
5193603VK4759C,1,0,0,3,0
4889211VK4748H,1,0,0,15,0
4893110VK4749D,1,0,0,6,0
4893111VK4749D,1,0,0,6,0
4893114VK4749D,1,0,0,6,0
5199203VK4759G,1,0,0,20,0
4592101VK4749B,1,0,0,22,0
4893137VK4749D,1,0,0,6,0
4592108VK4749B,1,0,0,16,0
4592110VK4749B,1,0,0,17,0
4592709VK4749D,1,0,0,6,0
4592715VK4749D,1,0,0,73,0
5289208VK4758G,1,0,0,34,0
6600804VK4860B,1,0,0,177,0
4394112VK4749C,1,0,0,33,0
4592136VK4749B,1,0,0,19,0
5198315VK4759G,1,0,0,3,0
4799108VK4749H,1,0,0,21,0
4992568VK4749D,1,0,0,8,0
5099904VK4759G,1,0,0,31,0
5193608VK4759C,1,0,0,3,0
4001502VK4840A,1,0,0,24,0
4001004VK4840A,1,0,0,7,0
4901207VK4840B,1,0,0,22,0
4001011VK4840A,1,0,0,21,0
3900918VK4830B,1,0,0,23,0
3900906VK4830B,1,0,0,10,0
4200039VK4840C,1,0,0,12,0
5707303VK4850H,1,0,0,85,0
3999207VK4739H,1,0,0,23,0
3999211VK4739H,1,0,0,23,0
4200014VK4840C,1,0,0,21,0
5808001VK4850H,1,0,0,102,0
4802117VK4840B,1,0,0,14,0
4807007VK4840H,2,0,0,99,0
5001109VK4850A,1,0,0,4,0
5002101VK4850A,1,0,0,14,0
5002314VK4850C,1,0,0,1,0
5608019VK4850H,1,0,0,133,0
5608021VK4850H,1,0,0,246,0
5610037VK4851A,1,0,0,129,0
4900313VK4840B,1,0,0,2,0
4210710VK4841A,1,0,0,17,0
4309313VK4840G,1,0,0,4,0
3812715VK4831D,1,0,0,4,0
3812716VK4831D,1,0,0,4,0
3804602VK4830D,1,0,0,32,0
3804611VK4830D,1,0,0,4,0
3904513VK4830D,1,0,0,21,0
4005213VK4840E,1,0,0,10,0
4005220VK4840E,1,0,0,30,0
3803904VK4830D,1,0,0,21,0
3903505VK4830D,1,0,0,68,0
4110401VK4841A,1,0,0,17,0
6319503VK4861G,1,0,0,16,0
6319507VK4861G,1,0,0,19,0
6319509VK4861G,1,0,0,19,0
4021403VK4842A,0,0,1,0,74
6517105VK4861F,2,0,0,103,0
6517116VK4861F,1,0,0,94,0
6515501VK4861F,1,0,0,14,0
6543902VK4864D,1,0,0,40,0
6543904VK4864D,1,0,0,34,0
6812702VK4861B,1,0,0,17,0
6812704VK4861B,1,0,0,18,0
6813712VK4861D,1,0,0,19,0
6540311VK4864B,1,0,0,110,0
6440305VK4864A,1,0,0,31,0
6440307VK4864A,1,0,0,94,0
6440311VK4864A,1,0,0,56,0
6540315VK4864B,1,0,0,33,0
6340702VK4863G,1,0,0,56,0
6910302VK4861B,1,0,0,12,0
6910305VK4861B,1,0,0,19,0
6809413VK4861B,1,0,0,10,0
6419015VK4861G,1,0,0,54,0
6516203VK4861F,1,0,0,38,0
6514410VK4861D,1,0,0,1,0
6713907VK4861D,1,0,0,8,0
6418914VK4861G,1,0,0,19,0
6810220VK4860H,1,0,0,18,0
6810239VK4860H,1,0,0,19,0
6809401VK4861B,1,0,0,21,0
6615706VK4861F,1,0,0,53,0
6712919VK4861B,1,0,0,6,0
6913954VK4861D,1,0,0,4,0
6214624VK4861C,1,0,0,5,0
6910311VK4861B,1,0,0,55,0
6515919VK4861F,1,0,0,16,0
6315412VK4861E,1,0,0,17,0
5345801VK4854E,21,0,0,574,0
6913812VK4861D,1,0,0,23,0
6315402VK4861E,1,0,0,16,0
6115546VK4861E,1,0,0,1,0
6418929VK4861G,1,0,0,8,0
6812720VK4861B,1,0,0,36,0
6517127VK4861F,1,0,0,27,0
6214631VK4861C,1,0,0,17,0
6316616VK4861E,1,0,0,4,0
6515307VK4861F,1,0,0,33,0
6913703VK4861D,1,0,0,35,0
6809505VK4860H,1,0,0,6,0
6810248VK4860H,1,0,0,14,0
6614421VK4861F,1,0,0,14,0
6812113VK4861B,1,0,0,41,0
6813920VK4861D,1,0,0,38,0
6615711VK4861F,1,0,0,16,0
6316618VK4861E,1,0,0,16,0
6316620VK4861E,1,0,0,37,0
6913702VK4861D,1,0,0,41,0
6418920VK4861G,1,0,0,21,0
6415903VK4861E,1,0,0,22,0
6139606VK4861G,1,0,0,21,0
6219103VK4861G,1,0,0,30,0
6219108VK4861G,1,0,0,30,0
7011108VK4871A,1,0,0,16,0
6913938VK4861B,1,0,0,17,0
6909116VK4860H,1,0,0,4,0
6913964VK4861D,1,0,0,9,0
6908604VK4870G,1,0,0,3,0
6908605VK4870G,1,0,0,17,0
6908607VK4870G,1,0,0,3,0
6908608VK4870G,1,0,0,2,0
6012402VK4861C,0,0,1,0,462
6514305VK4861D,1,0,0,8,0
6215505VK4861E,1,0,0,4,0
6319516VK4861G,1,0,0,13,0
6320622VK4862A,1,0,0,14,0
6320623VK4862A,1,0,0,15,0
6320634VK4862A,1,0,0,15,0
6320618VK4862A,1,0,0,17,0
6320613VK4862A,1,0,0,15,0
6320611VK4862A,1,0,0,24,0
6320606VK4862A,1,0,0,18,0
6320604VK4862A,1,0,0,15,0
6220904VK4862A,1,0,0,18,0
6220911VK4862A,1,0,0,21,0
6220918VK4862A,1,0,0,2,0
6220924VK4862A,1,0,0,8,0
6419017VK4861G,1,0,0,45,0
6517125VK4861H,1,0,0,26,0
6516204VK4861F,1,0,0,23,0
6317826VK4861E,1,0,0,12,0
6216803VK4861E,1,0,0,2,0
6517106VK4861F,1,0,0,23,0
7011129VK4871A,1,0,0,9,0
7011132VK4871A,1,0,0,18,0
9464232VK3696C,1,0,0,40,0
9464705VK3696C,1,0,0,65,0
9967108VK3696F,1,0,0,68,0
1047501VK4614G,0,0,1,0,324
0066905VK4606E,1,0,0,41,0
9562510VK3696D,1,0,0,1,0
1871407VK4617B,1,0,0,109,0
0984601VK4608D,0,0,1,0,78
0177648VK5607G,1,0,0,4,0
0276940VK5607E,1,0,0,2,0
0276941VK5607E,1,0,0,2,0
0276943VK5607E,1,0,0,2,0
0276946VK5607E,1,0,0,2,0
0276950VK5607E,1,0,0,2,0
0276952VK5607E,1,0,0,2,0
0276935VK5607E,1,0,0,2,0
8683912VK4688D,1,0,0,25,0
7786206VK4678F,5,0,0,101,0
0276977VK5607E,1,0,0,1,0
8096502VK4689E,1,0,0,12,0
7685907VK4678F,1,0,0,27,0
7402902VK4770A,1,0,0,66,0
7003713VK4770C,1,0,0,96,0
7795101VK4679F,0,0,1,0,94
6301937VK4760A,1,0,0,48,0
8884218VK4688D,1,0,0,25,0
7893103VK4679D,0,0,1,0,4354
8198837VK4689G,1,0,0,32,0
0582321VK5608D,1,0,0,5,0
9278639VK4697G,1,0,0,19,0
8983923VK4688D,1,0,0,44,0
0582319VK5608D,1,0,0,25,0
9379931VK4697G,1,0,0,34,0
9379930VK4697G,1,0,0,25,0
0077122VK5607E,1,0,0,15,0
0077123VK5607E,1,0,0,21,0
8683948VK4688D,1,0,0,16,0
8683950VK4688D,1,0,0,22,0
8683952VK4688D,1,0,0,19,0
8683927VK4688D,1,0,0,25,0
8683931VK4688D,1,0,0,32,0
8683940VK4688D,1,0,0,19,0
9976738VK4697F,1,0,0,19,0
8096514VK4689E,1,0,0,18,0
0276961VK5607E,1,0,0,2,0
0177638VK5607G,1,0,0,3,0
0077129VK5607E,1,0,0,7,0
7786249VK4678F,1,0,0,14,0
7802911VK4770B,1,0,0,119,0
0480404VK5608A,1,0,0,29,0
0483209VK5608C,1,0,0,29,0
7685928VK4678F,1,0,0,21,0
7685929VK4678F,1,0,0,25,0
8299531VK4689G,1,0,0,23,0
8299533VK4689G,1,0,0,24,0
8299535VK4689G,1,0,0,18,0
8096104VK4689E,1,0,0,7,0
8096108VK4689E,1,0,0,7,0
0177631VK5607G,1,0,0,4,0
0177629VK5607G,1,0,0,5,0
0177627VK5607G,1,0,0,4,0
0379548VK5607G,1,0,0,30,0
0177651VK5607G,1,0,0,4,0
0177650VK5607G,1,0,0,4,0
0177619VK5607G,1,0,0,3,0
0379509VK5607G,1,0,0,5,0
0379518VK5607G,1,0,0,5,0
0379525VK5607G,1,0,0,5,0
0379535VK5607G,1,0,0,5,0
0276919VK5607E,1,0,0,29,0
8299510VK4689G,1,0,0,22,0
0276924VK5607E,1,0,0,2,0
9976727VK4697F,1,0,0,2,0
9976728VK4697F,1,0,0,2,0
9976733VK4697F,1,0,0,25,0
2225770VK5722E,1,0,0,3,0
8428301VK4782G,1,0,0,15,0
8229605VK4782G,1,0,0,8,0
7929706VK4772H,1,0,0,7,0
8730201VK4783B,1,0,0,23,0
8926501VK4782F,1,0,0,10,0
8828919VK4782H,1,0,0,39,0
7929505VK4772H,1,0,0,237,0
3434822VK5733C,1,0,0,2,0
3434827VK5733C,1,0,0,2,0
3724605VK5732D,1,0,0,6,0
3724608VK5732D,1,0,0,6,0
3724609VK5732D,1,0,0,6,0
3724615VK5732D,1,0,0,6,0
3724630VK5732D,1,0,0,6,0
3724644VK5732D,1,0,0,6,0
3621932VK5732B,1,0,0,6,0
3621928VK5732B,1,0,0,6,0
3621924VK5732B,1,0,0,6,0
3621921VK5732B,1,0,0,6,0
3621917VK5732B,1,0,0,6,0
3621915VK5732B,1,0,0,6,0
3621911VK5732B,1,0,0,6,0
3727727VK5732F,1,0,0,39,0
3727703VK5732F,1,0,0,40,0
2825105VK5722F,4,0,0,60,0
3519216VK5731H,1,0,0,5,0
3519218VK5731H,1,0,0,5,0
3519219VK5731H,1,0,0,5,0
3519222VK5731H,1,0,0,5,0
3519231VK5731H,1,0,0,5,0
3519233VK5731H,1,0,0,5,0
3219607VK5731G,1,0,0,9,0
3219611VK5731G,1,0,0,9,0
3219632VK5731G,1,0,0,9,0
2622656VK5722D,1,0,0,5,0
2622658VK5722D,1,0,0,5,0
2622632VK5722D,1,0,0,5,0
2622613VK5722D,1,0,0,5,0
3319915VK5731G,1,0,0,9,0
3319918VK5731G,1,0,0,9,0
3725505VK5732F,1,0,0,9,0
3725507VK5732F,1,0,0,9,0
3725509VK5732F,1,0,0,9,0
3725514VK5732F,1,0,0,9,0
3725518VK5732F,1,0,0,9,0
3725524VK5732F,1,0,0,9,0
3725525VK5732F,1,0,0,9,0
3725540VK5732F,1,0,0,9,0
3319935VK5731G,1,0,0,9,0
3319942VK5731G,1,0,0,9,0
3727530VK5732H,1,0,0,4,0
3727517VK5732H,1,0,0,4,0
3727509VK5732H,1,0,0,4,0
3727506VK5732H,1,0,0,4,0
3631440VK5733B,1,0,0,1,0
3727744VK5732F,1,0,0,41,0
9623603VK4792D,0,0,1,0,396
2625801VK5722F,1,0,0,997,0
2830204VK5723B,2,0,0,16,0
3132301VK5733C,1,0,0,801,0
2225754VK5722E,1,0,0,2,0
7871924VK4777B,1,0,0,25,0
7871923VK4777B,1,0,0,25,0
7970131VK4777B,1,0,0,12,0
7769312VK4776H,1,0,0,19,0
7769320VK4776H,1,0,0,25,0
7769321VK4776H,1,0,0,5,0
7069916VK4776G,1,0,0,37,0
7970117VK4777B,1,0,0,26,0
7970124VK4777B,1,0,0,25,0
7768512VK4776H,1,0,0,37,0
7768517VK4776H,1,0,0,36,0
7869410VK4776H,1,0,0,21,0
7869429VK4776H,1,0,0,41,0
7869425VK4776H,1,0,0,32,0
6968504VK4767H,0,0,1,0,136
6868408VK4767H,1,0,0,195,0
6960942VK4766B,1,0,0,7,0
7773106VK4777D,1,0,0,13,0
6067606VK4766E,1,0,0,383,0
6968523VK4767H,1,0,0,199,0
7550216VK4775B,0,0,1,0,80
7249213VK4774G,0,0,1,0,82
8153101VK4785C,0,0,1,0,83
8045908VK4784E,1,0,0,63,0
8045909VK4784E,1,0,0,63,0
8246107VK4784E,1,0,0,1,0
8246109VK4784E,1,0,0,1,0
8045930VK4784E,1,0,0,5,0
7744827VK4774D,1,0,0,1,0
7744834VK4774D,1,0,0,17,0
7744835VK4774D,1,0,0,17,0
7744837VK4774D,1,0,0,1,0
7744839VK4774D,1,0,0,21,0
7744846VK4774D,1,0,0,1,0
7744847VK4774D,1,0,0,17,0
7744851VK4774D,1,0,0,1,0
7744857VK4774D,1,0,0,1,0
7744814VK4774D,1,0,0,10,0
7744821VK4774D,1,0,0,2,0
7744859VK4774D,1,0,0,14,0
8648802VK4784H,1,0,0,6,0
8547211VK4784H,1,0,0,5,0
9256902VK4795E,1,0,0,2,0
9256913VK4795E,1,0,0,10,0
8648805VK4784H,1,0,0,4,0
8648808VK4784H,1,0,0,4,0
8648811VK4784H,1,0,0,23,0
8748504VK4784H,1,0,0,9,0
2074412VK5727C,1,0,0,2,0
1874511VK5717D,1,0,0,9,0
2073403VK5727C,1,0,0,83,0
2077915VK5727G,1,0,0,161,0
1773818VK5717D,1,0,0,27,0
1773820VK5717D,1,0,0,29,0
1578541VK5717H,1,0,0,19,0
1578542VK5717H,1,0,0,21,0
1879118VK5717H,1,0,0,11,0
1779109VK5717H,1,0,0,8,0
1779113VK5717H,1,0,0,8,0
1779116VK5717H,1,0,0,8,0
1674720VK5715D,1,0,0,10,0
1674707VK5715D,1,0,0,35,0
1773811VK5717D,1,0,0,40,0
1675513VK5717F,1,0,0,29,0
1675520VK5717F,1,0,0,18,0
1578534VK5717H,1,0,0,26,0
1578537VK5717H,1,0,0,26,0
1578529VK5717H,1,0,0,7,0
1873410VK5717D,1,0,0,2,0
1873412VK5717D,1,0,0,25,0
1873414VK5717D,1,0,0,5,0
1873417VK5717D,1,0,0,38,0
1676517VK5717F,1,0,0,38,0
1873826VK5717D,1,0,0,39,0
7878115VK4777H,1,0,0,15,0
7878110VK4777H,1,0,0,49,0
8079912VK4787G,1,0,0,4,0
8079301VK4787G,1,0,0,24,0
8172227VK4787A,1,0,0,5,0
8171901VK4787A,1,0,0,4,0
8171905VK4787A,1,0,0,4,0
8179507VK4787G,1,0,0,29,0
8379916VK4787G,1,0,0,41,0
8278912VK4787G,1,0,0,7,0
8078504VK4787G,1,0,0,21,0
7978203VK4777H,1,0,0,1,0
7878905VK4777H,1,0,0,12,0
7878912VK4777H,1,0,0,49,0
8071121VK4787A,1,0,0,192,0
7877625VK4777F,1,0,0,32,0
7877626VK4777F,1,0,0,18,0
8077408VK4787G,1,0,0,15,0
8170501VK4787A,1,0,0,27,0
8170508VK4787A,1,0,0,10,0
8077401VK4787G,1,0,0,10,0
8070902VK4787A,1,0,0,20,0
8276907VK4787E,4,0,0,99,0
8276909VK4787E,1,0,0,19,0
7876115VK4777F,1,0,0,24,0
8375402VK4787E,1,0,0,147,0
8073706VK4787C,1,0,0,16,0
7972927VK4777B,1,0,0,35,0
7678807VK4777H,0,0,1,0,83
7972933VK4777B,1,0,0,25,0
7972906VK4777B,1,0,0,33,0
7877108VK4777F,1,0,0,23,0
7877116VK4777F,1,0,0,15,0
7778125VK4777H,1,0,0,25,0
8170515VK4787A,1,0,0,23,0
8170520VK4787A,1,0,0,23,0
8578302VK4787H,1,0,0,19,0
8578314VK4787H,1,0,0,9,0
8179708VK4787G,1,0,0,13,0
7976632VK4777F,1,0,0,22,0
7972914VK4777B,1,0,0,20,0
8172211VK4787A,1,0,0,24,0
8170716VK4787A,1,0,0,7,0
5677219VK4557F,0,0,1,0,245
6074323VK4767C,1,0,0,15,0
6074311VK4767C,1,0,0,15,0
6074716VK4767C,1,0,0,76,0
6074709VK4767C,1,0,0,4,0
6074703VK4767C,1,0,0,11,0
6074734VK4767C,1,0,0,2,0
6074726VK4767C,1,0,0,2,0
6074314VK4767C,1,0,0,15,0
6171508VK4767A,1,0,0,22,0
6171503VK4767A,1,0,0,34,0
6171515VK4767A,1,0,0,32,0
6171521VK4767A,1,0,0,23,0
6171524VK4767A,1,0,0,26,0
6272708VK4767A,1,0,0,27,0
6272711VK4767A,1,0,0,16,0
6472827VK4767A,1,0,0,19,0
6472830VK4767A,1,0,0,29,0
6472814VK4767A,1,0,0,16,0
6472822VK4767A,1,0,0,16,0
6671413VK4767B,1,0,0,33,0
6076807VK4767E,1,0,0,3,0
6269312VK4767G,1,0,0,19,0
6370144VK4767A,1,0,0,19,0
6370145VK4767A,1,0,0,21,0
6370116VK4767A,1,0,0,50,0
6373530VK4767C,1,0,0,6,0
6076808VK4767E,1,0,0,19,0
6571123VK4767B,1,0,0,3,0
6269307VK4766G,1,0,0,13,0
6269305VK4766G,1,0,0,16,0
6171537VK4767A,1,0,0,23,0
6573316VK4767D,1,0,0,14,0
6474604VK4767C,1,0,0,3,0
6372214VK4767A,1,0,0,2,0
6372215VK4767A,1,0,0,2,0
6372220VK4767A,1,0,0,2,0
6075516VK4767E,1,0,0,8,0
6370512VK4767A,1,0,0,14,0
6472414VK4767C,1,0,0,20,0
6472420VK4767C,1,0,0,20,0
6177715VK4767E,1,0,0,1,0
6175421VK4767E,1,0,0,4,0
6175404VK4767E,1,0,0,4,0
6177705VK4767E,1,0,0,5,0
6377829VK4767E,1,0,0,3,0
6377811VK4767E,1,0,0,3,0
6474622VK4767C,1,0,0,3,0
6474616VK4767C,1,0,0,4,0
6373514VK4767C,1,0,0,6,0
6373517VK4767C,1,0,0,6,0
6373520VK4767C,1,0,0,6,0
6177709VK4767E,1,0,0,5,0
6573326VK4767D,1,0,0,2,0
6371917VK4767A,1,0,0,5,0
6671430VK4767B,1,0,0,39,0
7679108VK4777H,1,0,0,20,0
6171513VK4767A,1,0,0,51,0
6276210VK4767E,1,0,0,11,0
6269304VK4766G,1,0,0,16,0
6671432VK4767B,1,0,0,16,0
9790605VK4799B,1,0,0,26,0
0592403VK5709D,1,0,0,26,0
9790681VK4799B,1,0,0,31,0
9790685VK4799B,1,0,0,26,0
9790688VK4799B,1,0,0,12,0
0291961VK5709A,1,0,0,22,0
0291920VK5709A,1,0,0,65,0
0992301VK5709D,1,0,0,30,0
0494903VK5709C,0,0,1,0,9154
9790699VK4799B,1,0,0,24,0
1207228VK5810E,0,1,0,190,0
1006425VK5810E,1,0,0,102,0
1004209VK5810C,1,0,0,42,0
1108207VK5810G,1,0,0,27,0
1307809VK5810E,1,0,0,17,0
0800302VK5800B,1,0,0,28,0
1105701VK5810E,1,0,0,56,0
0906304VK5800F,1,0,0,103,0
0905611VK5800F,1,0,0,166,0
0810831VK5800H,1,0,0,19,0
1206521VK5810E,1,0,0,21,0
28900M00300092,1,0,0,84,0
28900M00300093,1,0,0,45,0
28900M00300099,1,0,0,188,0
28900M00300183,1,0,0,155,0
28900M00300185,1,0,0,40,0
28900M00300190,0,0,1,0,197
28900M00300217,1,0,0,24,0
28900M00300396,1,0,0,23,0
28900M00300397,1,0,0,54,0
9804417VK4890D,1,0,0,1,0
9604514VK4890D,1,0,0,7,0
9504630VK4890D,1,0,0,18,0
9504634VK4890D,1,0,0,17,0
9504636VK4890D,1,0,0,15,0
9504644VK4890D,1,0,0,6,0
9508121VK4890G,1,0,0,1,0
9805224VK4890F,1,0,0,37,0
9705111VK4890D,1,0,0,9,0
9605512VK4890F,1,0,0,49,0
9605514VK4890F,1,0,0,56,0
9803735VK4890D,1,0,0,42,0
9608715VK4890H,1,0,0,14,0
9407439VK4890E,1,0,0,27,0
9805230VK4890F,1,0,0,39,0
9504621VK4890D,1,0,0,17,0
9805241VK4890F,1,0,0,16,0
9604544VK4890D,1,0,0,2,0
9608728VK4890H,1,0,0,2,0
98037E9VK4890D,1,0,0,9,0
98037E4VK4890D,1,0,0,1,0
98037E8VK4890D,1,0,0,2,0
9706206VK4890F,1,0,0,1,0
9706209VK4890F,1,0,0,1,0
9706212VK4890F,1,0,0,1,0
9803511VK4890D,1,0,0,6,0
9805214VK4890F,1,0,0,23,0
9708226VK4890H,1,0,0,9,0
9708911VK4890H,1,0,0,10,0
9604552VK4890D,1,0,0,16,0
9407449VK4890G,20,0,0,62,0
9803785VK4890D,1,0,0,18,0
9803786VK4890D,1,0,0,18,0
9605538VK4890F,1,0,0,21,0
0498710VK5709G,1,0,0,17,0
0194405VK5709C,1,0,0,22,0
0396508VK5709E,1,0,0,36,0
0396501VK5709E,1,0,0,19,0
0396502VK5709E,1,0,0,21,0
0598305VK5709H,1,0,0,17,0
0197711VK5709E,1,0,0,14,0
0197702VK5709E,1,0,0,18,0
0197903VK5709E,1,0,0,31,0
0299908VK5709G,1,0,0,14,0
0499105VK5709G,1,0,0,1,0
0499107VK5709G,1,0,0,23,0
0297602VK5709E,1,0,0,16,0
0398309VK5709G,1,0,0,15,0
9800615VK4890B,1,0,0,19,0
9800606VK4890B,1,0,0,2,0
0599208VK5709H,1,0,0,21,0
0599209VK5709H,1,0,0,20,0
0194401VK5709C,1,0,0,2,0
0497827VK5709E,1,0,0,24,0
0399612VK5709G,1,0,0,23,0
0199807VK5709G,1,0,0,28,0
0199809VK5709G,1,0,0,18,0
0198513VK5709G,1,0,0,20,0
0197907VK5709E,1,0,0,3,0
0498713VK5709G,1,0,0,30,0
7329403VK4872G,0,0,1,0,7507
7332101VK4873A,1,0,0,597,0
8124701VK4882C,1,0,0,601,0
7819901VK4871H,1,0,0,4672,0
9619106VK3791H,1,0,0,201,0
9619923VK3791H,0,0,1,0,203
9621108VK3792B,1,0,0,65,0
9621921VK3792B,1,0,0,56,0
9717406VK3791H,1,0,0,40,0
9720404VK3792B,1,0,0,138,0
8415910VK3781E,1,0,0,36,0
8214503VK3781C,1,0,0,384,0
8414309VK3781C,1,0,0,30,0
9020402VK3792A,1,0,0,855,0
9222101VK3792A,1,0,0,1502,0
9114433VK3791C,1,0,0,391,0
9215147VK3791E,4,0,0,8,0
8021308VK3782A,1,0,0,63,0
8619707VK3781H,1,0,0,80,0
8219519VK3781G,1,0,0,90,0
8417904VK3781H,1,0,0,38,0
8419326VK3781G,1,0,0,47,0
8419510VK3781G,1,0,0,101,0
7719510VK3771H,1,0,0,58,0
7920513VK3772B,1,0,0,118,0
8518125VK3781H,1,0,0,46,0
8319609VK3781G,1,0,0,54,0
7816202VK3771F,0,0,1,0,107
8320210VK3782A,1,0,0,9,0
7820225VK3772B,1,0,0,112,0
7822908VK3772B,1,0,0,30,0
7823107VK3772D,1,0,0,130,0
7622502VK3772D,1,0,0,74,0
9022817VK3792A,1,0,0,635,0
8519911VK3781H,1,0,0,81,0
6808607VK3760H,1,0,0,25,0
7411602VK3771B,1,0,0,195,0
7415306VK3771E,1,0,0,113,0
7115624VK3771E,1,0,0,79,0
7010101VK3771A,1,0,0,122,0
7613404VK3771D,1,0,0,178,0
7011703VK3771A,1,0,0,97,0
7012703VK3771A,1,0,0,151,0
7214215VK3771C,1,0,0,147,0
7014209VK3771C,1,0,0,144,0
7110415VK3771A,1,0,0,159,0
6800502VK3760B,1,0,0,6,0
6896301VK3669F,1,0,0,56,0
6499801VK3669G,0,0,1,0,1303
7811904VK3771B,0,0,1,0,306
7005601VK3770E,1,0,0,33,0
8210314VK3781A,1,0,0,85,0
5596610VK3659F,1,0,0,17,0
5689409VK3658H,1,0,0,40,0
5689477VK3658H,1,0,0,44,0
5890212VK3659B,1,0,0,60,0
5893901VK3659D,1,0,0,1380,0
6594815VK3669D,1,0,0,53,0
6596712VK3669F,1,0,0,160,0
6092903VK3669A,1,0,0,94,0
6092914VK3669A,1,0,0,45,0
6693814VK3669D,0,0,1,0,148
6693819VK3669D,1,0,0,181,0
6096357VK3669E,0,2,0,110,0
6192109VK3669A,1,0,0,132,0
5594917VK3659D,1,0,0,110,0
8206413VK3780E,1,0,0,124,0
1590806VK4619B,0,0,1,0,315
0410823VK4701A,1,0,0,58,0
0207904VK4700E,1,0,0,57,0
0805309VK4700F,1,0,0,46,0
0909803VK4700H,1,0,0,240,0
0804103VK4700D,1,0,0,218,0
0209401VK4700G,1,0,0,152,0
0410809VK4701A,1,0,0,44,0
0508334VK4700H,1,0,0,147,0
0208932VK4700G,1,0,0,54,0
9811705VK3791B,1,0,0,30,0
0612111VK4701B,1,0,0,227,0
0211706VK4701A,1,0,0,116,0
9503404VK3790D,1,0,0,131,0
9708528VK3790H,1,0,0,103,0
0009510VK4700G,1,0,0,80,0
0008402VK4700G,1,0,0,109,0
9905515VK3790F,1,0,0,48,0
9904516VK3790D,1,0,0,89,0
0008903VK4700G,1,0,0,8,0
9805602VK3790F,1,0,0,48,0
32018B0VK4730A,1,0,0,8,0
3995511VK4639F,1,0,0,10,0
3997708VK4639F,1,0,0,3,0
3997722VK4639F,1,0,0,3,0
3995535VK4639F,1,0,0,2,0
3995515VK4639F,1,0,0,10,0
3102930VK4730A,1,0,0,16,0
34022A8VK4730C,1,0,0,4,0
3995562VK4639F,1,0,0,8,0
3995563VK4639F,1,0,0,8,0
3995564VK4639F,1,0,0,8,0
3402274VK4730C,1,0,0,4,0
3899318VK4639H,1,0,0,7,0
3501349VK4730B,1,0,0,6,0
2503846VK4720D,10,0,0,20,0
2503844VK4720D,10,0,0,20,0
3770948VK4730B,1,0,0,8,0
3770959VK4730B,1,0,0,5,0
3999770VK4639H,1,0,0,8,0
3999757VK4639H,1,0,0,12,0
37709C2VK4730B,1,0,0,8,0
3999720VK4639H,1,0,0,8,0
3501844VK4730B,1,0,0,5,0
3501839VK4730B,1,0,0,7,0
3600140VK4730B,1,0,0,6,0
28035E3VK4720D,1,0,0,9,0
36001C9VK4730B,1,0,0,6,0
36001E2VK4730B,1,0,0,10,0
2902961VK4720D,1,0,0,7,0
36001A4VK4730B,1,0,0,10,0
3600173VK4730B,1,0,0,8,0
3600186VK4730B,1,0,0,14,0
3600184VK4730B,1,0,0,10,0
4294212VK4649C,1,0,0,10,0
4294216VK4649C,1,0,0,9,0
4294217VK4649C,1,0,0,9,0
4294218VK4649C,1,0,0,9,0
4294223VK4649C,1,0,0,9,0
4293503VK4649C,1,0,0,14,0
30015C7VK4730A,1,0,0,4,0
4293511VK4649C,1,0,0,10,0
4293545VK4649C,1,0,0,2,0
4293546VK4649C,1,0,0,2,0
4293533VK4649C,1,0,0,2,0
4293537VK4649C,1,0,0,2,0
4093153VK4649C,1,0,0,7,0
3001575VK4730A,1,0,0,4,0
3995506VK4639F,1,0,0,10,0
3995520VK4639F,1,0,0,10,0
30015D2VK4730A,1,0,0,4,0
3102941VK4730A,1,0,0,8,0
3606115VK4730F,1,0,0,43,0
3421302VK4732A,1,0,0,43,0
3222601VK4732C,6,0,0,25,0
3522109VK4732B,1,0,0,66,0
3212107VK4731A,1,0,0,125,0
3621112VK4732B,1,0,0,183,0
3520214VK4732B,0,0,6,0,126
3619906VK4731H,1,0,0,130,0
3311115VK4731A,0,0,1,0,274
3210716VK4731A,1,0,0,71,0
3616537VK4731F,1,0,0,118,0
3405404VK4730E,1,0,0,206,0
3412902VK4731A,1,0,0,72,0
3611317VK4731B,1,0,0,46,0
3322101VK4732A,1,0,0,7,0
3614211VK4731D,1,0,0,107,0
3420810VK4732A,1,0,0,205,0
3220706VK4732A,1,0,0,181,0
3319620VK4731G,1,0,0,57,0
3314538VK4731C,1,0,0,60,0
3518804VK4731H,1,0,0,33,0
3517810VK4731F,1,0,0,55,0
3516502VK4731F,1,0,0,61,0
3117821VK4731E,1,0,0,42,0
3117822VK4731E,1,0,0,28,0
3217511VK4731G,1,0,0,43,0
3418621VK4731G,1,0,0,191,0
3517231VK4731F,1,0,0,157,0
3719515VK4731H,1,0,0,196,0
4018201VK4741G,1,0,0,49,0
4112636VK4741A,1,0,0,8,0
3716410VK4731F,1,0,0,61,0
3609514VK4730H,1,0,0,38,0
5908307VK4750H,0,0,1,0,116
5015102VK4751E,1,0,0,30,0
4711909VK4741B,1,0,0,34,0
4810103VK4741B,1,0,0,247,0
5218115VK4751G,0,0,1,0,158
5517903VK4751H,0,0,1,0,42
5214803VK4751C,2,0,0,28,0
3826414VK4732F,1,0,0,26,0
3929106VK4732H,1,0,0,170,0
3920810VK4732B,1,0,0,26,0
3922650VK4732D,1,0,0,19,0
3624219VK4732D,1,0,0,70,0
3830823VK4733B,1,0,0,121,0
3829315VK4732H,1,0,0,16,0
3626501VK4732F,1,0,0,186,0
3626513VK4732F,1,0,0,94,0
3729109VK4732H,1,0,0,269,0
3824920VK4732D,1,0,0,85,0
3622809VK4732B,1,0,0,331,0
4218403VK4741G,1,0,0,118,0
8884237VK4688D,1,0,0,17,0
0596450VK4709F,1,0,0,21,0
9438502VK3793G,1,0,0,59,0
9539506VK3793H,1,0,0,59,0
9845905VK3794F,1,0,0,338,0
9848402VK3794H,1,0,0,471,0
9640303VK3794B,1,0,0,109,0
9939413VK3793H,1,0,0,430,0
9940506VK3794B,1,0,0,99,0
9947617VK3794F,1,0,0,2695,0
9948902VK3794H,1,0,0,201,0
9751808VK3795B,1,0,0,75,0
9939802VK3793H,1,0,0,131,0
9945813VK3794F,1,0,0,16,0
0340416VK4704A,1,0,0,601,0
0835113VK4703F,1,0,0,51,0
0534907VK4703D,1,0,0,96,0
0535603VK4703F,1,0,0,140,0
0536419VK4703F,1,0,0,49,0
0537201VK4703H,1,0,0,104,0
0235803VK4703E,1,0,0,47,0
0236506VK4703E,1,0,0,60,0
0039714VK4703G,1,0,0,259,0
0037409VK4703G,0,0,1,0,40
0734406VK4703D,1,0,0,96,0
0237925VK4703E,1,0,0,246,0
0436304VK4703E,1,0,0,34,0
0436333VK4703E,1,0,0,83,0
0736905VK4703F,1,0,0,14,0
0737205VK4803E,1,0,0,5,0
0737210VK4803E,1,0,0,4,0
9936410VK3793F,1,0,0,66,0
9936417VK3793F,1,0,0,548,0
0737216VK4803E,1,0,0,4,0
0739201VK4703H,1,0,0,36,0
0138711VK4703G,1,0,0,174,0
0937506VK4703H,1,0,0,225,0
0140412VK4704A,1,0,0,257,0
0636317VK4703F,1,0,0,92,0
0640808VK4704B,1,0,0,140,0
1039406VK4713G,1,0,0,55,0
1039807VK4713G,1,0,0,73,0
0840402VK4704B,1,0,0,1989,0
0840719VK4704B,1,0,0,45,0
0841614VK4704B,1,0,0,459,0
0841715VK4704B,1,0,0,81,0
0542515VK4704D,1,0,0,53,0
0740904VK4704B,1,0,0,77,0
0941909VK4704B,1,0,0,185,0
0945119VK4704D,1,0,0,804,0
0950405VK4705B,1,0,0,87,0
0754513VK4705D,1,0,0,178,0
1453008VK4715C,1,0,0,370,0
0953024VK4705D,1,0,0,90,0
0953510VK4705D,1,0,0,463,0
0657705VK4705F,1,0,0,54,0
1051806VK4715A,1,0,0,342,0
1052414VK4715C,1,0,0,606,0
0850701VK4705B,1,0,0,55,0
0851107VK4705B,1,0,0,38,0
0751007VK4705B,1,0,0,154,0
1251806VK4715A,1,0,0,32,0
1254001VK4715C,1,0,0,212,0
0756702VK4705F,1,0,0,326,0
0952011VK4705B,1,0,0,94,0
0454505VK4705C,1,0,0,148,0
0149302VK4704G,0,0,1,0,1046
0350210VK4705A,1,0,0,52,0
0353202VK4705C,1,0,0,115,0
0353601VK4705C,1,0,0,191,0
0354503VK4705C,1,0,0,71,0
0051208VK4705A,1,0,0,483,0
0251914VK4705A,1,0,0,839,0
0252410VK4705C,1,0,0,135,0
0452106VK4705A,1,0,0,147,0
0151503VK4705A,1,0,0,682,0
0652210VK4705B,1,0,0,183,0
0653317VK4705D,1,0,0,71,0
9557602VK3795F,1,0,0,441,0
0147905VK4704G,1,0,0,107,0
0644308VK4704D,0,1,0,100,0
0647810VK4704F,0,2,0,60,0
0042813VK4704A,1,0,0,35,0
0043104VK4704C,2,0,0,134,0
0044406VK4704C,1,0,0,1494,0
0044410VK4704C,1,0,0,579,0
0241508VK4704A,1,0,0,483,0
0445410VK4704E,1,0,0,243,0
0141210VK4704A,1,0,0,1102,0
0141214VK4704A,1,0,0,49,0
0142204VK4704A,1,0,0,21,0
0142206VK4704A,1,0,0,55,0
0142503VK4704C,1,0,0,62,0
0142504VK4704C,1,0,0,35,0
0144606VK4704C,1,0,0,1246,0
0245707VK4704C,1,0,0,2414,0
9531110VK3793B,1,0,0,308,0
9531113VK3793B,1,0,0,357,0
9027607VK3792E,0,0,1,0,6520
0423202VK4702C,1,0,0,340,0
0424201VK4802E,1,0,0,27,0
0721413VK4702B,0,0,1,0,882
1018505VK4711G,1,0,0,264,0
1311303VK4711A,0,0,1,0,54
0926105VK4702F,1,0,0,26,0
1224941VK4712C,1,0,0,74,0
1925803VK4712F,1,0,0,125,0
1825602VK4712F,1,0,0,296,0
0728703VK4702H,1,0,0,368,0
1232206VK4713A,1,0,0,58,0
1327210VK4712E,1,0,0,19,0
1128403VK4712G,1,0,0,582,0
2122203VK4722A,1,0,0,2033,0
2433203VK4723C,1,0,0,16,0
2831803VK4723B,1,0,0,11,0
3129212VK4732G,1,0,0,233,0
3539218VK4733H,1,0,0,34,0
2848307VK4724H,1,0,0,206,0
2646506VK4724F,1,0,0,177,0
2743501VK4724D,0,0,14,0,730
2847308VK4724H,1,0,0,105,0
1541703VK4714B,1,0,0,95,0
1541706VK4714B,1,0,0,878,0
1543507VK4714D,1,0,0,888,0
1545605VK4714F,1,0,0,1411,0
1643101VK4814D,1,0,0,22,0
1835802VK4713F,0,0,1,0,90
2135805VK4723E,1,0,0,29,0
2635904VK4723D,1,0,0,114,0
1949603VK4714H,1,0,0,358,0
1951711VK4715B,1,0,0,223,0
2053104VK4725C,4,0,0,76,0
2055308VK4725E,1,0,0,2101,0
2057910VK4725E,1,0,0,474,0
2151209VK4725A,1,0,0,160,0
2151215VK4725A,1,0,0,748,0
1448808VK4714G,1,0,0,973,0
1550405VK4715B,1,0,0,172,0
2154908VK4725C,1,0,0,22,0
2155408VK4725E,1,0,0,360,0
1649105VK4714H,1,0,0,3726,0
1751611VK4715B,1,0,0,1897,0
1756113VK4715F,1,0,0,551,0
2251211VK4725A,1,0,0,28,0
1850608VK4715B,1,0,0,808,0
1851609VK4715B,1,0,0,966,0
3154413VK4735C,1,0,0,15,0
2450514VK4725A,1,0,0,287,0
2951703VK4725B,1,0,0,224,0
2657121VK4725F,1,0,0,95,0
2751114VK4725B,1,0,0,197,0
2752105VK4725B,1,0,0,190,0
3953804VK4735D,1,0,0,22,0
3749913VK4734H,1,0,0,6,0
3749923VK4734H,1,0,0,24,0
3757512VK4735H,1,0,0,27,0
3556212VK4735F,1,0,0,440,0
3758905VK4735H,1,0,0,1124,0
3752973VK4735D,1,0,0,15,0
3465220VK4736E,1,0,0,7,0
3265812VK4736E,1,0,0,36,0
3064408VK4736C,1,0,0,38,0
3365304VK4736E,1,0,0,309,0
3865604VK4736F,1,0,0,15,0
2959206VK4725H,1,0,0,25,0
2959207VK4725H,1,0,0,13,0
2959220VK4725H,1,0,0,316,0
2658202VK4725H,1,0,0,132,0
2661812VK4726B,1,0,0,329,0
2358610VK4725G,2,0,0,33,0
2360707VK4726A,0,0,1,0,107
2058405VK4725G,1,0,0,229,0
1877619VK4717H,1,0,0,14,0
2179602VK4727G,1,0,0,15,0
2179604VK4727G,1,0,0,8,0
2179605VK4727G,1,0,0,16,0
2182902VK4728C,1,0,0,33,0
2379223VK4727G,1,0,0,9,0
2379232VK4727G,1,0,0,17,0
2380406VK4728A,1,0,0,23,0
1970607VK4717B,1,0,0,35,0
1978103VK4717H,1,0,0,19,0
1980205VK4718B,1,0,0,23,0
2472901VK4727C,2,0,0,23,0
1980427VK4718B,1,0,0,11,0
2277204VK4727G,1,0,0,4,0
2278502VK4727G,1,0,0,11,0
2473509VK4727C,1,0,0,236,0
1569703VK4716H,1,0,0,214,0
2475307VK4727E,1,0,0,8,0
1569705VK4716H,1,0,0,691,0
2281703VK4728A,1,0,0,23,0
2475812VK4727C,1,0,0,2,0
2475816VK4727E,1,0,0,27,0
2476401VK4727E,1,0,0,21,0
1674901VK4717D,1,0,0,51,0
1675806VK4717F,1,0,0,29,0
1678703VK4717H,1,0,0,19,0
2071403VK4727A,1,0,0,92,0
2071405VK4727A,1,0,0,29,0
2071406VK4727A,1,0,0,15,0
2481405VK4728A,1,0,0,6,0
1771101VK4617B,1,0,0,92,0
1774907VK4717D,1,0,0,38,0
2080402VK4728A,1,0,0,31,0
2576802VK4727F,1,0,0,4,0
2576803VK4727F,1,0,0,12,0
2369204VK4726G,1,0,0,41,0
1874616VK4717D,0,0,1,0,66
2375204VK4727E,1,0,0,7,0
2080403VK4728A,1,0,0,106,0
2180501VK4728A,1,0,0,10,0
3273102VK4737C,0,1,0,171,0
3082707VK3738C,1,0,0,4,0
3281201VK3738A,1,0,0,5,0
3281201VK4738C,1,0,0,2,0
2879605VK4727H,1,0,0,524,0
3581624VK4738B,1,0,0,17,0
3176207VK4737E,1,0,0,251,0
3681402VK4738D,0,0,3,0,269
3181801VK3738A,12,0,0,13,0
3182115VK4738A,1,0,0,2,0
3182535VK4738C,1,0,0,6,0
3182604VK4738C,1,0,0,5,0
2774301VK4727F,1,0,0,146,0
3183109VK4738C,1,0,0,2,0
3183113VK4738C,1,0,0,24,0
2778411VK4727H,1,0,0,399,0
3482508VK4738C,1,0,0,9,0
3482522VK4738C,1,0,0,23,0
2778515VK4727H,1,0,0,222,0
3482529VK4738C,1,0,0,4,0
3081117VK4738A,1,0,0,25,0
3081130VK4738A,1,0,0,44,0
3581627VK4738B,1,0,0,15,0
3383313VK4738C,1,0,0,156,0
2975414VK4727F,1,0,0,244,0
3182503VK4738C,1,0,0,8,0
1890205VK4719B,0,0,1,0,34
1687710VK4718F,1,0,0,85,0
3083502VK4738C,1,0,0,19,0
3288818VK4738E,1,0,0,12,0
3585418VK4738F,1,0,0,17,0
3588720VK4738H,1,0,0,12,0
3685309VK4738F,1,0,0,21,0
3685341VK4738F,1,0,0,17,0
3384813VK4738C,1,0,0,1,0
3685520VK4738F,1,0,0,1,0
3690310VK4739B,1,0,0,7,0
3690313VK4739B,1,0,0,14,0
3184515VK4738C,1,0,0,10,0
3485318VK4738E,1,0,0,17,0
3486207VK4738E,1,0,0,20,0
3788317VK4738H,1,0,0,28,0
3486606VK4738E,1,0,0,18,0
3488102VK3738G,1,0,0,14,0
3488103VK3738G,1,0,0,14,0
2089524VK4728G,1,0,0,21,0
3690320VK4739B,1,0,0,7,0
2593605VK4729D,1,0,0,13,0
2593608VK4729D,1,0,0,27,0
2595425VK4729F,1,0,0,8,0
2595426VK4729F,1,0,0,15,0
2695506VK4729F,1,0,0,19,0
2897614VK4729H,1,0,0,36,0
2897601VK4729H,1,0,0,58,0
2293110VK4729C,1,0,0,9,0
2299701VK4729G,1,0,0,2707,0
2299703VK4729G,1,0,0,15,0
2299712VK4729G,1,0,0,24,0
2299736VK4729G,1,0,0,20,0
2299751VK4729G,1,0,0,54,0
2493602VK4729D,1,0,0,20,0
2098313VK4729G,1,0,0,32,0
3097704VK4739G,1,0,0,7,0
2893506VK4729D,1,0,0,20,0
2893516VK4729D,1,0,0,9,0
3391206VK4739A,1,0,0,39,0
2993903VK4729D,1,0,0,24,0
3394702VK3739C,1,0,0,25,0
3196402VK4739G,1,0,0,4,0
3196411VK4739E,1,0,0,32,0
3196416VK4739E,1,0,0,38,0
2797507VK4729F,1,0,0,54,0
2797509VK4729F,1,0,0,335,0
2098317VK4729G,1,0,0,1,0
3098920VK4739G,1,0,0,15,0
2297812VK4729E,1,0,0,24,0
2299716VK4729G,1,0,0,13,0
2993916VK4729D,1,0,0,37,0
3094414VK4739C,1,0,0,20,0
2601104VK4820B,1,0,0,480,0
2201512VK4820A,1,0,0,9,0
2302202VK4820C,1,0,0,13,0
2102123VK4820A,1,0,0,69,0
2302904VK4820A,1,0,0,18,0
9987410VK3798H,1,0,0,3,0
0183707VK4708C,1,0,0,22,0
0087955VK4708E,1,0,0,49,0
9982610VK3798B,1,0,0,105,0
0181404VK4708A,1,0,0,92,0
0288911VK4708G,1,0,0,48,0
0482201VK4708A,1,0,0,216,0
0084601VK4708C,1,0,0,40,0
0483110VK4708C,1,0,0,243,0
0183401VK4708C,1,0,0,144,0
0283406VK4708C,1,0,0,237,0
0784401VK4708D,1,0,0,71,0
0983611VK4708D,2,0,0,524,0
0882107VK4708B,1,0,0,71,0
0781208VK4708B,1,0,0,18,0
0880907VK4708B,1,0,0,28,0
1183107VK4718C,1,0,0,395,0
0679905VK4707H,1,0,0,137,0
0687701VK4708F,1,0,0,42,0
0687716VK4708F,1,0,0,23,0
1196501VK4719E,1,0,0,259,0
1195211VK4719E,1,0,0,113,0
0790913VK4709B,1,0,0,96,0
0902208VK4800D,1,0,0,188,0
1299911VK4719G,1,0,0,179,0
1500305VK4810B,0,0,1,0,322
1303405VK4810C,1,0,0,107,0
1304618VK4810C,1,0,0,182,0
1403408VK4810C,1,0,0,66,0
1505705VK4810F,1,0,0,65,0
0902808VK4800B,1,0,0,64,0
0402203VK4800A,1,0,0,112,0
0402210VK4800A,0,0,4,0,111
0699503VK4709H,1,0,0,127,0
0201620VK4800A,1,0,0,146,0
0300901VK4800A,1,0,0,87,0
0300902VK4800A,1,0,0,135,0
0802203VK3800D,1,0,0,22,0
0802203VK4800B,1,0,0,54,0
0802212VK3800D,1,0,0,22,0
0898512VK4709H,1,0,0,192,0
0501508VK4800B,1,0,0,92,0
0603603VK4800D,1,0,0,221,0
0894617VK4709D,1,0,0,34,0
0995908VK4709F,1,0,0,228,0
0597314VK4709H,1,0,0,32,0
0996442VK4709F,1,0,0,45,0
1197402VK4719G,1,0,0,52,0
0798314VK4709H,0,0,1,0,17
1098611VK4719G,1,0,0,71,0
0394504VK4709C,1,0,0,24,0
0394514VK4709C,1,0,0,131,0
9990209VK3799B,1,0,0,72,0
0693603VK4709D,1,0,0,37,0
0090407VK4709A,1,0,0,75,0
0793605VK4709D,1,0,0,52,0
0792205VK4709D,1,0,0,136,0
0792209VK4709D,1,0,0,290,0
0692705VK4709B,1,0,0,91,0
0292203VK4709C,1,0,0,145,0
0292507VK4709C,1,0,0,96,0
0292512VK4709C,1,0,0,155,0
0391701VK4709A,1,0,0,115,0
0391403VK4709A,1,0,0,32,0
0391410VK4709A,1,0,0,58,0
0487304VK4708G,1,0,0,30,0
0593325VK4709D,1,0,0,285,0
9564909VK3796D,1,0,0,19,0
9664502VK3796F,1,0,0,119,0
9364501VK3796E,1,0,0,280,0
9462813VK3796A,1,0,0,683,0
9462816VK3796A,1,0,0,236,0
9560912VK3796B,1,0,0,242,0
9765316VK3796F,1,0,0,65,0
0060104VK4706A,1,0,0,474,0
0064702VK4706C,1,0,0,361,0
0065602VK4706E,1,0,0,22,0
0167646VK4706G,1,0,0,473,0
0167655VK4706G,1,0,0,112,0
0364109VK4706C,1,0,0,861,0
9861301VK3796B,1,0,0,357,0
9861321VK3796B,1,0,0,90,0
0563716VK4706D,1,0,0,121,0
0468808VK4706G,1,0,0,228,0
0957304VK4705H,1,0,0,28,0
0958203VK4705H,1,0,0,179,0
0766215VK4706F,1,0,0,111,0
0863911VK4706D,1,0,0,122,0
1356302VK4715E,0,0,1,0,472
1356306VK4715E,1,0,0,227,0
1357914VK4715G,1,0,0,21,0
1358901VK4715G,1,0,0,282,0
1359701VK4715G,0,1,0,207,0
1359707VK4715G,1,0,0,199,0
1561301VK4716B,2,0,0,37,0
1060605VK4716A,1,0,0,888,0
1563802VK4716D,1,0,0,475,0
1565916VK4716F,1,0,0,103,0
1158803VK4715G,1,0,0,303,0
1256311VK4715E,1,0,0,315,0
1260306VK4716A,1,0,0,84,0
0865405VK4706F,1,0,0,218,0
1176102VK4717E,1,0,0,166,0
0171812VK4707A,1,0,0,149,0
0373908VK4707C,1,0,0,75,0
9275518VK3797E,1,0,0,5,0
9773718VK3797D,1,0,0,21,0
9773720VK3797D,1,0,0,17,0
9374304VK3797C,1,0,0,25,0
9376407VK3797E,1,0,0,10,0
0373910VK4707C,0,1,0,102,0
4555732VK3845F,9,0,0,48,0
4072622VK3847C,1,0,0,5,0
4359202VK3845G,1,0,0,140,0
4358306VK3845G,1,0,0,83,0
4257403VK3845G,1,0,0,4,0
4257405VK3845G,1,0,0,12,0
6811311VK3861B,14,0,0,894,0
6811316VK3861B,1,0,0,58,0
7316117VK3871E,1,0,0,29,0
7316120VK3871E,1,0,0,32,0
7316131VK3871C,1,0,0,128,0
6512505VK3861D,1,0,0,84,0
7315802VK3871C,1,0,0,37,0
7315805VK3871E,1,0,0,60,0
7313315VK3871C,1,0,0,18,0
7313312VK3871C,1,0,0,62,0
7313321VK3871C,1,0,0,86,0
7011401VK3861D,1,0,0,47,0
7011411VK3871C,1,0,0,17,0
6611901VK3861B,1,0,0,108,0
6510502VK3861D,1,0,0,51,0
6510511VK3861B,1,0,0,52,0
6510512VK3861B,1,0,0,337,0
6811301VK3861D,1,0,0,190,0
6811302VK3861B,1,0,0,89,0
7316125VK3871C,1,0,0,59,0
6810113VK3861B,1,0,0,33,0
7313316VK3871C,1,0,0,29,0
6811312VK3861B,1,0,0,52,0
6510516VK3861B,1,0,0,56,0
7009313VK3860H,1,0,0,85,0
8214208VK3881C,1,0,0,16,0
7813308VK3871D,1,0,0,1,0
7912221VK3871D,1,0,0,35,0
7813104VK3871D,1,0,0,24,0
7812920VK3871D,1,0,0,31,0
7812911VK3871D,1,0,0,4,0
7710213VK3871B,1,0,0,2,0
7812601VK3871D,1,0,0,21,0
8416747VK3881E,1,0,0,20,0
8112214VK3881A,1,0,0,20,0
8416745VK3881E,1,0,0,22,0
8315916VK3881E,1,0,0,14,0
8112618VK3781C,1,0,0,183,0
8112618VK3881C,1,0,0,22,0
8416749VK3881E,1,0,0,20,0
8416753VK3881E,1,0,0,20,0
8416759VK3881E,1,0,0,20,0
8413417VK3881C,1,0,0,19,0
8809303VK3880H,4,0,0,49,0
8612508VK3881D,1,0,0,7,0
8412528VK3881C,1,0,0,10,0
8412529VK3881C,1,0,0,10,0
8515620VK3881F,1,0,0,10,0
8012921VK3881A,8,0,0,121,0
7908205VK3870H,18,0,0,136,0
7816111VK3871F,1,0,0,25,0
7816110VK3871F,1,0,0,25,0
7816134VK3871F,1,0,0,29,0
8010321VK3881A,1,0,0,24,0
7909503VK3870H,1,0,0,14,0
7909505VK3870H,1,0,0,15,0
7909517VK3870H,1,0,0,30,0
7812624VK3871B,2,0,0,22,0
7815513VK3871F,1,0,0,21,0
7815506VK3871F,1,0,0,25,0
7909803VK3870H,1,0,0,29,0
7909813VK3870H,1,0,0,21,0
7909804VK3870H,1,0,0,40,0
8008410VK3880G,1,0,0,16,0
8008419VK3880G,1,0,0,19,0
7912704VK3871S,1,0,0,17,0
8112207VK3881A,1,0,0,16,0
8317307VK3881E,1,0,0,7,0
8010714VK3881A,1,0,0,14,0
8010722VK3881A,1,0,0,31,0
8212502VK3881C,1,0,0,27,0
7712906VK3871B,1,0,0,16,0
7712919VK3871B,1,0,0,21,0
8111607VK3881A,1,0,0,40,0
8111612VK3881A,1,0,0,9,0
8111614VK3881A,1,0,0,9,0
8109405VK3880G,1,0,0,39,0
8109406VK3880G,1,0,0,34,0
8108406VK3880G,1,0,0,5,0
8115603VK3881E,1,0,0,10,0
8216112VK3881E,1,0,0,30,0
8209901VK3880G,1,0,0,19,0
8211906VK3881A,1,0,0,17,0
8315307VK3881E,1,0,0,22,0
8217612VK3881E,1,0,0,17,0
7811106VK3871B,1,0,0,23,0
8310302VK3881A,1,0,0,3,0
8309413VK3880G,1,0,0,38,0
8309415VK3880G,1,0,0,31,0
8309421VK3880G,9,0,0,54,0
8416721VK3881F,1,0,0,21,0
8314917VK3881S,1,0,0,29,0
8313804VK3881C,1,0,0,4,0
8309427VK3880G,1,0,0,17,0
8515902VK3881F,1,0,0,4,0
8409217VK3880G,1,0,0,2,0
8515604VK3881F,1,0,0,20,0
8411705VK3881A,1,0,0,23,0
8511703VK3881B,1,0,0,38,0
7611901VK3771B,1,0,0,168,0
7511915VK3871B,1,0,0,26,0
8509605VK3880H,1,0,0,14,0
8710101VK3881B,1,0,0,33,0
8710114VK3881B,1,0,0,20,0
8711108VK3881B,1,0,0,24,0
8711129VK3881B,1,0,0,2,0
7913301VK3871D,1,0,0,31,0
8114306VK3881C,1,0,0,21,0
8113301VK3881C,1,0,0,524,0
7820109VK3871H,1,0,0,25,0
7820119VK3871H,1,0,0,28,0
7613559VK3871D,1,0,0,7,0
7818937VK3871H,1,0,0,6,0
7818929VK3871H,1,0,0,12,0
7818910VK3871H,1,0,0,10,0
7610310VK3871B,1,0,0,18,0
7809202VK3870H,1,0,0,22,0
7810207VK3871B,1,0,0,45,0
7810226VK3871B,1,0,0,18,0
8812308VK3881D,1,0,0,101,0
8714710VK3881D,1,0,0,19,0
8217608VK3881E,1,0,0,37,0
8614205VK3881D,1,0,0,32,0
7913307VK3871D,1,0,0,17,0
8216913VK3881E,1,0,0,24,0
8214615VK3881C,1,0,0,5,0
8415207VK3881E,1,0,0,27,0
8309433VK3880G,1,0,0,18,0
8512714VK3881B,1,0,0,38,0
8317608VK3881E,1,0,0,30,0
8714711VK3881D,1,0,0,24,0
7611903VK3871B,1,0,0,17,0
7718919VK3871H,1,0,0,10,0
8415211VK3881E,1,0,0,14,0
8415220VK3881E,1,0,0,20,0
8416773VK3881E,1,0,0,15,0
8416775VK3881E,1,0,0,14,0
8213307VK3881C,1,0,0,23,0
8212513VK3881C,3,0,0,55,0
0010901VK3801A,1,0,0,66,0
0006716VK4800E,1,0,0,323,0
0006709VK4700E,0,0,1,0,38
12298R2VK4821G,1,0,0,178,0
1636705VK4813F,1,0,0,2,0
1643113VK4814D,1,0,0,82,0
1643164VK4814D,1,0,0,77,0
1535204VK4813F,0,0,1,0,200
1631828VK4813B,1,0,0,68,0
1828404VK4812H,1,0,0,43,0
1729210VK4812H,1,0,0,43,0
1840416VK4814B,1,0,0,44,0
1840417VK4814B,1,0,0,70,0
1840403VK4814B,1,0,0,49,0
1840404VK4814B,1,0,0,77,0
1643159VK4814D,1,0,0,93,0
1643104VK4814D,1,0,0,30,0
1726505VK4812F,1,0,0,341,0
1942301VK4814D,1,0,0,61,0
1738310VK4813H,1,0,0,3,0
1643112VK4814D,1,0,0,72,0
1643149VK4814D,1,0,0,40,0
1738853VK4814B,1,0,0,48,0
1643145VK4814D,1,0,0,14,0
1524501VK4812E,0,0,1,0,382
1738119VK4813H,1,0,0,14,0
1738835VK4813H,1,0,0,37,0
1738819VK4813F,1,0,0,39,0
1738820VK4813F,1,0,0,31,0
1738826VK4813H,1,0,0,32,0
1539211VK4813H,1,0,0,11,0
1540705VK4814B,1,0,0,4,0
1540718VK4814B,1,0,0,4,0
1441819VK4813B,1,0,0,15,0
1441823VK4813B,1,0,0,54,0
1441824VK4813B,1,0,0,25,0
1441829VK4813G,1,0,0,18,0
1744612VK4814D,1,0,0,19,0
1744613VK4814D,1,0,0,51,0
1742509VK4814D,1,0,0,48,0
1742508VK4814D,1,0,0,22,0
1641801VK4814B,1,0,0,19,0
1641805VK4814B,1,0,0,17,0
1840414VK4814B,1,0,0,10,0
1840407VK4814B,1,0,0,51,0
1828407VK4812H,1,0,0,116,0
1929502VK4812H,1,0,0,71,0
1728502VK4812H,1,0,0,222,0
1729607VK4812H,2,0,0,32,0
1729614VK4812H,1,0,0,4,0
1832603VK4813D,1,0,0,26,0
1832103VK4813B,1,0,0,81,0
1531802VK4813B,1,0,0,12,0
1831919VK4813B,1,0,0,68,0
1436513VK4813E,1,0,0,7,0
1835106VK4813D,1,0,0,72,0
2136931VK4813D,1,0,0,102,0
1536616VK4813F,1,0,0,2,0
12298L4VK4812G,1,0,0,4,0
1636906VK4813F,1,0,0,4,0
1636708VK4813F,1,0,0,4,0
1737111VK4813F,1,0,0,3,0
1737112VK4813F,1,0,0,3,0
1737121VK4813F,1,0,0,6,0
1732211VK4813B,1,0,0,10,0
1732233VK4813B,1,0,0,1,0
1929539VK4812H,1,0,0,113,0
1131132VK4813A,25,0,0,55,0
1721203VK4812B,1,0,0,17,0
1844411VK4184D,1,0,0,28,0
1844413VK4184D,1,0,0,24,0
1844415VK4184D,1,0,0,39,0
1844425VK4184D,1,0,0,60,0
2941504VK4284B,1,0,0,127,0
1833826VK4813D,1,0,0,17,0
9528492VK3893A,1,0,0,19,0
9921201VK3892B,1,0,0,15,0
0438523VK4083H,1,0,0,5,0
0330832VK4802H,1,0,0,13,0
0125402VK4802E,1,0,0,40,0
0125416VK4802E,1,0,0,19,0
9925902VK3892F,1,0,0,19,0
0438507VK4083H,13,0,0,65,0
9528475VK3893A,1,0,0,18,0
9823330VK3892D,1,0,0,33,0
0738911VK4083G,1,0,0,5,0
9023452VK3892D,1,0,0,2,0
9927117VK3892F,1,0,0,59,0
9022460VK3882D,1,0,0,2,0
9022459VK3882D,1,0,0,12,0
9022456VK3882D,1,0,0,3,0
0538526VK4083G,1,0,0,6,0
0239712VK4083H,1,0,0,5,0
9724301VK3892D,1,0,0,62,0
9724313VK3892F,1,0,0,911,0
9823318VK3892D,1,0,0,78,0
9923903VK3892D,1,0,0,47,0
9923905VK3892D,1,0,0,29,0
9621306VK3892B,1,0,0,45,0
9621332VK3892B,1,0,0,735,0
9619607VK3892B,1,0,0,25,0
9619611VK3892B,1,0,0,111,0
9921204VK3892B,1,0,0,23,0
9921203VK3892B,1,0,0,29,0
9921212VK3892B,1,0,0,54,0
0330830VK4803B,1,0,0,31,0
0330833VK4802H,1,0,0,11,0
0330839VK4802G,1,0,0,14,0
0130306VK4803A,1,0,0,43,0
0130307VK4803A,1,0,0,43,0
0130314VK4803A,1,0,0,42,0
0028707VK4802G,1,0,0,39,0
0229930VK4802G,1,0,0,24,0
8525607VK3882C,8,0,0,48,0
8525628VK3882B,7,0,0,56,0
0429819VK4802H,1,0,0,37,0
0429821VK4802G,1,0,0,29,0
0727102VK4802H,1,0,0,37,0
0727103VK4802E,2,0,0,46,0
8925620VK3882F,1,0,0,1,0
8925647VK3882F,1,0,0,5,0
0527906VK4802H,1,0,0,25,0
0527911VK4802F,1,0,0,48,0
8925662VK3882F,1,0,0,2,0
9023440VK3882D,1,0,0,2,0
9827115VK3892F,1,0,0,94,0
0527917VK4802F,1,0,0,17,0
0527919VK4802F,1,0,0,136,0
0426609VK4802F,1,0,0,20,0
0426614VK4802F,1,0,0,22,0
0426616VK4802F,1,0,0,38,0
0715607VK4802F,1,0,0,57,0
0426611VK4802F,1,0,0,24,0
0426624VK4802F,1,0,0,45,0
0525704VK4802F,1,0,0,30,0
0525724VK4802D,1,0,0,28,0
0424213VK4802D,1,0,0,31,0
0424221VK4802C,1,0,0,36,0
8524923VK3882C,1,0,0,15,0
0638901VK4803H,1,0,0,14,0
0227614VK4802E,1,0,0,11,0
0127802VK4802G,1,0,0,50,0
0127805VK4802E,1,0,0,62,0
0027101VK3892H,1,0,0,67,0
0027108VK4802E,1,0,0,55,0
0027109VK4802E,1,0,0,32,0
0027111VK4802E,1,0,0,52,0
0027113VK4802F,1,0,0,17,0
0125405VK4802E,1,0,0,20,0
0125406VK4802E,1,0,0,32,0
8922738VK3892A,1,0,0,2,0
8922744VK3892A,1,0,0,10,0
0224314VK4802E,1,0,0,28,0
0324924VK4802C,1,0,0,21,0
0324901VK4802E,1,0,0,57,0
0324911VK4802C,1,0,0,27,0
8922743VK3892A,1,0,0,16,0
8623762VK3882D,1,0,0,2,0
8623759VK3882D,1,0,0,3,0
9827127VK3892F,1,0,0,39,0
9927104VK3892H,1,0,0,43,0
9927108VK3892F,1,0,0,61,0
9925907VK3892F,1,0,0,36,0
9925912VK3892F,1,0,0,38,0
8623711VK3882D,1,0,0,14,0
0638910VK4803H,12,0,0,24,0
9925922VK3892D,1,0,0,47,0
0024801VK3892D,1,0,0,125,0
0024808VK4802C,1,0,0,44,0
0024824VK4802D,1,0,0,44,0
0222407VK4802C,1,0,0,181,0
0222411VK4802C,1,0,0,28,0
0222418VK4802C,1,0,0,42,0
0222419VK4802C,1,0,0,52,0
0222420VK4802C,1,0,0,53,0
9626207VK3892F,1,0,0,124,0
9626210VK3892F,1,0,0,51,0
9626218VK3892F,1,0,0,57,0
0237512VK4083H,1,0,0,15,0
9822221VK3892D,1,0,0,43,0
0239746VK4083H,1,0,0,1,0
1651126VK4185A,1,0,0,39,0
1651140VK4185A,1,0,0,26,0
0096802VK4809E,1,0,0,10,0
0096805VK5709E,1,0,0,15,0
0095602VK4809E,1,0,0,18,0
9997706VK3899F,1,0,0,22,0
1853936VK4815D,1,0,0,33,0
1853943VK4815D,1,0,0,33,0
1853956VK4815D,1,0,0,33,0
1853968VK4815D,1,0,0,15,0
1853975VK4815D,1,0,0,15,0
1853981VK4815D,1,0,0,15,0
7757501VK3775H,1,0,0,4,0
7758617VK3775H,1,0,0,2,0
7857408VK3775H,1,0,0,6,0
7956415VK3775F,1,0,0,148,0
6243319VK3764C,0,0,1,0,159
9355108VK3795E,1,0,0,234,0
9059114VK3795G,1,0,0,149,0
9057303VK3795G,4,0,0,40,0
9359805VK3795G,1,0,0,414,0
9454311VK3795C,2,0,0,14,0
9550306VK3795B,1,0,0,1323,0
8595334VK3789F,1,0,0,27,0
7398165VK3779G,1,0,0,45,0
7398119VK3779G,1,0,0,65,0
6481901VK3768A,0,0,1,0,219
6806203VK3860F,1,0,0,51,0
8601208VK3880B,1,0,0,18,0
7803859VK3870D,1,0,0,58,0
7803861VK3870D,1,0,0,56,0
7398176VK3779G,1,0,0,58,0
7398178VK3779G,1,0,0,36,0
7398179VK3779G,1,0,0,24,0
8595336VK3789F,1,0,0,10,0
8103429VK3880C,1,0,0,76,0
8103430VK3880C,1,0,0,56,0
8601225VK3880B,1,0,0,34,0
8695501VK3789F,1,0,0,7,0
8695508VK3789F,1,0,0,22,0
9779615VK3797H,1,0,0,393,0
9286703VK3798E,1,0,0,27,0
8394702VK3789C,1,0,0,56,0
8794203VK3789D,1,0,0,8,0
8297401VK3789G,1,0,0,68,0
8297406VK3789G,1,0,0,104,0
8695325VK3789F,1,0,0,2,0
8695328VK3789F,1,0,0,2,0
8695334VK3789F,1,0,0,35,0
8695363VK3789F,1,0,0,5,0
8595305VK3789F,1,0,0,70,0
8695305VK3789F,1,0,0,100,0
8894403VK3789D,1,0,0,27,0
8994404VK3789D,1,0,0,13,0
8994403VK3789D,1,0,0,20,0
8695308VK3789F,1,0,0,11,0
8501205VK3880B,1,0,0,72,0
8501208VK3880B,1,0,0,18,0
8103420VK3880C,1,0,0,36,0
8103408VK3880C,1,0,0,53,0
8103417VK3880C,1,0,0,72,0
8301423VK3880A,1,0,0,74,0
8301411VK3880A,1,0,0,10,0
8399403VK3789G,1,0,0,74,0
8399414VK3789G,1,0,0,18,0
8399411VK3789G,1,0,0,26,0
8399428VK3789G,1,0,0,71,0
7398130VK3779G,5,0,0,245,0
7398139VK3779G,1,0,0,58,0
7398148VK3779G,1,0,0,90,0
8296401VK3789E,1,0,0,79,0
7803805VK3870D,1,0,0,54,0
7803834VK3870D,1,0,0,32,0
8003303VK3880C,1,0,0,80,0
8003307VK3880C,1,0,0,98,0
8003315VK3880C,1,0,0,51,0
8003316VK3880C,1,0,0,42,0
8887401VK3788H,4,0,0,72,0
6707302VK3860F,1,0,0,315,0
6707309VK3860F,1,0,0,31,0
6806213VK3860F,1,0,0,78,0
6806204VK3860F,1,0,0,460,0
8396706VK3789E,1,0,0,121,0
8501218VK3880B,1,0,0,18,0
8695317VK3789F,1,0,0,7,0
8301425VK3880A,1,0,0,22,0
9286110VK3798E,1,0,0,26,0
6707326VK3860F,1,0,0,11,0
6707331VK3860F,1,0,0,18,0
7398195VK3779G,1,0,0,24,0
9599714VK3799H,1,0,0,3,0
9601707VK3890B,1,0,0,10,0
9700203VK3890B,1,0,0,7,0
9700218VK3890B,1,0,0,9,0
9700213VK3890B,1,0,0,12,0
9700216VK3890B,1,0,0,12,0
9798616VK3799H,1,0,0,6,0
9798617VK3799H,1,0,0,6,0
9798623VK3799H,1,0,0,6,0
8799734VK3789H,1,0,0,27,0
8603841VK3880D,1,0,0,20,0
9993240VK3799D,0,0,1,0,496
9500840VK3890B,1,0,0,9,0
9601714VK3890B,1,0,0,5,0
9799406VK3799H,1,0,0,8,0
9799412VK3799H,1,0,0,34,0
9699608VK3799H,1,0,0,4,0
9699709VK3799H,1,0,0,7,0
9699715VK3799H,1,0,0,8,0
8505610VK3880F,1,0,0,19,0
8505618VK3880F,1,0,0,63,0
9891111VK3799B,1,0,0,139,0
8799702VK3789H,10,0,0,54,0
8799711VK3789H,1,0,0,3,0
8799726VK3789H,1,0,0,49,0
8898311VK3789H,1,0,0,20,0
8898323VK3789H,1,0,0,4,0
8703708VK3880D,1,0,0,28,0
8603829VK3880D,1,0,0,11,0
8603832VK3880D,1,0,0,13,0
8898346VK3789H,1,0,0,25,0
44993E2VK3840A,1,0,0,48,0
4508465VK3840H,6,0,0,264,0
3105516VK3830E,1,0,0,35,0
5201288VK3850A,1,0,0,16,0
5201284VK3850A,1,0,0,16,0
5201265VK3850A,1,0,0,25,0
5201271VK3850A,1,0,0,12,0
4798226VK3749H,1,0,0,38,0
5098931VK3749H,1,0,0,39,0
44993C3VK3840A,1,0,0,40,0
45084N5VK3840H,1,0,0,51,0
45084N7VK3840H,1,0,0,55,0
44993E8VK3840A,1,0,0,44,0
5201299VK3850A,1,0,0,95,0
44993G6VK3840A,1,0,0,33,0
44993G7VK3840A,1,0,0,37,0
44993H8VK3840A,1,0,0,37,0
3305401VK3830E,3,0,0,34,0
4508444VK3840H,1,0,0,34,0
2402303VK3820C,1,0,0,355,0
5002301VK3850C,1,0,0,308,0
5002304VK3850C,1,0,0,100,0
4508403VK3840H,1,0,0,57,0
4508429VK3840H,1,0,0,140,0
4508418VK3840H,1,0,0,363,0
4508416VK3840H,1,0,0,212,0
3905925VK3830F,1,0,0,635,0
3905910VK3830F,1,0,0,108,0
4499304VK3840A,1,0,0,330,0
4499317VK3840A,1,0,0,599,0
4499309VK3840A,1,0,0,119,0
3605711VK3830F,1,0,0,77,0
4203104VK3840C,1,0,0,97,0
3997501VK3739H,0,0,1,0,245
4703202VK3840D,1,0,0,121,0
4703208VK3840D,1,0,0,61,0
4703209VK3840D,1,0,0,163,0
4507606VK3840H,1,0,0,67,0
3105506VK3830E,1,0,0,344,0
3105514VK3830E,1,0,0,243,0
3905922VK3830F,1,0,0,105,0
3801518VK3830B,1,0,0,744,0
4203102VK3840C,1,0,0,86,0
4508479VK3840H,1,0,0,37,0
4508494VK3840H,1,0,0,37,0
45084B0VK3840H,1,0,0,31,0
45084B2VK3840H,1,0,0,40,0
3801507VK3830B,1,0,0,89,0
5098925VK3749H,1,0,0,19,0
45084D4VK3840H,1,0,0,134,0
45084D7VK3840H,1,0,0,134,0
4499354VK3840A,1,0,0,28,0
4499355VK3840A,1,0,0,20,0
4499371VK3840A,1,0,0,29,0
4499375VK3840A,1,0,0,29,0
4499379VK3840A,1,0,0,37,0
4497513VK3749G,1,0,0,32,0
4101208VK3840A,1,0,0,122,0
4598605VK3749H,1,0,0,54,0
4598607VK3749H,1,0,0,54,0
5098916VK3759G,1,0,0,26,0
4897201VK3749F,1,0,0,30,0
4897204VK3749F,1,0,0,56,0
4896501VK3749F,1,0,0,72,0
4896511VK3749F,1,0,0,76,0
4996303VK3749F,1,0,0,53,0
5096703VK3759E,1,0,0,22,0
5096716VK3759E,1,0,0,22,0
5196301VK3759E,1,0,0,24,0
5196305VK3759E,1,0,0,24,0
5196310VK3759E,1,0,0,36,0
5196314VK3759E,1,0,0,24,0
5196319VK3759E,1,0,0,36,0
5196321VK3759E,1,0,0,36,0
5196330VK3759E,1,0,0,24,0
4697602VK3749F,1,0,0,20,0
4697610VK3749F,1,0,0,78,0
4697618VK3749F,1,0,0,76,0
45084D1VK3840H,1,0,0,134,0
44993A5VK3840A,1,0,0,24,0
4499399VK3840A,1,0,0,11,0
44993A0VK3840A,1,0,0,11,0
5201220VK3850A,1,0,0,26,0
5201226VK3850A,1,0,0,27,0
5201227VK3850A,1,0,0,27,0
4497504VK3749G,1,0,0,32,0
5201297VK3850A,1,0,0,32,0
5201298VK3850A,1,0,0,23,0
0707712VK3800F,1,0,0,53,0
0404909VK3800C,1,0,0,36,0
0404910VK3800C,1,0,0,26,0
2001268VK3820A,1,0,0,46,0
0106705VK3800E,1,0,0,15,0
9608577VK2890H,1,0,0,7,0
9608583VK2890H,1,0,0,7,0
9607304VK2890H,1,0,0,29,0
0206322VK3800E,1,0,0,28,0
0206319VK3800E,1,0,0,29,0
0007214VK3800E,1,0,0,5,0
9807605VK2890H,1,0,0,19,0
9807601VK2890H,1,0,0,19,0
9807705VK2890F,1,0,0,23,0
0105302VK3800E,1,0,0,2,0
0505207VK3800F,1,0,0,28,0
0505252VK3800F,1,0,0,31,0
0305402VK3800E,1,0,0,24,0
0305404VK3800E,1,0,0,24,0
0305406VK3800E,1,0,0,20,0
0305117VK3800E,1,0,0,25,0
0305120VK3800E,1,0,0,30,0
0504101VK3800D,1,0,0,5,0
0703108VK3800D,1,0,0,27,0
0304512VK3800C,1,0,0,2,0
0304501VK3800C,1,0,0,2,0
0405205VK3800E,1,0,0,6,0
0405209VK3800E,1,0,0,1,0
0405212VK3800E,1,0,0,1,0
0405215VK3800E,1,0,0,20,0
0107105VK3800E,1,0,0,20,0
0107105VK4700E,1,0,0,41,0
1305104VK3810E,1,0,0,809,0
0705601VK3800F,1,0,0,25,0
1007449VK3810G,1,0,0,99,0
1007443VK3810G,1,0,0,81,0
1007422VK3810G,1,0,0,155,0
9213407VK2891C,1,0,0,63,0
9212402VK2891C,1,0,0,41,0
1603904VK3810D,1,0,0,101,0
1303801VK3810C,1,0,0,71,0
1702201VK3810D,1,0,0,61,0
9312104VK2891A,1,0,0,268,0
9312115VK2891A,1,0,0,60,0
9312116VK2891A,1,0,0,49,0
9410405VK2981A,0,0,1,0,187
9711703VK2891B,1,0,0,48,0
9711707VK2891B,1,0,0,73,0
9512510VK2891D,1,0,0,82,0
0109802VK3800G,1,0,0,179,0
0508519VK3800H,1,0,0,95,0
0407502VK3800G,1,0,0,119,0
0707714VK3800F,1,0,0,95,0
9509102VK2890H,1,0,0,6,0
9509129VK2890H,1,0,0,31,0
9209717VK2890G,1,0,0,1,0
9209715VK2890G,1,0,0,21,0
9209709VK2890G,1,0,0,39,0
9208520VK2890G,1,0,0,1,0
9208522VK2890G,1,0,0,18,0
9408603VK2890G,1,0,0,20,0
9213405VK2891C,1,0,0,153,0
1203803VK3810C,1,0,0,40,0
0010923VK3801A,1,0,0,3,0
0505215VK3800F,1,0,0,11,0
0504110VK3800D,1,0,0,5,0
0802215VK3800D,1,0,0,22,0
9312118VK2891A,2,0,0,6,0
9707102VK2890F,1,0,0,10,0
9108703VK2890G,1,0,0,11,0
9108711VK2890G,1,0,0,6,0
9108712VK2890G,1,0,0,21,0
9608570VK2890H,1,0,0,8,0
3688524VK3738H,1,0,0,22,0
4590356VK3749B,1,0,0,110,0
3389824VK3738G,1,0,0,4,0
4588302VK3748G,1,0,0,61,0
3188423VK3738G,1,0,0,49,0
3188457VK3738G,1,0,0,9,0
3188476VK3738G,1,0,0,30,0
3494621VK3739C,1,0,0,33,0
2891737VK3729B,1,0,0,40,0
2891720VK3729B,1,0,0,61,0
5382302VK3758C,1,0,0,68,0
4184724VK3748C,1,0,0,38,0
4483810VK3748C,1,0,0,5,0
4682402VK3748D,1,0,0,4,0
4992503VK3749D,1,0,0,476,0
5192304VK3759C,1,0,0,77,0
3582802VK3738B,1,0,0,8,0
3582804VK3738B,1,0,0,2,0
3582810VK3738B,1,0,0,4,0
3382509VK3738C,1,0,0,8,0
5391403VK3759C,1,0,0,92,0
4187104VK3748E,1,0,0,45,0
4187105VK3748E,1,0,0,27,0
3688518VK3738H,1,0,0,16,0
3688521VK3738H,1,0,0,16,0
3092508VK3739C,1,0,0,7,0
3092519VK3739C,1,0,0,2,0
3082505VK3738C,1,0,0,8,0
4188951VK3748G,1,0,0,14,0
4188952VK3748G,1,0,0,44,0
4188954VK3748G,1,0,0,13,0
4188961VK3748G,1,0,0,25,0
4188969VK3748G,1,0,0,14,0
4088102VK3748G,1,0,0,6,0
4088108VK3748G,1,0,0,6,0
4088111VK3748G,1,0,0,6,0
4088117VK3748G,1,0,0,6,0
3091310VK3739A,1,0,0,12,0
2982702VK3728B,1,0,0,9,0
4088119VK3748G,1,0,0,6,0
3693604VK3739D,1,0,0,45,0
3582304VK3738D,1,0,0,4,0
4088112VK3748G,1,0,0,6,0
3882741VK3738B,1,0,0,50,0
3882746VK3738B,1,0,0,41,0
3080611VK3738A,1,0,0,9,0
3080613VK3738A,1,0,0,9,0
3080614VK3738A,1,0,0,9,0
3281210VK3738A,1,0,0,14,0
4587451VK3748H,1,0,0,30,0
3081708VK3738A,1,0,0,2,0
3081713VK3738A,1,0,0,2,0
4693414VK3749D,1,0,0,37,0
4693433VK3749D,1,0,0,20,0
4693432VK3749D,1,0,0,24,0
4693429VK3749D,1,0,0,36,0
4693418VK3749D,1,0,0,36,0
4790735VK3749B,1,0,0,25,0
2693536VK3729D,1,0,0,6,0
2693542VK3729D,1,0,0,6,0
2693545VK3729D,1,0,0,6,0
3396908VK3739F,1,0,0,95,0
4294426VK3749C,1,0,0,21,0
4293715VK3749C,1,0,0,26,0
4693456VK3749D,1,0,0,14,0
4590346VK3749B,7,0,0,408,0
3691410VK3739B,1,0,0,55,0
3882737VK3738B,1,0,0,18,0
4581903VK3748B,1,0,0,9,0
4581906VK3748B,1,0,0,5,0
4681206VK3748B,1,0,0,3,0
2990634VK3729B,1,0,0,25,0
2990636VK3729B,1,0,0,25,0
2990640VK3729B,3,0,0,63,0
2990610VK3729B,1,0,0,23,0
2990611VK3729B,1,0,0,23,0
2990613VK3729B,1,0,0,23,0
2990650VK3729B,1,0,0,23,0
3188415VK3738G,1,0,0,32,0
3188419VK3738G,1,0,0,54,0
3188420VK3738G,1,0,0,33,0
3188422VK3738G,4,0,0,74,0
4188918VK3748G,1,0,0,78,0
4188927VK3748G,1,0,0,23,0
3188441VK3738G,1,0,0,16,0
3188445VK3738G,1,0,0,22,0
3188451VK3738G,1,0,0,47,0
3188474VK3738G,1,0,0,35,0
3188485VK3738G,1,0,0,28,0
3188402VK3738G,1,0,0,9,0
3188401VK3738G,1,0,0,9,0
3188460VK3738G,1,0,0,9,0
3188411VK3738G,1,0,0,21,0
4188946VK3748G,1,0,0,5,0
2891717VK3729B,1,0,0,47,0
2891725VK3729B,1,0,0,41,0
3091305VK3739A,1,0,0,12,0
4585213VK3748F,1,0,0,35,0
4880313VK3748B,1,0,0,8,0
4881902VK3748B,1,0,0,4,0
4288603VK3748H,1,0,0,41,0
3282303VK3738C,1,0,0,6,0
3282102VK3738A,1,0,0,5,0
3282103VK3738A,1,0,0,5,0
3487911VK3738E,1,0,0,5,0
3487912VK3738E,1,0,0,19,0
3487914VK3738E,1,0,0,5,0
3487920VK3738E,1,0,0,41,0
4880607VK3748B,1,0,0,4,0
4880602VK3748B,1,0,0,3,0
4880603VK3748B,1,0,0,3,0
41889A9VK3748G,1,0,0,24,0
41889A2VK3748G,1,0,0,24,0
3481116VK3738A,1,0,0,5,0
5092402VK3759C,1,0,0,65,0
5092403VK3759C,1,0,0,43,0
5092404VK3759C,1,0,0,24,0
3187108VK3738E,1,0,0,8,0
3389808VK3738G,1,0,0,9,0
4980212VK2748B,1,0,0,2,0
4980205VK2748B,1,0,0,20,0
4981904VK3748B,1,0,0,5,0
2886614VK3728F,1,0,0,2,0
5193409VK3759C,1,0,0,559,0
5193401VK3759C,1,0,0,94,0
2790838VK3729B,1,0,0,21,0
2790817VK3729B,1,0,0,21,0
3389815VK3738G,1,0,0,14,0
3384210VK3738C,1,0,0,26,0
3290517VK3739A,1,0,0,5,0
3290519VK3739A,1,0,0,4,0
3290521VK3739A,1,0,0,17,0
3384218VK3738C,1,0,0,30,0
3384203VK3738C,1,0,0,31,0
2886629VK3728F,1,0,0,11,0
2886649VK3728F,1,0,0,38,0
2886621VK3728F,1,0,0,29,0
2886619VK3728F,1,0,0,3,0
2886618VK3728F,1,0,0,3,0
3196701VK3739E,1,0,0,83,0
3194518VK3739C,1,0,0,52,0
3194503VK3739C,1,0,0,29,0
3194512VK3739C,1,0,0,31,0
3294807VK3739C,1,0,0,2,0
3191935VK3739A,1,0,0,10,0
5191907VK3759A,1,0,0,45,0
4084704VK3748C,1,0,0,4,0
4084705VK3748C,1,0,0,4,0
4084710VK3748C,1,0,0,1,0
5180305VK3758A,1,0,0,4,0
3687702VK3738F,1,0,0,9,0
3687710VK3738F,1,0,0,32,0
3687712VK3738F,1,0,0,27,0
3294809VK3739C,1,0,0,2,0
3294810VK3739C,1,0,0,2,0
3293601VK3739C,1,0,0,56,0
3293616VK3739C,1,0,0,4,0
3293613VK3739C,1,0,0,4,0
3293612VK3739C,1,0,0,3,0
3293610VK3739C,1,0,0,7,0
3394725VK3739C,1,0,0,20,0
3191910VK3739A,1,0,0,12,0
4293701VK3749C,1,0,0,28,0
4392902VK3749C,1,0,0,19,0
4093610VK3749C,6,0,0,80,0
5184827VK3758C,1,0,0,16,0
5184825VK3758C,1,0,0,20,0
4183314VK3748C,1,0,0,9,0
4184709VK3748C,1,0,0,4,0
4184715VK3748C,1,0,0,3,0
3787901VK3738F,1,0,0,13,0
5180204VK3758A,1,0,0,5,0
3886502VK3738F,1,0,0,2,0
3394740VK3739C,1,0,0,50,0
3394743VK3739C,1,0,0,73,0
3493814VK3739C,1,0,0,25,0
3493811VK3739C,1,0,0,2,0
4093601VK4849C,0,1,0,43,0
4588307VK3748G,1,0,0,50,0
3496416VK3739E,1,0,0,33,0
4184716VK3748C,1,0,0,28,0
4184717VK3748C,1,0,0,1,0
4284105VK3748C,1,0,0,5,0
4284809VK3748C,1,0,0,3,0
3687736VK3738F,1,0,0,1,0
3687731VK3738F,1,0,0,7,0
3687729VK3738F,1,0,0,7,0
3687727VK3738F,1,0,0,3,0
3687721VK3738F,1,0,0,10,0
3493808VK3739C,1,0,0,2,0
3493805VK3739C,1,0,0,2,0
3493802VK3739C,1,0,0,18,0
3494627VK3739C,1,0,0,35,0
3494625VK3739C,1,0,0,33,0
3494623VK3739C,1,0,0,33,0
3494620VK3739C,1,0,0,37,0
3494614VK3739C,1,0,0,40,0
3494635VK3739C,1,0,0,13,0
5488213VK3758G,1,0,0,21,0
4383903VK3748C,1,0,0,1,0
5181709VK3758A,1,0,0,5,0
2987301VK3728H,1,0,0,23,0
3593705VK3739D,1,0,0,31,0
3095903VK3739E,1,0,0,85,0
3095913VK3739E,1,0,0,55,0
4587406VK3748H,1,0,0,2,0
4587416VK3748H,1,0,0,60,0
2987309VK3728H,1,0,0,20,0
5282815VK3758A,1,0,0,8,0
5281903VK3758A,1,0,0,1,0
2986419VK3728F,1,0,0,8,0
5281502VK3758A,1,0,0,9,0
2986401VK3728F,1,0,0,6,0
2986402VK3728F,1,0,0,25,0
5281504VK3758A,1,0,0,16,0
2986406VK3728F,1,0,0,25,0
2986410VK3728F,1,0,0,1,0
3792627VK3739B,1,0,0,97,0
4587464VK3748H,1,0,0,75,0
4483310VK3748C,1,0,0,14,0
4483301VK3748C,1,0,0,7,0
4381910VK3748A,1,0,0,5,0
3688506VK3738H,1,0,0,114,0
4381902VK3748A,1,0,0,7,0
4381511VK3748A,1,0,0,7,0
3991205VK3739B,1,0,0,73,0
4483105VK3748C,1,0,0,5,0
3777924VK3737H,1,0,0,6,0
4381702VK3748B,1,0,0,6,0
4481404VK3748A,1,0,0,16,0
4481408VK3748A,1,0,0,11,0
3682109VK3738B,1,0,0,4,0
3682120VK3738B,1,0,0,4,0
3987703VK3738F,17,0,0,447,0
4286910VK3748E,1,0,0,3,0
4582505VK3748C,1,0,0,7,0
4582508VK3748C,1,0,0,5,0
4194315VK3749C,1,0,0,23,0
4194316VK3749C,1,0,0,23,0
4286929VK3748E,1,0,0,4,0
4286922VK3748E,1,0,0,3,0
4286919VK3748E,1,0,0,3,0
4087201VK3748G,19,0,0,154,0
4187301VK3748G,20,0,0,44,0
4683103VK3748D,1,0,0,5,0
4683801VK3748D,1,0,0,8,0
4683704VK3748D,1,0,0,5,0
2789812VK3728H,1,0,0,13,0
4394506VK3749C,1,0,0,21,0
4391477VK3749A,1,0,0,14,0
3882703VK3738B,1,0,0,18,0
3882709VK3738B,1,0,0,18,0
3882717VK3738B,1,0,0,18,0
2789821VK3728H,1,0,0,11,0
2888427VK3728H,1,0,0,23,0
2887301VK3728H,1,0,0,17,0
2888416VK3728H,1,0,0,23,0
2990620VK3729B,1,0,0,55,0
2990625VK3729B,1,0,0,30,0
2990631VK3729B,1,0,0,25,0
4391407VK3749A,1,0,0,5,0
4391486VK3749A,1,0,0,33,0
4391410VK3749A,1,0,0,32,0
4391416VK3749A,1,0,0,14,0
4391427VK3749A,1,0,0,30,0
4391442VK3749A,1,0,0,7,0
3887115VK3738F,1,0,0,6,0
3887127VK3738F,1,0,0,37,0
3079305VK3737G,1,0,0,11,0
2789830VK3728H,1,0,0,3,0
2789831VK3728H,1,0,0,3,0
2897718VK3729F,1,0,0,29,0
3582401VK3738D,1,0,0,16,0
3582403VK3738D,1,0,0,7,0
3582404VK3738D,1,0,0,7,0
5290810VK3759B,1,0,0,67,0
3394712VK3739C,1,0,0,12,0
5490811VK3759B,1,0,0,29,0
4989134VK3748H,1,0,0,24,0
3687726VK3738F,1,0,0,19,0
4991219VK3749B,1,0,0,45,0
2790819VK3729B,1,0,0,21,0
3293620VK3739C,1,0,0,29,0
3293614VK3739C,1,0,0,4,0
4391423VK3749A,1,0,0,40,0
5281508VK3758A,1,0,0,7,0
5281906VK3758A,1,0,0,5,0
4989102VK3748H,2,0,0,64,0
4692701VK3749B,24,0,0,244,0
4188943VK3748G,1,0,0,5,0
4186910VK3748E,1,0,0,20,0
3188410VK3738G,1,0,0,56,0
4483103VK3748C,1,0,0,5,0
3290502VK3739A,1,0,0,2,0
4581805VK3748B,1,0,0,14,0
4583104VK3748D,1,0,0,4,0
3092543VK3739C,1,0,0,20,0
5292915VK3759A,1,0,0,33,0
5191909VK3759A,1,0,0,47,0
3189214VK3738G,1,0,0,51,0
4590359VK3749B,1,0,0,20,0
4391491VK3749A,1,0,0,19,0
3496428VK3739E,1,0,0,54,0
3887136VK3738F,1,0,0,12,0
4194331VK3749C,1,0,0,15,0
4194329VK3749C,1,0,0,15,0
4590342VK3749B,1,0,0,29,0
4790729VK3749B,1,0,0,48,0
4790728VK3749B,1,0,0,48,0
2891747VK3729B,1,0,0,13,0
73231X0VK3772C,1,0,0,9,0
7030831VK3773A,1,0,0,37,0
7029414VK3772G,1,0,0,8,0
8339105VK3783G,1,0,0,33,0
7835503VK3773F,1,0,0,68,0
8238304VK3783G,1,0,0,124,0
8238306VK3783G,1,0,0,45,0
8238321VK3783G,1,0,0,209,0
7232412VK3773C,1,0,0,188,0
7232413VK3773C,1,0,0,391,0
7633418VK3773D,1,0,0,2,0
7938324VK3773H,1,0,0,12,0
7233213VK3773C,1,0,0,257,0
7937301VK3773H,1,0,0,7,0
7432104VK3773A,1,0,0,55,0
7737403VK3773H,1,0,0,52,0
7737408VK3773H,1,0,0,31,0
7638511VK3773H,1,0,0,133,0
8441408VK3784A,1,0,0,36,0
8341705VK3784A,1,0,0,159,0
8341706VK3784A,1,0,0,104,0
8141616VK3784A,1,0,0,219,0
8140605VK3784A,1,0,0,189,0
8339714VK3783G,1,0,0,163,0
8138204VK3783G,1,0,0,176,0
7939114VK3773H,1,0,0,67,0
5929718VK3752H,1,0,0,21,0
6834308VK3763D,1,0,0,20,0
6827406VK3762H,1,0,0,656,0
6623831VK3762D,1,0,0,30,0
6823105VK3762D,1,0,0,48,0
6823106VK3762D,1,0,0,48,0
6823114VK3762D,1,0,0,48,0
6227204VK3762G,1,0,0,10,0
7134201VK3773C,1,0,0,42,0
6933311VK3763D,1,0,0,24,0
5519430VK3751H,1,0,0,56,0
4621301VK3742B,0,0,1,0,259
2601804VK3720B,1,0,0,12,0
2601805VK3720B,1,0,0,2,0
4023714VK3742C,1,0,0,32,0
2704101VK3720D,1,0,0,1338,0
2704101VK4720D,10,0,0,20,0
3002501VK3730C,1,0,0,219,0
4004911VK4840C,1,0,0,26,0
4004903VK4840C,1,0,0,24,0
4503737VK3740D,0,0,1,0,105
4714206VK3741B,1,0,0,33,0
45091A8VK3740H,1,0,0,4,0
7921508VK3772B,1,0,0,17,0
6903237VK3760D,1,0,0,3,0
3322516VK4732C,1,0,0,71,0
6327534VK4762G,0,0,1,0,101
4835710VK4743F,0,0,1,0,84
4835713VK4743F,0,0,1,0,126
5033501VK4753C,0,0,3,0,135
4638701VK4743H,0,21,0,0,0
4338301VK4743G,0,0,1,0,286
52287E7VK4752G,2,0,0,63,0
5228747VK4752G,1,0,0,11,0
5231222VK4753A,0,0,1,0,132
4757704VK4745F,1,0,0,181,0
5160449VK4756A,1,0,0,90,0
5663613VK4756D,1,0,0,10,0
5362427VK4756C,1,0,0,350,0
6357502VK4765G,0,0,1,0,74
5359802VK4755G,1,0,0,49,0
5555415VK4755F,0,1,0,86,0
5755205VK4755F,1,0,0,33,0
4663707VK4746D,1,0,0,49,0
4562901VK4746B,1,0,0,29,0
5569810VK4756H,0,0,1,0,21
5464304VK4756C,1,0,0,82,0
5370836VK4757A,1,0,0,6,0
5570302VK4757A,1,0,0,160,0
4468401VK4746G,0,0,1,0,84
5073105VK4757C,1,0,0,40,0
4586908VK4848F,1,0,0,50,0
4687009VK4748H,1,0,0,56,0
4091010VK4849A,1,0,0,20,0
4091012VK4849A,1,0,0,16,0
4292104VK4849A,1,0,0,14,0
4390704VK4849A,1,0,0,16,0
4391236VK4849A,1,0,0,360,0
3898004VK4839H,1,0,0,60,0
8584008VK4788D,1,0,0,1,0
8084211VK4788C,1,0,0,42,0
8183910VK4788C,1,0,0,10,0
8084010VK4788C,1,0,0,3,0
8183914VK4788C,1,0,0,32,0
8183915VK4788C,1,0,0,39,0
8283806VK4788C,1,0,0,30,0
8182614VK4788C,1,0,0,23,0
8182610VK4788C,1,0,0,29,0
8182603VK4788C,1,0,0,11,0
8182022VK4788A,1,0,0,46,0
8084005VK4788C,1,0,0,12,0
8083401VK4788C,1,0,0,34,0
8083408VK4788C,1,0,0,21,0
8083432VK4788C,1,0,0,47,0
8086120VK4788E,1,0,0,24,0
8086105VK4788E,1,0,0,27,0
8383428VK4788C,1,0,0,11,0
8383430VK4788C,1,0,0,32,0
8383401VK4788C,1,0,0,15,0
8383634VK4788C,1,0,0,26,0
7884502VK4778D,1,0,0,22,0
8182620VK4788C,1,0,0,2,0
8083430VK4788C,1,0,0,33,0
8182015VK4788A,5,0,0,10,0
8086140VK4788E,1,0,0,16,0
8083443VK4788C,1,0,0,23,0
8083438VK4788C,1,0,0,15,0
8281908VK4788A,1,0,0,20,0
8084202VK4788C,1,0,0,10,0
8482301VK4788C,1,0,0,27,0
8185020VK4788E,1,0,0,16,0
8584006VK4788D,1,0,0,1,0
8584007VK4788D,1,0,0,1,0
7282402VK4778C,1,0,0,29,0
7282415VK4778C,1,0,0,42,0
8183927VK4788C,1,0,0,18,0
7383822VK4778C,1,0,0,14,0
8281912VK4788A,12,0,0,36,0
4988201VK4748H,1,0,0,83,0
4988216VK4748H,1,0,0,29,0
4988607VK4748H,1,0,0,138,0
6092053VK4759B,1,0,0,16,0
6988002VK4768H,1,0,0,4,0
7289801VK4778G,1,0,0,2756,0
4986605VK4748F,1,0,0,21,0
4987704VK4748F,1,0,0,17,0
6092034VK4759B,1,0,0,15,0
6092032VK4759B,1,0,0,15,0
4984402VK4748D,1,0,0,17,0
4985414VK4748F,1,0,0,15,0
4985412VK4748F,1,0,0,12,0
5686004VK4758F,1,0,0,59,0
60920E8VK4759B,1,0,0,36,0
60920D2VK4759B,1,0,0,24,0
5484043VK4758D,1,0,0,28,0
5484068VK4758D,1,0,0,26,0
5484024VK4758D,1,0,0,151,0
5484090VK4758D,1,0,0,22,0
5484058VK4758D,1,0,0,62,0
6092012VK4759B,1,0,0,32,0
6092025VK4759B,1,0,0,15,0
5484095VK4758D,1,0,0,40,0
5484093VK4758D,1,0,0,43,0
5783026VK4758D,5,0,0,52,0
4788403VK4748H,1,0,0,21,0
4788605VK4748H,1,0,0,17,0
5186912VK4758E,1,0,0,19,0
5186919VK4758E,1,0,0,30,0
6391209VK4769A,1,0,0,17,0
6391213VK4769A,1,0,0,16,0
5783053VK4758D,1,0,0,14,0
5481206VK4758A,1,0,0,19,0
5187207VK4758E,1,0,0,21,0
5187216VK4758E,1,0,0,34,0
6391219VK4769A,1,0,0,17,0
6391202VK4769A,1,0,0,46,0
5084920VK4758C,1,0,0,103,0
5084921VK4758C,1,0,0,12,0
5084935VK4758C,1,0,0,11,0
5085104VK4758E,1,0,0,15,0
5188316VK4758G,1,0,0,55,0
5188319VK4758G,1,0,0,12,0
5486302VK4758E,1,0,0,32,0
5486307VK4758E,1,0,0,123,0
6190919VK4769A,1,0,0,47,0
6190925VK4769A,1,0,0,44,0
6190927VK4769A,1,0,0,23,0
6190929VK4769A,1,0,0,26,0
4984407VK4748D,1,0,0,15,0
5686007VK4758F,1,0,0,69,0
5686008VK4758F,1,0,0,100,0
5985015VK4758F,1,0,0,43,0
6190948VK4769A,1,0,0,13,0
6092045VK4759B,1,0,0,24,0
6092047VK4759B,1,0,0,23,0
6092094VK4759B,1,0,0,91,0
60920A0VK4759B,1,0,0,47,0
6085039VK4758F,1,0,0,31,0
6085047VK4768E,1,0,0,38,0
6485026VK4768E,1,0,0,557,0
6485047VK4768E,1,0,0,86,0
6386905VK4768E,1,0,0,34,0
6386914VK4768E,1,0,0,36,0
6485038VK4768E,1,0,0,38,0
6485010VK4768E,1,0,0,61,0
6485011VK4768E,1,0,0,27,0
6285015VK4768C,1,0,0,84,0
6285003VK4768C,1,0,0,28,0
6683052VK4768F,1,0,0,18,0
5783017VK4758D,1,0,0,50,0
5987317VK4768G,1,0,0,83,0
5987303VK4768G,1,0,0,25,0
5987332VK4768G,1,0,0,31,0
5987336VK4768G,1,0,0,31,0
5987343VK4758H,1,0,0,31,0
5783019VK4758D,1,0,0,30,0
6487234VK4768G,1,0,0,72,0
6487232VK4768G,1,0,0,110,0
60920J9VK4759B,1,0,0,126,0
6092068VK4759B,1,0,0,66,0
6683083VK4768F,1,0,0,145,0
6683084VK4768F,1,0,0,73,0
6683078VK4768F,1,0,0,45,0
6683077VK4768F,1,0,0,48,0
6683026VK4768F,1,0,0,122,0
6683040VK4768F,1,0,0,31,0
6485022VK4768E,1,0,0,80,0
6487217VK4768G,1,0,0,42,0
6487220VK4768G,1,0,0,44,0
6487236VK4768G,1,0,0,29,0
6588626VK4768H,1,0,0,56,0
6588638VK4768H,1,0,0,110,0
6588619VK4768H,1,0,0,21,0
6485016VK4768E,1,0,0,32,0
6789112VK4768H,21,0,0,440,0
6789130VK4768H,1,0,0,121,0
6890006VK4769B,1,0,0,32,0
6890021VK4769B,1,0,0,18,0
6890028VK4769B,1,0,0,18,0
6590502VK4769B,1,0,0,27,0
5087309VK4758G,2,0,0,36,0
5087310VK4758G,1,0,0,112,0
5287909VK4758E,1,0,0,27,0
5288810VK4758G,1,0,0,32,0
6092093VK4759B,1,0,0,38,0
5287925VK4758E,1,0,0,3,0
6987401VK4778G,1,0,0,13,0
6987404VK4778G,1,0,0,13,0
7087302VK4778G,1,0,0,13,0
7087309VK4778G,1,0,0,13,0
5383108VK4758D,6,0,0,6,0
6190901VK4769A,1,0,0,30,0
6190905VK4769A,1,0,0,10,0
6588603VK4768H,1,0,0,46,0
6588610VK3668H,0,0,1,0,68
6588610VK4768H,1,0,0,40,0
6588613VK4768H,1,0,0,41,0
5987348VK4768G,1,0,0,20,0
4988609VK4748H,1,0,0,20,0
6092079VK4759B,1,0,0,47,0
6485066VK4768E,1,0,0,45,0
6683087VK4768F,1,0,0,44,0
6683006VK4768F,1,0,0,601,0
6683070VK4768F,1,0,0,71,0
4887618VK4748H,1,0,0,25,0
6890038VK4769B,1,0,0,15,0
5186935VK4758E,1,0,0,77,0
4787519VK4748H,1,0,0,14,0
5484032VK4758D,1,0,0,50,0
6092072VK4759B,1,0,0,17,0
60920G4VK4759B,1,0,0,14,0
4986626VK4748F,1,0,0,18,0
4986625VK4748F,1,0,0,28,0
54840B1VK4758D,1,0,0,27,0
6190954VK4769A,1,0,0,104,0
4693318VK4749D,1,0,0,23,0
4593205VK4749D,1,0,0,12,0
4593209VK4749D,1,0,0,14,0
4897438VK4749H,1,0,0,2,0
5290201VK4759A,4,0,0,92,0
5696026VK4759F,1,0,0,68,0
5292410VK4759C,1,0,0,5,0
5292419VK4759C,1,0,0,5,0
5292421VK4759C,1,0,0,5,0
4690307VK4749B,1,0,0,35,0
5097603VK4759G,1,0,0,104,0
4693305VK4749D,1,0,0,18,0
4695213VK4749F,1,0,0,48,0
4989318VK4748H,1,0,0,12,0
4990403VK4749B,1,0,0,82,0
4990411VK4749B,1,0,0,26,0
5098401VK4759G,1,0,0,33,0
5098404VK4759G,1,0,0,26,0
5294979VK4759E,1,0,0,6,0
4699902VK4749H,1,0,0,131,0
4990415VK4749B,1,0,0,21,0
4990416VK4749B,1,0,0,2,0
4990425VK4749B,1,0,0,4,0
4990812VK4749B,1,0,0,18,0
5099911VK4759G,1,0,0,18,0
4791906VK4749B,1,0,0,14,0
5389312VK4758G,1,0,0,3,0
5389323VK4758G,1,0,0,51,0
5189201VK4758G,1,0,0,164,0
4799614VK4749H,1,0,0,31,0
5490904VK4759A,1,0,0,22,0
5494311VK4759D,1,0,0,12,0
4492906VK4749A,1,0,0,45,0
4998403VK4749H,1,0,0,14,0
4998407VK4749H,1,0,0,1,0
4998413VK4749H,1,0,0,5,0
4493223VK4749C,1,0,0,26,0
4493228VK4749C,1,0,0,13,0
4493233VK4749C,1,0,0,26,0
4494309VK4749C,4,0,0,53,0
4999509VK4749H,1,0,0,53,0
4494316VK4749C,1,0,0,97,0
4890906VK4749B,1,0,0,17,0
4893109VK4749D,1,0,0,6,0
4893117VK4749D,1,0,0,6,0
4893120VK4749D,1,0,0,6,0
4893122VK4749D,1,0,0,6,0
4893125VK4749D,1,0,0,6,0
4893133VK4749D,1,0,0,6,0
4590901VK4749B,1,0,0,28,0
4893139VK4749D,1,0,0,6,0
4592133VK4749B,1,0,0,16,0
4592702VK4749D,1,0,0,72,0
4592718VK4749D,0,0,1,0,45
4897406VK4749H,1,0,0,15,0
4394114VK4749C,1,0,0,2,0
4594912VK4749D,1,0,0,3,0
5490912VK4759A,1,0,0,57,0
4990428VK4749B,1,0,0,32,0
5099206VK4759G,1,0,0,6,0
6500302VK4860A,2,0,0,80,0
4200051VK4840C,1,0,0,24,0
4001005VK4840A,1,0,0,18,0
4900309VK4840B,1,0,0,17,0
4900310VK4840B,1,0,0,16,0
4901202VK4840B,1,0,0,7,0
4200050VK4840C,1,0,0,40,0
3900915VK4830B,1,0,0,26,0
3900905VK4830B,1,0,0,6,0
4200033VK4840C,1,0,0,16,0
4901512VK4840B,1,0,0,3,0
3999206VK4739H,1,0,0,24,0
3999212VK4739H,1,0,0,13,0
5807010VK4850F,1,0,0,68,0
5001112VK4850A,1,0,0,1,0
5002317VK4850C,1,0,0,20,0
5002806VK4850A,1,0,0,10,0
5606913VK4850F,1,0,0,55,0
5805002VK4850F,1,0,0,2018,0
3999521VK4739H,1,0,0,32,0
4800203VK4840B,1,0,0,1,0
3999209VK4739H,1,0,0,17,0
4210704VK4841A,1,0,0,3,0
4309307VK4840G,1,0,0,11,0
4309310VK4840G,1,0,0,9,0
3805808VK4830F,1,0,0,18,0
4005205VK4840E,1,0,0,16,0
4005227VK4840E,1,0,0,16,0
4005231VK4840E,1,0,0,96,0
4002406VK4840C,1,0,0,101,0
3903907VK4830D,1,0,0,13,0
3903509VK4830D,1,0,0,36,0
4103930VK4840C,1,0,0,26,0
6115512VK4861E,1,0,0,10,0
6516221VK4861F,1,0,0,24,0
6319510VK4861G,1,0,0,19,0
6713609VK4861D,1,0,0,20,0
6812707VK4861B,1,0,0,8,0
6317820VK4861E,1,0,0,6,0
6418910VK4861G,1,0,0,6,0
6415612VK4861E,1,0,0,344,0
6515912VK4861F,1,0,0,21,0
6813907VK4861D,1,0,0,27,0
6540305VK4864B,1,0,0,28,0
6542204VK4864B,1,0,0,62,0
6540306VK4864B,1,0,0,58,0
6540307VK4864B,1,0,0,32,0
6540309VK4864B,1,0,0,56,0
6441909VK4864A,1,0,0,53,0
6440303VK4864A,1,0,0,32,0
6440308VK4864A,1,0,0,38,0
6912115VK4861B,1,0,0,21,0
6340701VK4863G,1,0,0,67,0
6340703VK4863G,1,0,0,63,0
6910314VK4861B,1,0,0,50,0
6514308VK4861D,1,0,0,6,0
6218004VK4861G,2,0,0,71,0
6713906VK4861D,1,0,0,9,0
6913928VK4861B,1,0,0,11,0
6810219VK4860H,1,0,0,28,0
6810221VK4860H,1,0,0,18,0
6812716VK4861B,1,0,0,14,0
6810241VK4860H,1,0,0,20,0
6317828VK4861E,1,0,0,2,0
6214628VK4861C,1,0,0,5,0
6217208VK4861E,1,0,0,10,0
6214608VK4861C,1,0,0,5,0
6317809VK4861E,1,0,0,34,0
6315413VK4861E,1,0,0,1,0
6913942VK4861B,1,0,0,30,0
6115554VK4861E,1,0,0,1,0
6115548VK4861E,1,0,0,1,0
6214632VK4861C,1,0,0,17,0
6214633VK4861C,1,0,0,17,0
6214641VK4861C,1,0,0,24,0
6214648VK4861C,1,0,0,17,0
6812713VK4861B,1,0,0,14,0
6913941VK4861B,1,0,0,24,0
6913941VK4861D,1,0,0,23,0
6913945VK4861D,1,0,0,21,0
6913947VK4861D,1,0,0,29,0
6417515VK4861G,1,0,0,1,0
6514402VK4861D,1,0,0,6,0
6614305VK4861D,1,0,0,37,0
6515507VK4861F,1,0,0,8,0
6614415VK4861F,1,0,0,18,0
6614423VK4861F,1,0,0,18,0
6418918VK4869G,1,0,0,81,0
6812712VK4861B,1,0,0,15,0
6316622VK4861E,1,0,0,25,0
6129905VK4861G,1,0,0,25,0
6219106VK4861G,1,0,0,30,0
6415608VK4861E,1,0,0,28,0
6415609VK4861E,1,0,0,27,0
6416816VK4861E,1,0,0,23,0
7011122VK4871A,1,0,0,10,0
7011103VK4871A,1,0,0,4,0
7011105VK4871A,1,0,0,24,0
7011111VK4871A,1,0,0,16,0
6516223VK4861F,1,0,0,3,0
6909122VK4860H,1,0,0,1,0
7007208VK4870E,1,0,0,8,0
6908606VK4870G,1,0,0,3,0
6419011VK4861G,1,0,0,7,0
6214615VK4861C,1,0,0,5,0
6219304VK4861G,1,0,0,19,0
6320601VK4862A,1,0,0,18,0
6320603VK4862A,1,0,0,15,0
6320607VK4862A,1,0,0,15,0
6220901VK4862A,1,0,0,21,0
6220905VK4862A,1,0,0,7,0
6220919VK4862A,1,0,0,14,0
6220922VK4862A,1,0,0,8,0
6220923VK4862A,1,0,0,8,0
6317327VK4861G,1,0,0,27,0
6516212VK4861F,1,0,0,36,0
6517107VK4861F,1,0,0,26,0
0067607VK4606G,1,0,0,61,0
9466409VK3696E,1,0,0,81,0
9466408VK3696E,1,0,0,45,0
0262405VK4606C,1,0,0,22,0
9658308VK3695H,5,0,0,2660,0
0065204VK4606E,1,0,0,66,0
9766214VK3696F,1,0,0,44,0
9967713VK3696F,1,0,0,45,0
9864705VK3696D,1,0,0,57,0
1873104VK4617D,0,0,1,0,88
1971801VK5717B,1,0,0,110,0
0776415VK4607F,0,0,1,0,32
0276937VK5607E,1,0,0,2,0
8683913VK4688D,1,0,0,31,0
7203315VK4770C,1,0,0,119,0
7293302VK4679C,1,0,0,41,0
7297214VK4679G,1,0,0,25,0
7395518VK4679E,1,0,0,24,0
7497406VK4679G,1,0,0,76,0
0276985VK5607E,1,0,0,1,0
0276986VK5607E,1,0,0,1,0
0276987VK5607E,1,0,0,1,0
5497316VK4659G,0,0,1,0,112
7802902VK4770B,1,0,0,44,0
7098605VK4679G,1,0,0,361,0
8290104VK4689A,1,0,0,75,0
7303213VK4770C,1,0,0,216,0
8884219VK4688D,1,0,0,25,0
8884225VK4688D,1,0,0,19,0
0480424VK5608A,1,0,0,2,0
0480425VK5608A,1,0,0,23,0
0480429VK5608A,1,0,0,2,0
0480432VK5608A,1,0,0,2,0
9278647VK4697G,1,0,0,16,0
8983920VK4688D,1,0,0,30,0
8983924VK4688D,1,0,0,30,0
8983929VK4688D,1,0,0,11,0
9379928VK4697G,1,0,0,20,0
8683925VK4688D,1,0,0,20,0
8683936VK4688D,1,0,0,19,0
8683939VK4688D,1,0,0,19,0
8096518VK4689E,1,0,0,18,0
0276958VK5607E,1,0,0,2,0
0582325VK5608D,1,0,0,25,0
0276966VK5607E,1,0,0,2,0
0276972VK5607E,1,0,0,2,0
8983918VK4688D,1,0,0,59,0
0077130VK5607E,1,0,0,23,0
0077131VK5607E,1,0,0,7,0
0077136VK5607E,1,0,0,29,0
0077137VK5607E,1,0,0,30,0
7786247VK4678F,1,0,0,18,0
9987322VK4698H,1,0,0,215,0
8198819VK4689G,1,0,0,90,0
9379914VK4697G,1,0,0,24,0
7685909VK4678F,1,0,0,21,0
7685918VK4678F,1,0,0,41,0
0582311VK5608D,1,0,0,5,0
8096122VK4689E,1,0,0,26,0
7786218VK4678F,1,0,0,18,0
7786238VK4678F,1,0,0,13,0
0077107VK5607E,1,0,0,19,0
8299521VK4689G,1,0,0,5,0
8299527VK4689G,1,0,0,5,0
8299528VK4689G,1,0,0,21,0
8299532VK4689G,1,0,0,5,0
0177634VK5607G,1,0,0,4,0
0379549VK5607G,1,0,0,31,0
0379550VK5607G,1,0,0,30,0
0379551VK5607G,1,0,0,30,0
0177618VK5607G,1,0,0,3,0
0177614VK5607G,1,0,0,5,0
8096114VK4689E,1,0,0,49,0
0379511VK5607G,1,0,0,5,0
0379514VK5607G,1,0,0,5,0
0379516VK5607G,1,0,0,5,0
8299511VK4689G,1,0,0,32,0
0276923VK5607E,1,0,0,20,0
0276925VK5607E,1,0,0,20,0
9976726VK4697F,1,0,0,2,0
8626401VK4782F,1,0,0,521,0
8129209VK4782G,1,0,0,23,0
7830201VK4773B,0,0,1,0,59
8529105VK4782H,1,0,0,52,0
0200119DS1900D,0,0,1,0,73
7628301VK4772H,0,0,1,0,91
3434825VK5733C,1,0,0,2,0
3434826VK5733C,1,0,0,2,0
3724612VK5732D,1,0,0,6,0
3724628VK5732D,1,0,0,6,0
3621935VK5732B,1,0,0,6,0
3621934VK5732B,1,0,0,6,0
3519211VK5731H,1,0,0,5,0
3519224VK5731H,1,0,0,5,0
3519230VK5731H,1,0,0,5,0
3519234VK5731H,1,0,0,5,0
3519235VK5731H,1,0,0,5,0
3219603VK4731G,1,0,0,242,0
3219603VK5731G,1,0,0,9,0
3219618VK5731G,1,0,0,9,0
3219627VK5731G,1,0,0,9,0
3219635VK5731G,1,0,0,9,0
3219637VK5731G,1,0,0,9,0
3219643VK5731G,1,0,0,9,0
2622651VK5722D,1,0,0,5,0
2622654VK5722D,1,0,0,5,0
2622661VK5722D,1,0,0,5,0
2622618VK5722D,1,0,0,5,0
2622621VK5722D,1,0,0,5,0
2622623VK5722D,1,0,0,5,0
2622625VK5722D,1,0,0,5,0
8529102VK4782H,1,0,0,171,0
2734623VK5723D,1,0,0,13,0
3319910VK5731G,1,0,0,9,0
3319916VK5731G,1,0,0,9,0
3725542VK5732F,1,0,0,9,0
3319944VK5731G,1,0,0,9,0
3727533VK5732H,1,0,0,4,0
3727532VK5732H,1,0,0,4,0
3727516VK5732H,1,0,0,4,0
3727512VK5732H,1,0,0,2,0
3727508VK5732H,1,0,0,4,0
2933419VK5723D,1,0,0,2,0
2933426VK5723D,1,0,0,2,0
2523968VK5722D,1,0,0,11,0
2523981VK5722D,1,0,0,11,0
8627218VK4782H,1,0,0,143,0
2934908VK5723D,1,0,0,11,0
2934911VK5723D,1,0,0,11,0
2934914VK5723D,1,0,0,11,0
3519203VK5731H,1,0,0,5,0
2825104VK5722F,1,0,0,1382,0
2721501VK5722B,6,0,0,144,0
0200001DS1900D,1,0,0,151,0
2723402VK5722D,3,0,0,16,0
3331302VK5733A,2,0,0,11,0
3727740VK5732F,1,0,0,41,0
3727739VK5732F,1,0,0,41,0
2225750VK5722E,1,0,0,2,0
2225755VK5722E,1,0,0,2,0
2225757VK5722E,1,0,0,2,0
3727738VK5732F,1,0,0,40,0
3727734VK5732F,1,0,0,38,0
3727732VK5732F,1,0,0,39,0
8030302VK4783A,1,0,0,184,0
8131859VK4783A,1,0,0,27,0
7769310VK4776H,1,0,0,34,0
7970114VK4777B,1,0,0,19,0
7970105VK4777B,1,0,0,26,0
7768502VK4776H,1,0,0,40,0
7768519VK4776H,1,0,0,48,0
7768524VK4776H,1,0,0,24,0
7869433VK4776H,1,0,0,12,0
7869428VK4776H,1,0,0,17,0
7869407VK4776H,1,0,0,25,0
7871913VK4777B,1,0,0,15,0
7773105VK4777D,1,0,0,9,0
8153103VK4785C,0,0,1,0,114
7944329VK4774D,1,0,0,12,0
8045920VK4784E,1,0,0,14,0
8045906VK4784E,1,0,0,81,0
8045926VK4784E,1,0,0,74,0
8045933VK4784E,1,0,0,5,0
8045934VK4784E,1,0,0,5,0
7744823VK4774D,1,0,0,1,0
7744828VK4774D,1,0,0,1,0
7744832VK4774D,1,0,0,1,0
7744813VK4774D,1,0,0,32,0
8648831VK4784H,1,0,0,4,0
8547213VK4784H,1,0,0,33,0
9256905VK4795E,1,0,0,29,0
9256907VK4795E,1,0,0,23,0
8648824VK4784H,1,0,0,4,0
8547218VK4784H,1,0,0,11,0
8949209VK4784H,1,0,0,9,0
9256927VK4795E,1,0,0,15,0
2074413VK5727C,1,0,0,24,0
1674702VK5715D,1,0,0,8,0
9776410VK4797F,1,0,0,3,0
1974407VK5717D,1,0,0,36,0
1974403VK5717D,1,0,0,39,0
1973415VK5717D,1,0,0,42,0
2173302VK5727C,1,0,0,167,0
9779402VK4797H,4,0,0,14,0
9279122VK4797G,0,0,1,0,78
2079303VK5727G,1,0,0,800,0
1979106VK5717H,1,0,0,674,0
1579706VK5717H,1,0,0,5,0
9779202VK4797H,4,0,0,10,0
1974424VK5717D,1,0,0,25,0
1672503VK5717D,1,0,0,18,0
1779117VK5717H,1,0,0,25,0
1674716VK5715D,1,0,0,10,0
1674717VK5715D,1,0,0,34,0
1973414VK5717D,1,0,0,1,0
1773814VK5717D,1,0,0,40,0
1675507VK5717F,1,0,0,3,0
1675511VK5717F,1,0,0,3,0
1873408VK5751D,1,0,0,33,0
1676527VK5717F,1,0,0,25,0
1579719VK5717H,1,0,0,7,0
1579716VK5717H,1,0,0,6,0
1579720VK5717H,1,0,0,7,0
1579721VK5717H,1,0,0,7,0
1579723VK5717H,1,0,0,7,0
1579724VK5717H,1,0,0,25,0
1579725VK5717H,1,0,0,7,0
1578527VK5717H,1,0,0,26,0
1774809VK5717D,1,0,0,11,0
8179724VK4787G,1,0,0,63,0
8179726VK4787G,1,0,0,28,0
8179733VK4787G,1,0,0,22,0
8171908VK4787A,1,0,0,6,0
8379918VK4787G,1,0,0,6,0
8278903VK4787G,1,0,0,43,0
7978204VK4777H,1,0,0,10,0
7878914VK4777H,1,0,0,30,0
7877623VK4777F,1,0,0,21,0
7877603VK4777F,1,0,0,27,0
8077406VK4787G,1,0,0,33,0
8077403VK4787G,1,0,0,15,0
8071114VK4787A,1,0,0,42,0
8071110VK4787A,1,0,0,20,0
8170510VK4787A,1,0,0,32,0
8170516VK4787A,1,0,0,22,0
8070901VK4787A,1,0,0,20,0
8070917VK4787A,1,0,0,28,0
8070918VK4787A,1,0,0,28,0
7976605VK4777F,1,0,0,24,0
7776803VK4777F,1,0,0,57,0
7876108VK4777F,1,0,0,13,0
8074902VK4787C,1,0,0,37,0
7778113VK4777H,1,0,0,12,0
7778101VK4777H,1,0,0,5,0
7777205VK4777F,1,0,0,15,0
7877112VK4777F,1,0,0,12,0
7877114VK4777F,1,0,0,29,0
7780103VK4778B,1,0,0,109,0
7971526VK4777B,1,0,0,22,0
7971531VK4777B,1,0,0,23,0
8172210VK4787A,1,0,0,40,0
8170714VK4787A,1,0,0,10,0
7878108VK4777H,1,0,0,39,0
8070928VK4787A,1,0,0,23,0
8278926VK4787G,1,0,0,63,0
8073724VK4787C,1,0,0,2,0
8171923VK4787A,1,0,0,20,0
7878103VK4777H,1,0,0,20,0
7977405VK4777F,1,0,0,25,0
8073720VK4787C,1,0,0,9,0
7679705VK4777H,3,0,0,47,0
8179739VK4787G,1,0,0,7,0
5677217VK4557F,1,0,0,26,0
6074301VK4767C,20,0,0,299,0
6074705VK4767C,1,0,0,4,0
6074728VK4767C,1,0,0,2,0
6072402VK4767C,1,0,0,29,0
6171519VK4767A,1,0,0,23,0
6272712VK4767A,1,0,0,38,0
6371911VK4767A,1,0,0,5,0
6371901VK4767A,1,0,0,4,0
6371909VK4767A,1,0,0,4,0
6472812VK4767A,1,0,0,16,0
6471502VK4767A,21,0,0,209,0
6571102VK4767B,1,0,0,6,0
6571109VK4767B,1,0,0,2,0
6172107VK4767A,1,0,0,24,0
6473101VK4767C,1,0,0,33,0
6370139VK4767A,1,0,0,21,0
6370140VK4767A,1,0,0,21,0
6370142VK4767A,1,0,0,21,0
6076802VK4767E,1,0,0,3,0
6176201VK4767E,1,0,0,2,0
6269309VK4767G,1,0,0,19,0
6171538VK4767A,1,0,0,17,0
6571114VK4767B,1,0,0,23,0
6371922VK4767A,1,0,0,2,0
6371923VK4767A,1,0,0,2,0
6373529VK4767C,1,0,0,21,0
6573327VK4767D,1,0,0,2,0
6076810VK4767E,1,0,0,3,0
6571119VK4767B,1,0,0,10,0
6571125VK4767B,1,0,0,21,0
6474601VK4767C,1,0,0,18,0
6372208VK4767A,1,0,0,2,0
6372217VK4767A,1,0,0,2,0
6372222VK4767A,1,0,0,2,0
6372223VK4767A,1,0,0,2,0
6075515VK4767E,1,0,0,42,0
6370502VK4767A,1,0,0,15,0
6370507VK4767A,1,0,0,31,0
6370520VK4767A,1,0,0,7,0
6472410VK4767C,1,0,0,20,0
6177721VK4767E,1,0,0,1,0
6177725VK4767E,1,0,0,1,0
6175417VK4767E,1,0,0,4,0
6175411VK4767E,1,0,0,4,0
6175408VK4767E,1,0,0,4,0
6175402VK4767E,1,0,0,4,0
6176210VK4767E,1,0,0,10,0
6177703VK4767E,1,0,0,19,0
6377803VK4767E,1,0,0,3,0
6377807VK4767E,1,0,0,3,0
6377817VK4767E,1,0,0,3,0
6474619VK4767C,1,0,0,3,0
6373513VK4767C,1,0,0,6,0
6373526VK4767C,1,0,0,22,0
6371916VK4767A,1,0,0,4,0
6371918VK4767A,1,0,0,5,0
6371928VK4767A,1,0,0,24,0
6074727VK4767C,1,0,0,2,0
6074744VK4767C,1,0,0,22,0
7679714VK4777H,1,0,0,20,0
7679709VK4777H,1,0,0,12,0
6377824VK4767E,1,0,0,3,0
6177718VK4767E,1,0,0,1,0
6172117VK4767A,1,0,0,37,0
6074321VK4767C,1,0,0,36,0
6276203VK4767E,1,0,0,9,0
6171506VK4767A,1,0,0,31,0
9387302VK4798E,0,0,1,0,872
0592440VK5709D,1,0,0,15,0
0291921VK5709A,1,0,0,28,0
0495515VK5709C,1,0,0,12,0
0494904VK5709C,0,0,1,0,9154
9991110VK4799B,1,0,0,22,0
9991111VK4799B,1,0,0,19,0
9790689VK4799B,1,0,0,9,0
9790690VK4799B,1,0,0,9,0
1107502VK5810G,1,0,0,33,0
1107507VK5810G,1,0,0,50,0
1006106VK5810E,1,0,0,85,0
0906312VK5800F,1,0,0,80,0
0906336VK5800F,1,0,0,16,0
0810802VK5800H,1,0,0,21,0
0810815VK5800H,1,0,0,8,0
9504627VK4890D,1,0,0,17,0
9504629VK4890D,1,0,0,17,0
9508107VK4890G,1,0,0,1,0
9508111VK4890G,1,0,0,15,0
9804404VK4890D,1,0,0,7,0
9705108VK4890D,1,0,0,15,0
9708216VK4890H,1,0,0,4,0
9608716VK4890H,1,0,0,10,0
9407527VK4890G,1,0,0,2,0
0307202VK4700E,0,0,1,0,44
9906804VK3790F,1,0,0,37,0
9608730VK4890H,1,0,0,1,0
98037E5VK4890D,1,0,0,1,0
98037E6VK4890D,1,0,0,1,0
98037E7VK4890D,1,0,0,1,0
9706208VK4890F,1,0,0,1,0
9706210VK4890F,1,0,0,1,0
9805245VK4890F,1,0,0,17,0
9804419VK4890D,1,0,0,11,0
9805229VK4890F,1,0,0,30,0
9604545VK4890D,1,0,0,6,0
9504623VK4890D,1,0,0,25,0
9803782VK4890D,1,0,0,18,0
0194410VK5709C,1,0,0,22,0
0194408VK5709C,1,0,0,22,0
0197316VK5709G,1,0,0,17,0
9799101VK4799H,7,0,0,42,0
9797801VK4799F,15,0,0,29,0
9796301VK4799F,7,0,0,70,0
0599804VK5709H,1,0,0,35,0
0598604VK5709H,1,0,0,32,0
0296908VK5709E,1,0,0,21,0
0296904VK5709E,1,0,0,21,0
0399408VK5709G,1,0,0,35,0
0498408VK5709G,1,0,0,1,0
0498409VK5709G,1,0,0,9,0
0296301VK5709E,1,0,0,28,0
0197901VK5709E,1,0,0,42,0
0199210VK5709G,1,0,0,29,0
0399606VK5709G,1,0,0,22,0
9800601VK4890B,1,0,0,2,0
9999413VK4799H,1,0,0,3,0
9999409VK4799H,1,0,0,1,0
0599203VK5709H,1,0,0,25,0
0196810VK5709E,1,0,0,11,0
0194413VK5709C,1,0,0,38,0
0096815VK5709E,1,0,0,1,0
0099005VK5709G,1,0,0,22,0
0099008VK5709G,1,0,0,14,0
0099012VK5709G,1,0,0,14,0
0099013VK5709G,1,0,0,14,0
0499513VK5709G,1,0,0,31,0
0397107VK5709E,1,0,0,19,0
9800617VK4890B,1,0,0,19,0
0499104VK5709G,1,0,0,1,0
9697617VK4799F,1,0,0,15,0
9697623VK4799F,1,0,0,17,0
0399413VK5709G,1,0,0,18,0
0399414VK5709G,1,0,0,22,0
8134606VK4883C,1,0,0,301,0
7329406VK4872G,0,0,1,0,15015
5737401VK4853H,8,0,0,54,0
9718718VK3791H,1,0,0,279,0
8415814VK3781E,1,0,0,13,0
8415917VK3781E,1,0,0,84,0
8415918VK3781E,1,0,0,112,0
8516806VK3781F,1,0,0,400,0
8516807VK3781F,1,0,0,61,0
8516811VK3781F,1,0,0,255,0
8214201VK3781C,1,0,0,157,0
8918934VK3781H,1,0,0,277,0
9212203VK3791C,0,0,1,0,125
9113509VK3791C,1,0,0,257,0
9114432VK3791C,1,0,0,390,0
9114459VK3791C,1,0,0,405,0
8214507VK3781C,1,0,0,40,0
8620922VK3782B,1,0,0,19,0
8419319VK3781G,1,0,0,66,0
8419320VK3781G,1,0,0,76,0
8419322VK3781G,1,0,0,477,0
8719501VK3781H,1,0,0,124,0
7921122VK3772B,1,0,0,62,0
8518411VK3781H,1,0,0,71,0
8518420VK3781H,1,0,0,231,0
8121922VK3782A,1,0,0,2,0
8320211VK3782A,1,0,0,8,0
7822206VK3772D,1,0,0,212,0
7619505VK3771H,1,0,0,78,0
7016706VK3771E,1,0,0,138,0
6809102VK3760H,1,0,0,51,0
7010410VK3771A,1,0,0,335,0
7214203VK3771C,1,0,0,87,0
7611921VK3771B,1,0,0,52,0
7611933VK3771B,1,0,0,1425,0
7611936VK3771B,1,0,0,225,0
6701409VK3760B,1,0,0,7,0
8109723VK3780G,1,0,0,20,0
8107401VK3780G,1,0,0,535,0
8110204VK3781A,1,0,0,93,0
6903226VK3760D,1,0,0,17,0
6903228VK3760D,1,0,0,203,0
7811910VK3771B,1,0,0,192,0
6601404VK3760B,1,0,0,112,0
7202213VK3770C,1,0,0,3,0
7005625VK3770E,1,0,0,86,0
8009403VK3780G,1,0,0,74,0
7005635VK3770E,1,0,0,61,0
7106731VK3770E,1,0,0,44,0
5494714VK3659D,1,0,0,58,0
5594901VK3659D,0,0,1,0,37
6390509VK3669A,1,0,0,108,0
5689456VK3658H,1,0,0,24,0
5689459VK3658H,1,0,0,31,0
5689463VK3658H,1,0,0,42,0
6395601VK3669E,1,0,0,141,0
5689476VK3658H,1,0,0,38,0
6397701VK3669E,0,0,1,0,341
6594425VK3669D,1,0,0,31,0
6087809VK3668E,1,0,0,73,0
5284110VK3658C,0,0,1,0,124
6396621VK3669E,0,0,1,0,449
8105705VK3780E,1,0,0,102,0
0611510VK4701B,1,0,0,82,0
0506133VK4700F,1,0,0,37,0
0611512VK4701B,1,0,0,87,0
0611501VK4701B,1,0,0,321,0
0209505VK4700G,1,0,0,52,0
0410816VK4701A,1,0,0,45,0
0210308VK4701A,1,0,0,194,0
9914802VK3791D,1,0,0,20,0
0311119VK4701A,1,0,0,63,0
0411221VK4701A,1,0,0,123,0
0311716VK4701A,1,0,0,53,0
9813428VK3791D,1,0,0,25,0
9604822VK3790D,1,0,0,145,0
9406911VK3790E,1,0,0,24,0
9604414VK3790D,1,0,0,63,0
9907213VK3790H,1,0,0,17,0
0009519VK4700G,1,0,0,73,0
0009537VK4700G,1,0,0,191,0
9904501VK3790D,1,0,0,69,0
0204201VK4700C,1,0,0,68,0
9708416VK3790H,1,0,0,31,0
30015E2VK4730A,1,0,0,4,0
2704109VK4720D,10,0,0,20,0
2702213VK4720D,10,0,0,20,0
2702214VK4720D,10,0,0,20,0
2702217VK4720D,10,0,0,20,0
3001561VK4730A,1,0,0,10,0
4293514VK4649C,1,0,0,23,0
4293541VK4649C,1,0,0,2,0
3899355VK4639H,1,0,0,11,0
3997704VK4639F,1,0,0,3,0
3995529VK4639F,1,0,0,2,0
3997725VK4639F,1,0,0,3,0
3997727VK4639F,1,0,0,3,0
3997715VK4639F,1,0,0,13,0
3995508VK4639F,1,0,0,10,0
3995519VK4639F,1,0,0,10,0
3402270VK4730C,1,0,0,4,0
3995554VK4639F,1,0,0,2,0
3995555VK4639F,1,0,0,8,0
3995558VK4639F,1,0,0,21,0
3995561VK4639F,1,0,0,8,0
3402239VK4730C,1,0,0,4,0
2503804VK4720D,10,0,0,20,0
3899357VK4639H,1,0,0,9,0
3899348VK4639H,1,0,0,10,0
38993A2VK4639H,1,0,0,7,0
3899377VK4639H,1,0,0,7,0
2503841VK4720D,10,0,0,20,0
3004860VK4730C,1,0,0,4,0
3770960VK4730B,1,0,0,5,0
3770968VK4730B,1,0,0,10,0
3770978VK4730B,1,0,0,8,0
3770986VK4730B,1,0,0,8,0
3999730VK4639H,1,0,0,8,0
3501824VK4730B,1,0,0,5,0
3501835VK4730B,1,0,0,4,0
3501845VK4730B,1,0,0,4,0
3770997VK4730B,1,0,0,8,0
3501840VK4730B,1,0,0,5,0
3108917VK4730G,1,0,0,77,0
3600135VK4730B,1,0,0,14,0
28035D2VK4720D,1,0,0,9,0
32018C1VK4730A,1,0,0,4,0
36001E4VK4730B,1,0,0,12,0
2902955VK4720D,1,0,0,7,0
3600174VK4730B,1,0,0,6,0
3699916VK4639H,1,0,0,7,0
4294209VK4649C,1,0,0,10,0
4293502VK4649C,1,0,0,10,0
30015B5VK4730A,1,0,0,2,0
30015C1VK4730A,1,0,0,4,0
3005509VK4730E,1,0,0,53,0
4293506VK4649C,1,0,0,2,0
4293542VK4649C,1,0,0,2,0
4293543VK4649C,1,0,0,2,0
3001547VK4730A,1,0,0,4,0
3001544VK4730A,1,0,0,2,0
3005514VK4730E,1,0,0,69,0
3001566VK4730A,1,0,0,8,0
3001580VK4730A,1,0,0,4,0
3001579VK4730A,1,0,0,4,0
3105827VK4730E,1,0,0,51,0
4093162VK4649C,1,0,0,12,0
36001D1VK4730B,1,0,0,6,0
36001A6VK4730B,1,0,0,8,0
3422911VK4732A,1,0,0,116,0
3113918VK4731C,1,0,0,2,0
3618736VK4731H,1,0,0,3,0
3308432VK4730G,0,6,0,0,0
3406401VK4730E,2,0,0,25,0
3512201VK4731D,1,0,0,19,0
3512202VK4731D,1,0,0,19,0
3507520VK4730H,1,0,0,131,0
3505306VK4730F,1,0,0,96,0
3511517VK4731B,1,0,0,50,0
3510301VK4731B,1,0,0,45,0
3510905VK4731B,1,0,0,32,0
3620420VK4732B,1,0,0,188,0
3614223VK4731D,1,0,0,526,0
3319621VK4731G,1,0,0,65,0
3314518VK4731C,1,0,0,182,0
3318813VK4731G,1,0,0,115,0
3516507VK4731F,1,0,0,75,0
3118918VK4731G,1,0,0,294,0
3510910VK4731B,1,0,0,49,0
3611320VK4731B,1,0,0,44,0
3620617VK4732B,1,0,0,61,0
3817916VK4731F,1,0,0,15,0
3609515VK4730H,1,0,0,94,0
5013602VK4751C,1,0,0,392,0
5014302VK4751C,1,0,0,35,0
4711617VK4741B,1,0,0,4,0
4811317VK4741B,1,0,0,165,0
4811319VK4741B,1,0,0,34,0
5213921VK4751C,1,0,0,65,0
3921603VK4732B,1,0,0,42,0
3929116VK4732H,1,0,0,179,0
3920802VK4732B,1,0,0,58,0
4119119VK4741G,1,0,0,104,0
4118706VK4741G,1,0,0,314,0
3424101VK4732C,0,0,1,0,140
3624408VK4732D,1,0,0,290,0
3829304VK4732H,1,0,0,160,0
3627205VK4732F,1,0,0,15,0
3525506VK4732F,1,0,0,48,0
3825306VK4732F,1,0,0,10,0
1762925VK4616B,0,0,1,0,59
8884227VK4688D,1,0,0,51,0
0443110VK4704C,1,0,0,68,0
9836401VK3793F,1,0,0,130,0
9840603VK3794B,1,0,0,93,0
9842902VK3794B,1,0,0,310,0
9844906VK3794D,1,0,0,83,0
9635507VK3793F,1,0,0,15,0
9636411VK3793F,1,0,0,90,0
9849436VK3794H,1,0,0,115,0
0040107VK4704A,1,0,0,159,0
0040902VK4704A,1,0,0,1384,0
9736312VK3793F,1,0,0,104,0
9736610VK3793F,1,0,0,292,0
9942605VK3794D,1,0,0,833,0
9947102VK3794F,1,0,0,148,0
9948905VK3794H,1,0,0,300,0
9736313VK3793F,1,0,0,118,0
9835502VK4793F,1,0,0,147,0
9835602VK3793F,1,0,0,107,0
0339104VK4703G,1,0,0,224,0
0834103VK4703D,1,0,0,28,0
0836306VK4703F,1,0,0,18,0
0836311VK4703F,1,0,0,16,0
0534906VK4703D,1,0,0,80,0
0836901VK4703F,1,0,0,553,0
0538101VK4703G,1,0,0,121,0
0538101VK5703E,0,0,1,0,1593
0038909VK4703G,0,0,1,0,19
0538818VK4703H,1,0,0,71,0
9934603VK3793D,1,0,0,174,0
9934604VK3793D,1,0,0,119,0
0037408VK4703G,1,0,0,106,0
0237911VK4703E,1,0,0,322,0
0737211VK4803E,1,0,0,4,0
0440306VK4704A,1,0,0,27,0
0440315VK4704A,0,0,1,0,265
0739206VK4703H,1,0,0,236,0
0739208VK4703H,1,0,0,59,0
0135623VK4703C,1,0,0,319,0
0632405VK4703D,1,0,0,44,0
0634309VK4703D,1,0,0,37,0
0937612VK4703H,1,0,0,151,0
0334305VK4703C,1,0,0,277,0
0638105VK4803H,1,0,0,9,0
0639811VK4703H,1,0,0,158,0
0338208VK4703G,1,0,0,21,0
0639824VK4703H,1,0,0,123,0
0639908VK4703H,1,0,0,104,0
0737206VK4803E,1,0,0,4,0
0632403VK4703D,1,0,0,81,0
0638102VK4703H,0,0,1,0,437
0339008VK4703G,1,0,0,87,0
0937617VK4703H,1,0,0,118,0
0641803VK4704B,1,0,0,115,0
1040803VK4714A,1,0,0,107,0
0841713VK4704B,1,0,0,98,0
0542807VK4704B,1,0,0,1583,0
0741602VK4704B,1,0,0,40,0
0942105VK4704B,1,0,0,506,0
0641403VK4704B,1,0,0,97,0
0641414VK4704B,1,0,0,978,0
0948509VK4704H,1,0,0,1148,0
1350215VK4715A,1,0,0,276,0
0754507VK4705D,0,0,1,0,340
0953022VK4705D,1,0,0,37,0
0648304VK4704H,1,0,0,344,0
1049206VK4714G,1,0,0,1035,0
1053804VK4715C,1,0,0,25,0
0851113VK4705B,1,0,0,263,0
0749412VK4704H,1,0,0,36,0
1254010VK4715C,1,0,0,172,0
0948107VK4704H,1,0,0,778,0
1151807VK4715A,0,0,1,0,6
9955613VK3795F,1,0,0,18,0
0452416VK4705C,1,0,0,47,0
0452417VK4705C,1,0,0,187,0
0151509VK4705A,1,0,0,856,0
0458704VK4705H,0,0,1,0,345
0458803VK4705G,1,0,0,262,0
0352911VK4705C,1,0,0,45,0
0355806VK4705C,1,0,0,15,0
0653807VK4705D,1,0,0,586,0
0356912VK4705E,1,0,0,249,0
0358712VK4705G,1,0,0,224,0
0052806VK4705A,1,0,0,87,0
0054502VK4705C,1,0,0,2589,0
0549712VK4704H,1,0,0,209,0
0552213VK4705D,1,0,0,24,0
9755104VK3795F,1,0,0,68,0
0248509VK4704G,1,0,0,119,0
0151517VK4705A,1,0,0,89,0
0454506VK4705C,1,0,0,311,0
0353621VK4705C,0,0,5,0,192
0357801VK4705E,1,0,0,34,0
0144611VK4704C,1,0,0,253,0
0148809VK4704G,1,0,0,1168,0
0342209VK4704A,1,0,0,40,0
0348802VK4704G,0,0,1,0,84
0044402VK4704C,1,0,0,2905,0
0043101VK4704C,1,0,0,708,0
0044405VK4704C,1,0,0,160,0
0543108VK4704D,1,0,0,13,0
0241505VK4704A,1,0,0,945,0
0241515VK4704A,1,0,0,160,0
0242301VK4704C,1,0,0,94,0
0242303VK4704C,1,0,0,606,0
0247505VK4704G,1,0,0,180,0
0443103VK4704C,1,0,0,318,0
0443505VK4704C,0,1,0,290,0
0443705VK4704C,1,0,0,236,0
0443713VK4704C,1,0,0,688,0
0443715VK4704C,1,0,0,242,0
0445401VK4704E,1,0,0,86,0
0142202VK4704A,1,0,0,81,0
0142214VK4704A,1,0,0,54,0
0144301VK4704C,1,0,0,2469,0
0445407VK4704E,1,0,0,164,0
1018207VK4711G,1,0,0,48,0
1126104VK4712E,1,0,0,443,0
0828408VK4702H,1,0,0,426,0
1232208VK4713A,1,0,0,270,0
1331108VK4713A,1,0,0,388,0
1428211VK4712G,1,0,0,55,0
2231201VK4723A,1,0,0,110,0
2530206VK4723B,1,0,0,106,0
2731401VK4723B,1,0,0,219,0
2731402VK4723B,1,0,0,420,0
3347620VK4734G,1,0,0,72,0
2548803VK4724H,1,0,0,21,0
2548818VK4724H,1,0,0,76,0
2646507VK4724F,1,0,0,173,0
2649713VK4724H,1,0,0,124,0
1445607VK4714E,0,0,1,0,66
1541509VK4714B,2,0,0,12,0
1541709VK4714B,1,0,0,6,0
2134901VK4723C,1,0,0,8,0
2134915VK4723C,1,0,0,97,0
2935804VK4723F,1,0,0,20,0
3134304VK4733C,1,0,0,6,0
2841322VK4724B,1,0,0,27,0
2351213VK4725A,1,0,0,413,0
1950706VK4715B,1,0,0,156,0
2057904VK4725E,1,0,0,786,0
1549306VK4714H,2,0,0,26,0
2154907VK4725C,1,0,0,1184,0
1650804VK4715B,1,0,0,18,0
1851608VK4715B,1,0,0,460,0
1853110VK4715D,1,0,0,1631,0
1856803VK4715F,1,0,0,1083,0
2255419VK4725E,1,0,0,179,0
3156610VK4735E,1,0,0,23,0
2450518VK4725A,1,0,0,302,0
2550601VK4725B,1,0,0,317,0
2955709VK4725F,1,0,0,446,0
2955711VK4725F,1,0,0,251,0
2552511VK4725D,1,0,0,255,0
2751102VK4725B,1,0,0,14,0
3956702VK4735F,1,0,0,16,0
3854217VK4735D,1,0,0,176,0
3951431VK4735B,1,0,0,7,0
2767608VK4726F,1,0,0,1137,0
3465203VK4736E,1,0,0,860,0
3965903VK4736F,1,0,0,10,0
3965906VK4736F,1,0,0,15,0
3965944VK4736F,1,0,0,8,0
3164106VK4736C,1,0,0,189,0
3164212VK4736C,1,0,0,66,0
3260214VK4736A,1,0,0,26,0
2967205VK4726F,1,0,0,470,0
3659202VK4735H,1,0,0,101,0
1767718VK4716F,2,0,0,60,0
1761605VK4716B,0,0,1,0,257
1767707VK4716F,1,0,0,943,0
2264106VK4726C,1,0,0,267,0
2266317VK4726E,1,0,0,304,0
2158511VK4725G,1,0,0,594,0
1876807VK4717F,1,0,0,34,0
1876810VK4717F,1,0,0,13,0
1879103VK5717H,1,0,0,8,0
2379208VK4727G,2,0,0,30,0
2379211VK4727G,1,0,0,6,0
1880206VK4718B,1,0,0,31,0
1882902VK4718D,1,0,0,281,0
2382110VK4728A,1,0,0,19,0
1970609VK4717B,1,0,0,237,0
1978312VK4717H,1,0,0,30,0
1978313VK4717H,1,0,0,11,0
1979208VK4717H,1,0,0,28,0
1980201VK4718B,1,0,0,12,0
1980415VK4718B,1,0,0,31,0
2278503VK4727G,1,0,0,9,0
2475306VK4727E,1,0,0,2,0
1575701VK4717F,1,0,0,44,0
2280905VK4728A,1,0,0,17,0
2476212VK4727E,1,0,0,8,0
2476402VK4727E,1,0,0,63,0
2476705VK4727F,1,0,0,12,0
1675801VK4717F,1,0,0,5,0
1678704VK4717H,1,0,0,16,0
2477109VK4727E,1,0,0,3,0
2479205VK4727G,1,0,0,18,0
2479208VK4727G,1,0,0,32,0
2479218VK4727G,1,0,0,18,0
1771103VK4617B,1,0,0,154,0
2077208VK4727E,1,0,0,44,0
2078203VK4727G,1,0,0,16,0
2078210VK4727G,1,0,0,17,0
2079504VK4727G,1,0,0,400,0
1775701VK4717F,1,0,0,31,0
1778604VK4717H,1,0,0,37,0
2079519VK4727G,1,0,0,35,0
1779411VK4717H,1,0,0,40,0
2576304VK4727E,1,0,0,11,0
2374204VK4727E,1,0,0,5,0
2576804VK4727F,1,0,0,17,0
2577201VK4727H,1,0,0,43,0
2577205VK4727H,1,0,0,21,0
1874617VK4717D,1,0,0,35,0
2170109VK4727A,1,0,0,39,0
2173105VK4727C,1,0,0,14,0
1978114VK4717H,1,0,0,10,0
1970616VK4717B,1,0,0,48,0
1575717VK4717F,0,1,0,678,0
1877620VK4717H,1,0,0,20,0
2872507VK4727D,1,0,0,98,0
3372304VK4737A,1,0,0,241,0
3173807VK4737C,1,0,0,42,0
3375110VK4737E,0,1,0,113,0
2771207VK4727B,1,0,0,25,0
3071513VK4737A,1,0,0,44,0
3878302VK4737H,1,0,0,367,0
3878306VK4737H,1,0,0,10,0
3978209VK4737H,1,0,0,67,0
2678702VK4727H,1,0,0,119,0
3082701VK3738C,1,0,0,2,0
3082701VK4738C,1,0,0,12,0
2879611VK4727H,0,10,0,0,0
3581602VK4738B,1,0,0,16,0
3581626VK4738B,1,0,0,11,0
3583804VK4738D,1,0,0,25,0
2976606VK4727F,1,0,0,27,0
3383110VK4738C,1,0,0,4,0
2977811VK4727F,1,0,0,27,0
3182119VK4738A,1,0,0,6,0
3482526VK4738C,1,0,0,19,0
3482804VK4738A,1,0,0,167,0
3081108VK3738A,1,0,0,6,0
3081127VK4738A,1,0,0,13,0
2774701VK4727D,1,0,0,56,0
3488109VK3738G,3,0,0,32,0
3085932VK4738E,1,0,0,148,0
3585319VK4738F,1,0,0,9,0
3588105VK4738H,1,0,0,14,0
3588704VK4738H,1,0,0,50,0
3685302VK4738D,1,0,0,17,0
3685314VK4738F,1,0,0,8,0
3685529VK4738F,1,0,0,13,0
3687901VK4738H,1,0,0,62,0
3687906VK4738F,1,0,0,43,0
3687919VK4738F,1,0,0,8,0
3687924VK4738F,1,0,0,15,0
3688703VK4738H,1,0,0,6,0
3688718VK4738H,1,0,0,20,0
3690303VK4739B,1,0,0,29,0
3788312VK4738H,1,0,0,6,0
3789311VK4738H,1,0,0,6,0
3486608VK4738E,1,0,0,11,0
3487108VK4738E,1,0,0,23,0
3487308VK4738G,1,0,0,19,0
3487707VK4738E,1,0,0,12,0
3488104VK3738G,1,0,0,14,0
3488104VK4738G,1,0,0,10,0
3685336VK4738F,1,0,0,5,0
2089529VK4728G,1,0,0,21,0
2089531VK4728G,1,0,0,21,0
2595403VK4729F,1,0,0,24,0
2697401VK4729H,1,0,0,24,0
2997109VK4729F,1,0,0,25,0
3195903VK4739E,1,0,0,125,0
2293114VK4729C,1,0,0,9,0
2297805VK4729E,1,0,0,25,0
2299705VK4729G,1,0,0,33,0
2299710VK4729G,1,0,0,11,0
2299713VK4729G,1,0,0,42,0
2299714VK4729G,1,0,0,23,0
2299762VK4729G,1,0,0,25,0
2299765VK4729G,1,0,0,14,0
2493611VK4729C,1,0,0,7,0
2299774VK4729G,1,0,0,11,0
3097729VK4739E,1,0,0,79,0
2893501VK4729D,2,0,0,42,0
3098913VK4739G,1,0,0,22,0
2997711VK4729F,1,0,0,28,0
2997717VK4729F,1,0,0,31,0
3391216VK4739A,1,0,0,46,0
2999606VK4729H,1,0,0,14,0
2999610VK4729H,5,0,0,99,0
2999611VK4729H,3,0,0,62,0
2795912VK4729D,1,0,0,17,0
3195401VK4739E,1,0,0,261,0
3196418VK4739E,1,0,0,18,0
2797502VK4729H,1,0,0,45,0
2098318VK4729G,1,0,0,20,0
2299709VK4729G,1,0,0,37,0
2797510VK4729F,1,0,0,26,0
2098319VK4729G,1,0,0,29,0
3097738VK4739E,1,0,0,18,0
2503913VK4820A,1,0,0,8,0
2503944VK4820C,1,0,0,2,0
2302902VK4820C,1,0,0,27,0
2303307VK4820C,1,0,0,11,0
9987412VK3798H,1,0,0,2,0
0187807VK4708E,1,0,0,250,0
0382205VK4708C,1,0,0,27,0
0485812VK4708E,1,0,0,42,0
0183607VK4708C,1,0,0,83,0
0087909VK4708E,1,0,0,2,0
0083707VK4708C,1,0,0,59,0
0785923VK4708F,1,0,0,71,0
0682304VK4708D,1,0,0,23,0
0679502VK4707H,1,0,0,37,0
0679509VK4707H,1,0,0,124,0
0685324VK4708F,1,0,0,18,0
0580503VK4708B,1,0,0,36,0
1095512VK4719E,1,0,0,156,0
1094409VK4719C,1,0,0,130,0
1395512VK4719E,1,0,0,84,0
1407101VK4810E,10,0,0,20,0
1199901VK4719G,1,0,0,139,0
1199406VK4719G,1,0,0,258,0
1199411VK4719G,1,0,0,124,0
1199415VK4719G,1,0,0,43,0
1204704VK4810C,1,0,0,80,0
1305410VK4810E,1,0,0,50,0
1000714VK4810A,1,0,0,94,0
1206408VK4810E,11,0,0,64,0
0800102VK4800B,1,0,0,16,0
0802210VK3800D,1,0,0,22,0
0795317VK4709F,0,0,3,0,72
0298719VK4709G,1,0,0,223,0
0797711VK4709F,1,0,0,228,0
0899916VK4709H,1,0,0,306,0
0999204VK4709H,1,0,0,43,0
0896805VK4709F,1,0,0,168,0
0102307VK4800C,1,0,0,2,0
0102306VK4800C,1,0,0,56,0
0597205VK4709F,1,0,0,177,0
0898519VK4709H,1,0,0,75,0
0802204VK3800D,1,0,0,22,0
0204919VK3480C,1,0,0,103,0
0394530VK4709C,1,0,0,137,0
0792211VK4709D,1,0,0,80,0
0392411VK4709C,1,0,0,67,0
0389913VK4708G,1,0,0,24,0
0291607VK4709A,1,0,0,34,0
0487314VK4708G,1,0,0,214,0
0493109VK4709C,1,0,0,24,0
0486503VK4708E,1,0,0,169,0
0395514VK4709E,1,0,0,51,0
0691156VK4709B,1,0,0,161,0
9565504VK3796F,1,0,0,274,0
9765304VK3796F,1,0,0,125,0
9361804VK3796A,1,0,0,348,0
9464512VK3796C,1,0,0,148,0
9468505VK3796H,2,0,0,72,0
9560903VK3796B,1,0,0,44,0
9365505VK3796E,1,0,0,550,0
0065619VK4706E,1,0,0,152,0
0362204VK4706C,1,0,0,319,0
0362206VK4706A,1,0,0,258,0
0364118VK4706C,1,0,0,348,0
9861303VK3796B,1,0,0,612,0
9865304VK3796F,1,0,0,288,0
9968912VK3796H,1,0,0,43,0
0566606VK4706F,1,0,0,127,0
0665105VK4706F,1,0,0,210,0
0665120VK4706F,1,0,0,42,0
0659208VK4705H,1,0,0,259,0
0360109VK4706A,1,0,0,175,0
0460117VK4706G,1,0,0,198,0
0762302VK4706D,1,0,0,87,0
0861405VK4706B,1,0,0,130,0
0867709VK4706F,1,0,0,19,0
1459803VK4715G,1,0,0,82,0
1460607VK4716A,1,0,0,119,0
1557402VK4715H,2,0,0,20,0
1259210VK4715G,1,0,0,354,0
1264810VK4716C,1,0,0,511,0
1463808VK4716C,1,0,0,6,0
1070215VK4717A,0,0,1,0,46
1073101VK4717C,1,0,0,348,0
1073105VK4717C,1,0,0,17,0
1171908VK4717A,1,0,0,22,0
0775612VK4707F,1,0,0,11,0
9276604VK3797E,1,0,0,8,0
9374307VK3797C,1,0,0,270,0
9869406VK3796H,1,0,0,436,0
3974137VK3837D,1,0,0,21,0
4257404VK3845G,2,0,0,23,0
4162209VK3849C,1,0,0,16,0
4162212VK3849C,1,0,0,12,0
7316118VK3871E,1,0,0,53,0
7316124VK3871C,1,0,0,49,0
7316128VK3871C,1,0,0,35,0
7316126VK3871C,1,0,0,34,0
7316134VK3861D,1,0,0,66,0
6512502VK3861C,1,0,0,50,0
7313318VK3871C,1,0,0,57,0
7313311VK3871C,1,0,0,46,0
7313306VK3871C,1,0,0,393,0
7313303VK3871C,1,0,0,49,0
7011403VK3861D,1,0,0,50,0
7011421VK3871A,1,0,0,37,0
7416715VK3871E,1,0,0,17,0
7516403VK3871F,1,0,0,25,0
6611903VK3861B,1,0,0,68,0
6611904VK3861B,1,0,0,99,0
7315816VK3871E,1,0,0,45,0
7316135VK3861D,1,0,0,38,0
7315809VK3871E,1,0,0,35,0
7110604VK3870G,1,0,0,666,0
6811314VK3861B,1,0,0,64,0
6510518VK3861B,4,0,0,154,0
8214207VK3881C,1,0,0,13,0
76135A8VK3871B,1,0,0,24,0
8113320VK3881C,1,0,0,15,0
8515915VK3881F,1,0,0,18,0
8114310VK3881C,1,0,0,1,0
7812915VK3871D,1,0,0,28,0
7913312VK3871D,1,0,0,19,0
8316413VK3881E,1,0,0,6,0
8214621VK3881C,1,0,0,17,0
8315915VK3881E,1,0,0,14,0
8315921VK3881E,1,0,0,14,0
8315926VK3881E,1,0,0,17,0
8416755VK3881E,1,0,0,18,0
8416779VK3881E,1,0,0,17,0
8416780VK3881E,1,0,0,17,0
8416781VK3881E,1,0,0,22,0
8412531VK3881C,1,0,0,10,0
8412534VK3881C,1,0,0,8,0
8515622VK3881F,1,0,0,10,0
7816118VK3871F,1,0,0,20,0
7816135VK3871F,1,0,0,27,0
7916408VK3871F,1,0,0,42,0
8010324VK3881A,1,0,0,47,0
7909512VK3870H,1,0,0,31,0
7815502VK3871F,1,0,0,23,0
7909807VK3870H,1,0,0,18,0
8008407VK3880G,1,0,0,25,0
7912710VK3871B,1,0,0,22,0
8012909VK3881A,1,0,0,30,0
8012901VK3881A,1,0,0,17,0
8316309VK3881E,1,0,0,33,0
8316307VK3881E,1,0,0,17,0
8010710VK3881A,1,0,0,12,0
8010711VK3881A,1,0,0,32,0
8010728VK3881A,1,0,0,4,0
8010733VK3881A,1,0,0,10,0
8010735VK3881A,1,0,0,10,0
8213610VK3881C,1,0,0,14,0
8214104VK3881C,1,0,0,102,0
7712913VK3871D,1,0,0,2,0
8111606VK3881A,1,0,0,21,0
8111609VK3881A,1,0,0,27,0
8111610VK3881A,1,0,0,71,0
8109402VK3881A,1,0,0,23,0
8115704VK3881E,1,0,0,7,0
8115710VK3881E,1,0,0,12,0
7909502VK3770H,1,0,0,58,0
7909502VK3870H,1,0,0,14,0
8108419VK3880G,1,0,0,5,0
8108417VK3880G,1,0,0,5,0
8108416VK3880G,1,0,0,5,0
8209403VK3880G,1,0,0,19,0
8210902VK3881A,1,0,0,17,0
8315306VK3881E,1,0,0,21,0
8416711VK3881E,1,0,0,19,0
7711904VK3871B,1,0,0,15,0
8214601VK3881E,1,0,0,25,0
8309428VK3880G,1,0,0,17,0
8309431VK3880G,1,0,0,17,0
8412105VK3881A,1,0,0,22,0
8515909VK3881F,1,0,0,56,0
8417801VK3881E,1,0,0,8,0
8417802VK3881E,1,0,0,8,0
8417805VK3881E,1,0,0,8,0
8417808VK3881E,1,0,0,8,0
8412705VK3881A,1,0,0,24,0
8511709VK3881B,1,0,0,26,0
8511715VK3881B,1,0,0,24,0
7511911VK3871B,1,0,0,26,0
8510703VK3881B,1,0,0,32,0
8710112VK3881B,1,0,0,11,0
7610107VK3871B,1,0,0,29,0
7610108VK3871B,1,0,0,23,0
8710119VK3881B,1,0,0,25,0
8711134VK3881B,1,0,0,18,0
8711106VK3881B,2,0,0,78,0
7718901VK3871H,1,0,0,11,0
8612810VK3881B,1,0,0,16,0
8613709VK3881D,1,0,0,11,0
7820113VK3871H,1,0,0,30,0
7820117VK3871H,1,0,0,27,0
7613537VK3871D,1,0,0,21,0
8612709VK3881B,1,0,0,16,0
8712806VK3881B,1,0,0,18,0
7818921VK3871H,1,0,0,5,0
7610304VK3871B,1,0,0,13,0
7609504VK3871B,1,0,0,29,0
7609512VK3871B,1,0,0,3,0
7710211VK3871B,1,0,0,24,0
7809201VK3871B,1,0,0,25,0
7816106VK3871F,1,0,0,22,0
7810215VK3871B,1,0,0,14,0
8813103VK3881D,1,0,0,23,0
7610318VK3871B,1,0,0,24,0
7610320VK3871B,1,0,0,22,0
8217602VK3881E,1,0,0,18,0
8410710VK3881A,1,0,0,10,0
7813321VK3871D,1,0,0,16,0
7813311VK3871D,1,0,0,33,0
8508514VK3880H,1,0,0,18,0
8508517VK3880H,1,0,0,21,0
8211904VK3881A,1,0,0,23,0
8216110VK3881E,1,0,0,2,0
8412518VK3881C,1,0,0,10,0
8317612VK3881E,1,0,0,10,0
8710108VK3881B,1,0,0,8,0
7511916VK3871B,1,0,0,26,0
7810205VK3871B,1,0,0,15,0
7810224VK3871B,1,0,0,20,0
7811107VK3871B,1,0,0,24,0
8111602VK3881A,1,0,0,15,0
8316417VK3881E,2,0,0,11,0
7811311VK3871B,1,0,0,17,0
8415213VK3881E,1,0,0,19,0
8315315VK3881E,1,0,0,18,0
8316418VK3881E,1,0,0,5,0
8316313VK3881E,1,0,0,27,0
7709613VK3870H,1,0,0,5,0
9806902VK2890F,1,0,0,52,0
9508316VK3890G,0,0,1,0,70
1636704VK4813F,1,0,0,2,0
1731521VK4813B,1,0,0,69,0
1631823VK4813B,1,0,0,34,0
1643153VK4814D,1,0,0,31,0
1643152VK4814D,1,0,0,52,0
1738854VK4814B,1,0,0,47,0
1643142VK4814D,1,0,0,51,0
1643140VK4814D,1,0,0,72,0
1738322VK4813H,1,0,0,3,0
1643129VK4814D,1,0,0,8,0
1643125VK4814D,1,0,0,44,0
1738838VK4813H,1,0,0,58,0
1738823VK4813H,1,0,0,35,0
1640801VK4814B,7,0,0,77,0
2136947VK4823E,1,0,0,18,0
1441813VK4813B,1,0,0,41,0
1441817VK4813B,1,0,0,8,0
1441822VK4813B,1,0,0,15,0
1441828VK4813G,1,0,0,6,0
1744603VK4814D,1,0,0,217,0
1744607VK4814D,1,0,0,26,0
1840410VK4814B,1,0,0,37,0
1641808VK4814B,1,0,0,9,0
1933309VK4813D,1,0,0,33,0
1831202VK4813B,1,0,0,320,0
1831921VK4813B,1,0,0,84,0
1436505VK4813E,1,0,0,7,0
2034107VK4823C,1,0,0,18,0
1537811VK4813F,1,0,0,5,0
1537816VK4813F,1,0,0,6,0
1537821VK4813F,1,0,0,7,0
1536610VK4813F,1,0,0,2,0
1636902VK4813F,1,0,0,16,0
1636709VK4813F,1,0,0,5,0
1737107VK4813F,1,0,0,4,0
1737115VK4813F,1,0,0,3,0
1737122VK4813F,1,0,0,3,0
1732237VK4813B,1,0,0,42,0
1929529VK4813B,1,0,0,336,0
1732518VK4813D,1,0,0,14,0
1729619VK4812H,1,0,0,80,0
1738814VK4813F,1,0,0,60,0
1746204VK4184E,1,0,0,39,0
1844408VK4184D,1,0,0,37,0
1844421VK4184D,1,0,0,4,0
1844422VK4184D,1,0,0,29,0
1742513VK4814D,1,0,0,34,0
0638912VK4803H,1,0,0,2,0
8623714VK3882D,31,0,0,225,0
9822210VK3892D,1,0,0,123,0
9822211VK3892D,1,0,0,17,0
0537541VK4803H,1,0,0,1,0
0237505VK4083H,1,0,0,15,0
9822204VK3892D,1,0,0,52,0
8525642VK3882D,9,0,0,99,0
8925654VK3882F,1,0,0,4,0
0438510VK4083H,1,0,0,18,0
9528472VK3893A,1,0,0,27,0
8925914VK3882F,1,0,0,5,0
0638137VK4803H,1,0,0,14,0
0638138VK4803H,1,0,0,14,0
0638142VK4803H,1,0,0,14,0
0738902VK4083G,1,0,0,5,0
0738913VK4083G,1,0,0,5,0
9023456VK3892D,1,0,0,12,0
9927116VK3892F,1,0,0,66,0
7925222VK3872F,1,0,0,42,0
9923912VK3892D,1,0,0,4,0
9022462VK3882D,1,0,0,12,0
9022454VK3882D,1,0,0,2,0
9022450VK3882D,1,0,0,2,0
0538527VK4083G,1,0,0,6,0
0538528VK4083G,1,0,0,6,0
0239727VK4083H,1,0,0,5,0
9823317VK3892D,1,0,0,24,0
9823312VK3892D,1,0,0,45,0
0027118VK4802E,1,0,0,41,0
9921232VK3892B,1,0,0,40,0
0330820VK4803A,1,0,0,36,0
0330821VK4803A,1,0,0,38,0
0330823VK4803A,1,0,0,23,0
9921213VK3892B,1,0,0,30,0
9921222VK3892B,1,0,0,30,0
9921226VK3892B,1,0,0,30,0
9921229VK3892B,1,0,0,282,0
9921230VK3892B,1,0,0,50,0
0330836VK4802H,1,0,0,135,0
0330837VK4802H,1,0,0,21,0
0130301VK4803A,1,0,0,54,0
0130321VK4803A,1,0,0,47,0
9820402VK3892B,1,0,0,29,0
0028706VK4802G,1,0,0,39,0
0028708VK4802G,1,0,0,44,0
8525608VK3882C,4,0,0,12,0
8825702VK3882F,1,0,0,25,0
8925607VK3882F,1,0,0,2,0
0429834VK4802G,1,0,0,2,0
0429807VK4802G,1,0,0,31,0
0628109VK4802H,1,0,0,27,0
8925650VK3882F,1,0,0,4,0
8925660VK3882F,1,0,0,2,0
0727106VK4802F,1,0,0,28,0
0726111VK4802F,1,0,0,57,0
0527907VK4802H,1,0,0,66,0
8925601VK3882F,1,0,0,2,0
9023444VK3882D,1,0,0,2,0
9023439VK3882D,1,0,0,2,0
9925924VK3892D,1,0,0,32,0
0426603VK4802E,1,0,0,31,0
0426612VK4802E,1,0,0,56,0
0426638VK4802E,1,0,0,48,0
0426607VK4802E,1,0,0,55,0
0424224VK4802E,1,0,0,153,0
9022429VK3882D,1,0,0,11,0
0227623VK4802E,0,0,1,0,174
9928202VK3892H,1,0,0,79,0
9928208VK3892H,1,0,0,49,0
0027106VK4802E,1,0,0,165,0
0125404VK4802E,1,0,0,26,0
0125407VK4802E,1,0,0,33,0
0125412VK4802E,1,0,0,21,0
0125415VK4802E,1,0,0,28,0
0125417VK4802E,1,0,0,31,0
0125429VK4802E,1,0,0,76,0
0224303VK4802E,1,0,0,44,0
0224305VK4802E,1,0,0,31,0
0224307VK4802E,1,0,0,34,0
8922730VK3892A,1,0,0,1,0
0324929VK4802C,1,0,0,100,0
0224312VK4802E,1,0,0,43,0
0224315VK4802E,1,0,0,27,0
0324905VK4802C,1,0,0,25,0
0324912VK4802C,1,0,0,114,0
0324922VK4802C,1,0,0,27,0
9827101VK3892H,1,0,0,57,0
9827103VK3892H,1,0,0,56,0
9927113VK3892F,1,0,0,95,0
9925910VK3892F,1,0,0,30,0
9925918VK4802E,1,0,0,30,0
9925920VK3892D,1,0,0,39,0
8623703VK3882D,1,0,0,2,0
9925933VK3892F,1,0,0,24,0
0024810VK4802C,1,0,0,39,0
0222426VK4802C,1,0,0,95,0
9626215VK3892F,1,0,0,75,0
9626217VK3892F,1,0,0,39,0
0130319VK4803A,1,0,0,45,0
9925929VK3892F,1,0,0,29,0
9823328VK3892D,1,0,0,53,0
0227607VK4802E,1,0,0,1222,0
9528495VK3892G,1,0,0,13,0
0736241VK4083E,1,0,0,29,0
9822215VK3892D,1,0,0,43,0
9822220VK3892D,1,0,0,43,0
0736214VK4083E,1,0,0,15,0
0736215VK4083E,1,0,0,17,0
0736227VK4083E,1,0,0,6,0
8925667VK3882F,1,0,0,2,0
8925668VK3882F,1,0,0,2,0
0239747VK4083H,1,0,0,1,0
1651110VK4185A,1,0,0,24,0
1651128VK4185A,1,0,0,32,0
1651136VK4185A,1,0,0,23,0
1651143VK4185A,1,0,0,26,0
0096806VK5709E,1,0,0,1,0
1851705VK4185B,1,0,0,25,0
1851743VK4185B,1,0,0,12,0
1851747VK4185B,1,0,0,8,0
1851749VK4185B,1,0,0,28,0
1851751VK4185B,1,0,0,25,0
1844426VK4184D,1,0,0,28,0
1851755VK4185B,1,0,0,12,0
1851766VK4185B,1,0,0,12,0
0096807VK4809E,1,0,0,1,0
0096807VK5709E,1,0,0,1,0
0096803VK5709E,1,0,0,1,0
0095304VK4809E,1,0,0,17,0
0095302VK4809E,1,0,0,2,0
0095301VK4809E,1,0,0,20,0
1853930VK4815D,1,0,0,33,0
1853955VK4815D,1,0,0,33,0
1853978VK4815D,1,0,0,15,0
1853985VK4815D,1,0,0,35,0
1853987VK4815D,1,0,0,36,0
1853988VK4815D,1,0,0,15,0
1853989VK4815D,1,0,0,15,0
1853991VK4815D,1,0,0,15,0
18539A1VK4815D,1,0,0,34,0
18539A2VK4815D,1,0,0,40,0
8355418VK3785E,1,0,0,235,0
7661612VK3776B,1,0,0,90,0
7658504VK3775H,1,0,0,1,0
7759801VK3775H,1,0,0,3,0
7859206VK3775H,1,0,0,2,0
7757912VK3775H,1,0,0,7,0
7956418VK3775F,1,0,0,68,0
7757514VK3775H,1,0,0,2,0
8859601VK3785H,2,0,0,48,0
9160305VK3796A,1,0,0,53,0
9261102VK3796A,1,0,0,202,0
9059103VK3795G,1,0,0,52,0
9160704VK3796A,1,0,0,220,0
9058718VK3795G,1,0,0,21,0
9258402VK3795G,0,0,1,0,196
9254305VK3795C,1,0,0,415,0
9552106VK3795B,1,0,0,1756,0
9450110VK3795A,1,0,0,318,0
7398163VK3779G,1,0,0,76,0
7398183VK3779G,1,0,0,23,0
8301412VK3880A,1,0,0,68,0
6806221VK3860F,1,0,0,60,0
8299405VK3789G,1,0,0,61,0
7803844VK3870D,1,0,0,54,0
7803854VK3870D,0,0,1,0,30
7803858VK3870D,1,0,0,94,0
7803850VK3870D,1,0,0,46,0
9388876VK3798G,1,0,0,5,0
6301506VK3860A,1,0,0,10,0
9388879VK3798G,1,0,0,50,0
8796330VK3789F,1,0,0,53,0
8103433VK3880C,1,0,0,65,0
8799216VK3798H,1,0,0,64,0
8699452VK3789H,1,0,0,12,0
8699416VK3789H,1,0,0,7,0
8799213VK3789H,1,0,0,1,0
9388860VK3798G,1,0,0,6,0
8695525VK3789F,1,0,0,8,0
8876701VK3787F,0,0,1,0,187
8796302VK3789F,1,0,0,77,0
8796304VK3789F,1,0,0,10,0
8796309VK3789F,1,0,0,16,0
9095903VK3799E,1,0,0,88,0
9386404VK3798E,1,0,0,1,0
9286101VK3798E,1,0,0,14,0
8394714VK3789C,1,0,0,32,0
8794202VK3789D,1,0,0,19,0
8396701VK3789E,1,0,0,1301,0
8396705VK3789E,1,0,0,51,0
8695345VK3789F,1,0,0,2,0
8795717VK3789F,1,0,0,38,0
8695307VK3789F,1,0,0,120,0
8695309VK3789F,1,0,0,7,0
8501212VK3880B,1,0,0,29,0
8501221VK3880B,1,0,0,15,0
8501223VK3880B,1,0,0,19,0
8501229VK3880B,1,0,0,28,0
8103421VK3880C,1,0,0,46,0
8103422VK3880C,1,0,0,102,0
8399417VK3789G,1,0,0,31,0
8299404VK3789G,1,0,0,55,0
7398102VK3779G,1,0,0,314,0
7398110VK3779G,1,0,0,66,0
7398120VK3779G,1,0,0,41,0
7398127VK3779G,1,0,0,162,0
7398128VK3779G,1,0,0,80,0
7398137VK3779G,1,0,0,49,0
7398147VK3779G,1,0,0,121,0
7398108VK3779G,1,0,0,47,0
7773603VK3777D,0,0,1,0,56
8296402VK3789E,1,0,0,56,0
8296405VK3789E,1,0,0,63,0
8199901VK3789G,1,0,0,251,0
7803806VK3870D,1,0,0,103,0
7803811VK3870D,1,0,0,102,0
7803812VK3870D,1,0,0,59,0
7803813VK3870D,1,0,0,158,0
7803818VK3870D,1,0,0,58,0
7803819VK3870D,1,0,0,352,0
7803833VK3870D,1,0,0,36,0
8003308VK3880C,1,0,0,35,0
6806211VK3860F,1,0,0,54,0
6806207VK3860F,1,0,0,52,0
7398154VK3779G,1,0,0,21,0
7398118VK3779G,1,0,0,58,0
8199906VK3789G,1,0,0,22,0
7398144VK3779G,1,0,0,55,0
8003304VK3880C,1,0,0,1487,0
9589117VK3798H,1,0,0,133,0
9386418VK3798E,1,0,0,4,0
8003324VK3880C,1,0,0,126,0
7398189VK3779G,1,0,0,24,0
73981A3VK3779G,1,0,0,24,0
8705213VK3880D,1,0,0,13,0
8705214VK3880D,1,0,0,14,0
9599713VK3799H,1,0,0,3,0
9600205VK3890B,1,0,0,4,0
9601703VK3890B,1,0,0,7,0
9700209VK3890B,1,0,0,12,0
9700210VK3890B,1,0,0,12,0
9799415VK3799H,1,0,0,8,0
9799413VK3799H,1,0,0,7,0
9798621VK3799H,1,0,0,6,0
9798601VK3799H,1,0,0,50,0
9500826VK3890B,1,0,0,2,0
8799733VK3789H,1,0,0,30,0
8799736VK3789H,1,0,0,27,0
8603843VK3880D,1,0,0,36,0
9698306VK3799H,1,0,0,31,0
9699311VK3799H,2,0,0,11,0
9799408VK3799H,1,0,0,8,0
9799411VK3799H,1,0,0,8,0
9699605VK3799H,1,0,0,4,0
9699602VK3799H,1,0,0,4,0
9699706VK3799H,1,0,0,12,0
9699708VK3799H,1,0,0,6,0
8505616VK3880F,1,0,0,14,0
8505612VK3880F,1,0,0,4,0
8998111VK3789H,1,0,0,5,0
8998118VK3789H,1,0,0,4,0
8998119VK3789H,1,0,0,11,0
8998121VK3789H,1,0,0,2,0
8799709VK3789H,1,0,0,4,0
8898303VK3789H,1,0,0,22,0
8703501VK3880D,3,0,0,12,0
8603824VK3880D,1,0,0,9,0
9500807VK3890B,1,0,0,18,0
8898339VK3789H,1,0,0,24,0
44993D7VK3840A,1,0,0,48,0
5103908VK3850C,1,0,0,140,0
5201253VK3850A,1,0,0,24,0
5201254VK3850A,1,0,0,16,0
5201272VK3850A,1,0,0,15,0
4798227VK3749H,1,0,0,39,0
4798233VK3749H,1,0,0,34,0
44993C2VK3840A,1,0,0,40,0
44993C6VK3840A,1,0,0,40,0
44993D3VK3840A,1,0,0,35,0
44993D5VK3840A,1,0,0,40,0
45084N6VK3840H,1,0,0,56,0
3100921VK3830A,1,0,0,32,0
44993G8VK3840A,1,0,0,37,0
44993I1VK3840A,1,0,0,9,0
44993I2VK3840A,1,0,0,9,0
44993I3VK3840A,1,0,0,9,0
45084P6VK3840H,1,0,0,94,0
3105504VK3830E,1,0,0,820,0
4508412VK3840H,1,0,0,114,0
5002302VK3850C,1,0,0,543,0
4508408VK3840H,1,0,0,521,0
4508427VK3840H,1,0,0,84,0
4508421VK3840H,1,0,0,113,0
3905908VK3830F,1,0,0,111,0
3905911VK3830F,1,0,0,687,0
3905921VK3830F,1,0,0,65,0
2803913VK3820D,1,0,0,94,0
4707602VK3840F,1,0,0,86,0
4499318VK3840A,1,0,0,44,0
3299901VK3739G,1,0,0,108,0
3801515VK3830B,1,0,0,150,0
3801516VK3830B,1,0,0,115,0
4201905VK3840A,1,0,0,260,0
4201909VK3840A,1,0,0,78,0
4201910VK3840A,1,0,0,57,0
5201201VK3850A,1,0,0,100,0
5399603VK3759G,1,0,0,28,0
3898301VK3739H,1,0,0,101,0
3997503VK3739H,1,0,0,45,0
4798205VK3749H,0,0,1,0,126
4508471VK3840H,1,0,0,32,0
4508473VK3840H,1,0,0,32,0
4804304VK3840D,1,0,0,80,0
3997507VK3739H,1,0,0,36,0
3801511VK3830B,1,0,0,36,0
4201902VK3840A,1,0,0,63,0
5103913VK3850C,1,0,0,52,0
4508488VK3840H,1,0,0,37,0
4508492VK3840H,1,0,0,37,0
4508496VK3840H,1,0,0,37,0
3105502VK3830E,0,0,2,0,292
4804311VK3840D,1,0,0,81,0
45084D6VK3840H,1,0,0,134,0
45084D9VK3840H,1,0,0,134,0
45084E2VK3840H,1,0,0,113,0
3105521VK3830E,1,0,0,71,0
4497508VK3749G,1,0,0,32,0
4497514VK3749G,1,0,0,32,0
4497515VK3749G,1,0,0,32,0
4497516VK3749G,1,0,0,32,0
4101206VK3840A,1,0,0,113,0
4497528VK3749G,1,0,0,28,0
4598602VK3749H,1,0,0,54,0
4598606VK3749H,1,0,0,54,0
5098908VK3759G,1,0,0,44,0
5098909VK3759G,1,0,0,54,0
5098910VK3759G,1,0,0,56,0
4897206VK3749F,1,0,0,60,0
4896505VK3749F,1,0,0,61,0
4896507VK3749F,1,0,0,54,0
4896509VK3749F,1,0,0,53,0
5096702VK3759E,1,0,0,22,0
5096708VK3759E,1,0,0,22,0
5196309VK3759E,1,0,0,36,0
5196322VK3759E,1,0,0,36,0
5196324VK3759E,1,0,0,36,0
5196331VK3759E,0,1,0,618,0
4697613VK3749F,1,0,0,76,0
4499391VK3840A,1,0,0,11,0
44993A6VK3840A,1,0,0,11,0
5201219VK3850A,1,0,0,28,0
5201295VK3850A,1,0,0,23,0
4301705VK3840A,1,0,0,36,0
4301706VK3840A,1,0,0,37,0
1104203VK3810C,1,0,0,133,0
9608578VK2890H,1,0,0,7,0
1007475VK3810G,1,0,0,283,0
0206312VK3800E,1,0,0,3,0
1702203VK3810D,1,0,0,130,0
0007206VK3800E,1,0,0,53,0
0007216VK3800E,1,0,0,5,0
0006601VK3800E,1,0,0,8,0
0505212VK3800F,1,0,0,16,0
0505247VK3800F,1,0,0,61,0
0505243VK3800F,1,0,0,12,0
0305409VK3800E,1,0,0,24,0
0305410VK3800E,1,0,0,1,0
0305108VK3800E,1,0,0,31,0
0504107VK3800D,1,0,0,5,0
0504108VK3800D,1,0,0,5,0
0505236VK3800F,1,0,0,4,0
0703105VK3800D,1,0,0,19,0
0304513VK3800C,1,0,0,2,0
0304506VK3800C,1,0,0,24,0
0405214VK3800E,1,0,0,17,0
0905902VK3800F,1,0,0,129,0
1007457VK3810G,1,0,0,615,0
1007432VK3810G,1,0,0,96,0
1007423VK3810G,1,0,0,436,0
9212401VK2891C,1,0,0,257,0
1902311VK3810D,1,0,0,63,0
2001209VK3820A,1,0,0,69,0
1203801VK3810C,1,0,0,77,0
1702204VK3810D,1,0,0,41,0
9312101VK2891A,1,0,0,54,0
9312105VK2891A,1,0,0,258,0
9312109VK2891A,1,0,0,87,0
9711710VK2891B,1,0,0,103,0
9711711VK2891B,1,0,0,490,0
9711705VK2891B,1,0,0,82,0
0010908VK3801A,1,0,0,82,0
0010920VK3801A,1,0,0,110,0
0508509VK3800H,1,0,0,81,0
0508511VK3800H,1,0,0,57,0
0407510VK3800G,1,0,0,75,0
0407512VK3800G,1,0,0,94,0
0407514VK3800G,1,0,0,194,0
0707710VK3800F,1,0,0,76,0
0707704VK3800F,1,0,0,55,0
0806606VK3800F,1,0,0,83,0
9209714VK2890G,1,0,0,7,0
9408205VK2890G,1,0,0,35,0
9507202VK2890H,1,0,0,7,0
9507206VK2890H,1,0,0,15,0
9607302VK2890H,1,0,0,29,0
9213412VK2891C,1,0,0,40,0
9312111VK2891A,1,0,0,58,0
0010916VK3801A,1,0,0,63,0
0407501VK3800G,2,0,0,131,0
0407505VK3800G,1,0,0,306,0
0806601VK3800F,1,0,0,73,0
9208510VK2890G,1,0,0,35,0
0106103VK3800E,1,0,0,4,0
0505240VK3800F,1,0,0,28,0
0305407VK3800E,1,0,0,4,0
0405216VK3800E,1,0,0,1,0
1603902VK3810D,1,0,0,431,0
9608562VK2890H,1,0,0,10,0
9608563VK2890H,1,0,0,27,0
9108707VK2890G,1,0,0,6,0
0505258VK3800F,1,0,0,15,0
0505259VK3800F,1,0,0,15,0
1305103VK3810E,1,0,0,114,0
1007465VK3810G,1,0,0,372,0
2001248VK3820A,1,0,0,73,0
9208524VK2890G,1,0,0,16,0
9312119VK2891A,1,0,0,459,0
9608568VK2890H,1,0,0,9,0
4590350VK3749B,1,0,0,38,0
2990652VK3729B,1,0,0,16,0
3194511VK3739C,1,0,0,69,0
3593704VK3739D,1,0,0,31,0
4194307VK3749C,1,0,0,46,0
4391472VK3749A,1,0,0,31,0
3384201VK3738C,1,0,0,22,0
4781808VK3748B,1,0,0,7,0
4585206VK3748F,1,0,0,59,0
4983802VK3748D,1,0,0,15,0
4284807VK3748C,1,0,0,12,0
4194327VK3749C,1,0,0,12,0
3382502VK3738C,1,0,0,8,0
3382508VK3738C,1,0,0,8,0
4187107VK3748E,1,0,0,3,0
3092501VK3739C,1,0,0,14,0
3187105VK3738E,1,0,0,73,0
3082110VK3738A,1,0,0,5,0
4188948VK3748G,1,0,0,13,0
4088103VK3748G,1,0,0,6,0
4088104VK3748G,1,0,0,6,0
4088107VK3748G,1,0,0,6,0
4088109VK3748G,1,0,0,6,0
4088113VK3748G,1,0,0,6,0
3381701VK3738A,17,0,0,209,0
4790713VK3749B,1,0,0,46,0
3882742VK3738B,1,0,0,42,0
3080609VK3738A,1,0,0,9,0
3687716VK3738F,1,0,0,22,0
3281211VK3738A,1,0,0,4,0
3081703VK3738A,1,0,0,2,0
4184703VK3748C,1,0,0,5,0
3082106VK3738A,1,0,0,5,0
3081716VK3738A,1,0,0,10,0
3081718VK3738A,1,0,0,2,0
3582113VK3738B,1,0,0,15,0
4693442VK3749D,1,0,0,33,0
3092538VK3739C,1,0,0,20,0
4392908VK3749C,1,0,0,15,0
4392909VK3749C,1,0,0,15,0
4693422VK3749D,1,0,0,32,0
4693437VK3749D,1,0,0,23,0
4693415VK3749D,1,0,0,25,0
4693430VK3749D,1,0,0,29,0
4693431VK3749D,1,0,0,30,0
4693428VK3749D,1,0,0,16,0
4587474VK3748H,1,0,0,30,0
2888433VK3728H,1,0,0,21,0
2693537VK3729D,1,0,0,6,0
2693543VK3729D,1,0,0,6,0
4294425VK3749C,1,0,0,21,0
2897731VK3729F,1,0,0,355,0
3188493VK3738G,1,0,0,87,0
4790731VK3749B,1,0,0,27,0
2593304VK3729D,1,0,0,40,0
5090507VK3759A,1,0,0,43,0
3189211VK3738G,1,0,0,16,0
4790738VK3749B,1,0,0,211,0
3882732VK3738B,1,0,0,18,0
3882738VK3738B,1,0,0,18,0
4581101VK3748B,1,0,0,10,0
4581804VK3748B,1,0,0,5,0
4681202VK3748B,1,0,0,5,0
4681102VK3748B,1,0,0,8,0
2990635VK3729B,1,0,0,25,0
2990605VK3729B,1,0,0,19,0
2990607VK3729B,1,0,0,25,0
4188904VK3748G,1,0,0,13,0
4188922VK3748G,1,0,0,63,0
4188924VK3748G,1,0,0,22,0
4188928VK3748G,1,0,0,22,0
4188983VK3748G,1,0,0,9,0
4188984VK3748G,1,0,0,5,0
4188932VK3748G,1,0,0,5,0
4781207VK3748B,1,0,0,16,0
4781208VK3748B,1,0,0,4,0
4781106VK3748B,1,0,0,13,0
4781804VK3748B,1,0,0,9,0
4585201VK3748F,1,0,0,40,0
4585202VK3748F,1,0,0,3,0
4585207VK3748F,1,0,0,63,0
3188434VK3738G,1,0,0,20,0
3188439VK3738G,1,0,0,19,0
3188444VK3738G,1,0,0,19,0
3188450VK3738G,1,0,0,45,0
3188459VK3738G,1,0,0,9,0
3188478VK3738G,1,0,0,40,0
4188941VK3748G,1,0,0,5,0
2891711VK3729B,1,0,0,50,0
3091302VK3739A,1,0,0,4,0
4880302VK3748B,1,0,0,4,0
4880310VK3748B,1,0,0,6,0
4881912VK3748B,1,0,0,17,0
4880406VK3748B,1,0,0,5,0
4288605VK3748H,1,0,0,22,0
4288609VK3748H,1,0,0,50,0
3188471VK3738G,1,0,0,43,0
3189203VK3738G,1,0,0,73,0
3189208VK3738G,1,0,0,63,0
3487901VK3738E,12,0,0,60,0
3487907VK3738E,1,0,0,32,0
3487908VK3738E,1,0,0,5,0
3487909VK3738E,1,0,0,5,0
3487919VK3738E,1,0,0,28,0
3290504VK3739A,1,0,0,1,0
3290514VK3739A,1,0,0,25,0
4880605VK3748B,1,0,0,5,0
41889B3VK3748G,1,0,0,24,0
41889B2VK3748G,1,0,0,24,0
41889A7VK3748G,1,0,0,24,0
3481102VK3738A,1,0,0,5,0
3382503VK3738C,1,0,0,15,0
3187127VK3738E,1,0,0,12,0
3389805VK3738G,1,0,0,31,0
3389809VK3738G,1,0,0,14,0
4190613VK3749A,1,0,0,15,0
4980203VK2748B,1,0,0,5,0
2886606VK3728F,1,0,0,2,0
5193408VK3759C,1,0,0,31,0
2790803VK3729B,1,0,0,17,0
3389816VK3738G,1,0,0,14,0
2886651VK3728F,1,0,0,10,0
2886648VK3728F,1,0,0,38,0
4980908VK3748B,1,0,0,5,0
3496404VK3739E,1,0,0,106,0
3396907VK3739F,1,0,0,113,0
3292514VK3739C,1,0,0,3,0
3292511VK3739C,1,0,0,3,0
3292504VK3739C,1,0,0,3,0
3092533VK3739C,1,0,0,24,0
3092510VK3739C,1,0,0,2,0
3092521VK3739C,1,0,0,2,0
3191934VK3739A,1,0,0,10,0
3191936VK3739A,1,0,0,10,0
3191940VK3739A,1,0,0,10,0
4991215VK4749B,1,0,0,141,0
5184810VK3758C,1,0,0,38,0
5184813VK3758C,1,0,0,19,0
3687703VK3738F,1,0,0,22,0
5180301VK3758A,1,0,0,17,0
3787925VK3738F,1,0,0,20,0
3294808VK3739C,1,0,0,21,0
3294817VK3739C,1,0,0,26,0
3293604VK3739C,1,0,0,22,0
3394713VK3739C,1,0,0,1,0
3191908VK3739A,1,0,0,11,0
3191932VK3739A,1,0,0,10,0
4292603VK3749A,1,0,0,44,0
4392906VK3749C,1,0,0,27,0
4392501VK3749F,1,0,0,11,0
4392503VK3749F,1,0,0,42,0
4093603VK3749C,1,0,0,9,0
5184822VK3758C,1,0,0,25,0
5184821VK3758C,1,0,0,22,0
4184704VK3748C,1,0,0,3,0
4184707VK3748C,1,0,0,3,0
4184713VK3748C,1,0,0,12,0
3687717VK3738F,1,0,0,28,0
3887105VK3738F,1,0,0,2,0
3887107VK3738F,1,0,0,5,0
3491501VK3739A,1,0,0,141,0
3491903VK3739A,0,0,1,0,98
3992403VK3739D,14,0,0,41,0
4093608VK3749C,1,0,0,41,0
4588301VK3748G,1,0,0,32,0
4588303VK3748G,1,0,0,68,0
4193411VK3749C,6,0,0,24,0
3496419VK3739E,1,0,0,33,0
3991812VK3739B,1,0,0,35,0
4284110VK3748C,1,0,0,3,0
4284113VK3748C,1,0,0,5,0
4283903VK3748C,1,0,0,6,0
4284806VK3748C,1,0,0,5,0
3887119VK3738F,3,0,0,29,0
3687701VK3738F,1,0,0,24,0
3687743VK3738F,1,0,0,1,0
3687730VK3738F,1,0,0,16,0
3687728VK3738F,1,0,0,7,0
3687725VK3738F,1,0,0,3,0
3687722VK3738F,1,0,0,15,0
3493809VK3739C,1,0,0,2,0
3494604VK3739C,1,0,0,21,0
3494613VK3739C,1,0,0,39,0
3494611VK3739C,1,0,0,35,0
3494626VK3739C,1,0,0,37,0
3494631VK3739C,1,0,0,6,0
2398201VK3729G,1,0,0,77,0
2398211VK3729G,1,0,0,16,0
4284704VK3748C,1,0,0,5,0
4184205VK3748C,1,0,0,14,0
4284701VK3748C,1,0,0,7,0
4384701VK3748C,1,0,0,37,0
2988805VK3728H,1,0,0,20,0
2988810VK3728H,1,0,0,36,0
5282802VK4758A,1,0,0,20,0
5282805VK3758A,1,0,0,2,0
5282805VK4758A,1,0,0,27,0
5282808VK3758A,1,0,0,5,0
5282808VK4758A,1,0,0,26,0
3593718VK3739D,1,0,0,256,0
3693602VK3739D,1,0,0,41,0
3693605VK3739D,1,0,0,57,0
3095902VK3739E,1,0,0,63,0
4587438VK3748H,1,0,0,36,0
4587430VK3748H,1,0,0,104,0
4587431VK3748H,1,0,0,40,0
5281904VK3758A,1,0,0,7,0
3792615VK3739B,1,0,0,39,0
3792606VK3739B,1,0,0,19,0
3792607VK3739B,1,0,0,17,0
3792612VK3739B,1,0,0,37,0
5188302VK4758G,1,0,0,9,0
4483309VK3748C,1,0,0,3,0
4989120VK3748H,1,0,0,75,0
4483316VK3748C,1,0,0,3,0
4681905VK3748B,1,0,0,10,0
4381505VK3748A,1,0,0,2,0
3791106VK3739B,1,0,0,14,0
4590316VK3749B,1,0,0,67,0
4483907VK3748C,1,0,0,5,0
4381707VK3748B,1,0,0,5,0
3682116VK3738B,1,0,0,4,0
3682118VK3738B,1,0,0,4,0
3682101VK3738B,1,0,0,4,0
3987704VK3738F,1,0,0,28,0
4286905VK3748E,1,0,0,3,0
3376701VK3737E,1,0,0,4127,0
4483603VK3748C,1,0,0,12,0
4483604VK3748C,1,0,0,4,0
4483601VK3748C,1,0,0,16,0
4583102VK3748D,1,0,0,4,0
4582306VK3748C,1,0,0,3,0
4582504VK3748C,1,0,0,7,0
3990313VK3739B,1,0,0,6,0
3993702VK3739D,1,0,0,8,0
4194311VK3749C,1,0,0,46,0
4194314VK3749C,1,0,0,30,0
4286926VK3748E,1,0,0,3,0
4286925VK3748E,1,0,0,3,0
4983101VK3748D,1,0,0,28,0
4783801VK3748D,1,0,0,10,0
3791111VK3739B,1,0,0,90,0
2789811VK3728H,1,0,0,13,0
4391464VK3749A,1,0,0,15,0
4391468VK3749A,1,0,0,20,0
4391402VK3749A,6,0,0,147,0
3983809VK3738D,1,0,0,17,0
3983805VK3738D,1,0,0,12,0
3983801VK3738D,1,0,0,73,0
3882725VK3738B,1,0,0,18,0
2789819VK3728H,1,0,0,11,0
2990627VK3729B,1,0,0,19,0
4391408VK3749A,1,0,0,3,0
4391414VK3749A,1,0,0,31,0
3887113VK3738F,1,0,0,22,0
5192305VK3759C,1,0,0,60,0
3582405VK3738D,1,0,0,7,0
3582407VK3738D,1,0,0,7,0
2990657VK3729B,1,0,0,16,0
3481108VK3738A,1,0,0,5,0
4294419VK3749C,1,0,0,38,0
3682111VK3738B,1,0,0,4,0
5184812VK3758C,1,0,0,18,0
4590301VK3749B,1,0,0,54,0
2886604VK3728F,1,0,0,2,0
2886644VK3728F,1,0,0,37,0
2988807VK3728H,1,0,0,20,0
2986405VK3728F,1,0,0,19,0
4991210VK3749B,1,0,0,267,0
4991218VK3749B,1,0,0,65,0
3990217VK3739B,1,0,0,4,0
3791701VK3739B,1,0,0,697,0
4293702VK3749C,1,0,0,60,0
3492801VK3739A,6,0,0,90,0
4880401VK3748B,1,0,0,4,0
4989103VK3748H,2,0,0,64,0
4692706VK3749B,1,0,0,54,0
4184712VK3748C,1,0,0,15,0
3091312VK3739A,1,0,0,40,0
4194306VK3749C,1,0,0,40,0
4284804VK3748C,1,0,0,5,0
4286913VK3748E,1,0,0,3,0
4186909VK3748E,1,0,0,18,0
4581104VK3748B,1,0,0,5,0
41889C6VK3748G,1,0,0,19,0
3290526VK3739A,1,0,0,3,0
3293631VK3739C,1,0,0,25,0
3496426VK3739E,1,0,0,29,0
3092542VK3739C,1,0,0,20,0
3092544VK3739C,1,0,0,20,0
4590360VK3749B,1,0,0,20,0
2897721VK3729F,1,0,0,43,0
3887135VK3738F,1,0,0,14,0
4194330VK3749C,1,0,0,17,0
2888430VK3728H,1,0,0,20,0
3688522VK3738H,1,0,0,15,0
4693451VK3749D,2,0,0,100,0
4790727VK3749B,1,0,0,48,0
4790723VK3749B,1,0,0,52,0
3688527VK3738H,1,0,0,22,0
3688528VK3738H,1,0,0,24,0
2693535VK3729D,6,0,0,81,0
7120901VK3772A,1,0,0,888,0
7328305VK3772G,0,0,1,0,109
8031402VK3783A,2,0,0,272,0
7222298VK3772A,1,0,0,10,0
7029450VK3772G,1,0,0,116,0
71209B7VK3772A,1,0,0,4,0
8436915VK3783E,1,0,0,1254,0
7831309VK3773B,1,0,0,34,0
8239231VK3783G,1,0,0,14,0
8039702VK3783G,1,0,0,128,0
7633216VK3773D,1,0,0,50,0
7938514VK3773H,1,0,0,95,0
7233214VK3773C,1,0,0,252,0
8038802VK3783G,1,0,0,77,0
7832615VK3773B,1,0,0,34,0
7638702VK3773H,1,0,0,197,0
8541807VK3784B,1,0,0,184,0
8339501VK3783G,1,0,0,80,0
7538904VK3773H,1,0,0,255,0
7737407VK3773H,1,0,0,36,0
6227212VK3762G,1,0,0,15,0
6227219VK3762G,1,0,0,3,0
6227218VK3762G,1,0,0,3,0
6628513VK3762H,1,0,0,6,0
6630803VK3763B,1,0,0,59,0
7032919VK3773C,1,0,0,147,0
6623864VK3762D,1,0,0,51,0
5522562VK3752D,1,0,0,72,0
5514525VK3751D,0,0,1,0,87
4023730VK3742C,1,0,0,55,0
4625834VK3742F,0,0,1,0,87
2701301VK3720B,1,0,0,17,0
2701308VK3720B,1,0,0,15,0
2701313VK3720B,1,0,0,4,0
2601812VK3720B,1,0,0,2,0
2601813VK3720B,1,0,0,8,0
4022810VK3742A,1,0,0,53,0
4223225VK3742C,1,0,0,28,0
4419524VK3741G,1,0,0,13,0
4796202VK3649F,2,0,0,12,0
4004921VK4840C,1,0,0,25,0
4004915VK4840C,1,0,0,13,0
4799520VK3649H,1,0,0,22,0
4509190VK3740H,1,0,0,5,0
4716306VK3741F,1,0,0,33,0
4714213VK3741B,1,0,0,37,0
45091C7VK3740H,1,0,0,18,0
45091C2VK3740H,1,0,0,8,0
45091C5VK3740H,1,0,0,25,0
6132901VK4763C,0,0,1,0,818
6336901VK4763E,1,0,0,905,0
45339B1VK4743D,0,0,1,0,87
4033927VK4743C,1,0,0,26,0
5524880VK4752D,1,0,0,526,0
5228779VK4752G,1,0,0,32,0
5530303VK4753B,3,0,0,23,0
4861601VK4746B,0,0,1,0,478
5053182VK4755C,1,0,0,783,0
5061703VK4756A,1,0,0,60,0
5160405VK4756A,1,0,0,120,0
5663608VK4756D,1,0,0,48,0
5462906VK4756A,1,0,0,598,0
5261303VK4756A,1,0,0,488,0
5361908VK4756A,1,0,0,100,0
5765512VK4756F,1,0,0,194,0
5866712VK4756F,2,0,0,299,0
5866713VK4756F,1,0,0,348,0
5659111VK4755H,1,0,0,75,0
4663703VK4746D,1,0,0,74,0
5468112VK4756G,1,0,0,40,0
5466329VK4756E,1,0,0,283,0
5569815VK4756H,1,0,0,71,0
4862903VK4746B,1,0,0,28,0
5871512VK4757B,0,1,0,256,0
6168214VK4766G,1,0,0,141,0
5367623VK4756E,1,0,0,3,0
4662603VK4746D,1,0,0,68,0
4663723VK4746D,1,0,0,82,0
5667906VK4756H,1,0,0,192,0
5267804VK4756E,0,1,0,25,0
4365136VK4746F,2,0,0,139,0
5269913VK4756G,1,0,0,84,0
5476106VK4757E,1,0,0,6,0
5272525VK4757C,1,0,0,18,0
5272822VK4757A,1,0,0,7,0
5573703VK4757D,1,0,0,39,0
5270302VK4757A,1,0,0,27,0
5271411VK4757A,1,0,0,21,0
5075904VK4757E,2,0,0,38,0
4586904VK4848F,1,0,0,53,0
4785819VK4848F,1,0,0,89,0
4387201VK4848E,1,0,0,33,0
4390722VK4849A,1,0,0,9,0
3895605VK4839F,2,0,0,28,0
3208009VK4830G,0,0,1,0,282
3514301VK4731D,1,0,0,37,0
8584009VK4788D,1,0,0,1,0
8584012VK4788D,1,0,0,1,0
8481304VK4788A,1,0,0,12,0
8084213VK4788C,1,0,0,23,0
8086122VK4788E,1,0,0,20,0
8283801VK4788C,1,0,0,35,0
8283803VK4788C,1,0,0,35,0
8283805VK4788C,1,0,0,35,0
8182616VK4788C,1,0,0,26,0
8182615VK4788C,1,0,0,24,0
8182021VK4788A,1,0,0,35,0
8083426VK4788C,1,0,0,98,0
8083427VK4788C,1,0,0,36,0
8083411VK4788C,1,0,0,29,0
8181812VK4788A,1,0,0,106,0
8383406VK4788C,1,0,0,38,0
8383611VK4788C,1,0,0,29,0
8383624VK4788C,1,0,0,44,0
7884504VK4778D,1,0,0,17,0
8482302VK4788C,9,0,0,51,0
8381005VK4788A,1,0,0,42,0
8083442VK4788C,1,0,0,16,0
8382010VK4788A,1,0,0,20,0
8086119VK4788E,1,0,0,11,0
8183916VK4788C,1,0,0,16,0
7584608VK4778D,1,0,0,2,0
7282403VK4778C,1,0,0,13,0
7282409VK4778C,1,0,0,22,0
7282414VK4778C,1,0,0,54,0
7282408VK4778C,1,0,0,13,0
8382021VK4788A,1,0,0,47,0
7383810VK4778C,1,0,0,14,0
7383821VK4778C,1,0,0,18,0
7383828VK4778C,1,0,0,15,0
4988205VK4748H,1,0,0,17,0
4988217VK4748H,1,0,0,29,0
6890203VK4769B,1,0,0,22,0
6092057VK4759B,1,0,0,7,0
6092062VK4759B,1,0,0,41,0
6988014VK4768H,1,0,0,34,0
4986607VK4748F,1,0,0,21,0
4987705VK4748F,1,0,0,26,0
6092037VK4759B,1,0,0,15,0
4984403VK4748D,1,0,0,10,0
60920D6VK4759B,1,0,0,51,0
60920D0VK4759B,1,0,0,117,0
60920G3VK4759B,1,0,0,15,0
60920F8VK4759B,1,0,0,35,0
60920H4VK4759B,1,0,0,12,0
5686001VK4758F,1,0,0,46,0
5484010VK4758D,1,0,0,92,0
5484064VK4758D,1,0,0,108,0
6092002VK4759B,1,0,0,28,0
5992005VK4759B,1,0,0,3,0
5484097VK4758D,1,0,0,60,0
5484083VK4758D,1,0,0,7,0
54840A4VK4758C,1,0,0,57,0
5783040VK4758D,1,0,0,64,0
5783002VK4758D,1,0,0,36,0
4787504VK4748H,1,0,0,15,0
5186915VK4758E,1,0,0,20,0
5992020VK4759B,1,0,0,320,0
5992001VK4759B,1,0,0,53,0
6391208VK4769A,1,0,0,17,0
6391210VK4769A,1,0,0,16,0
5783059VK4758D,2,0,0,61,0
5783028VK4758D,1,0,0,35,0
5481210VK4758A,1,0,0,20,0
5187214VK4758E,1,0,0,2,0
6194901VK4769C,1,0,0,1456,0
5788706VK4758H,1,0,0,60,0
5084915VK4758C,1,0,0,130,0
5085110VK4758E,1,0,0,30,0
5188318VK4758G,1,0,0,14,0
6190920VK4769A,1,0,0,51,0
6190928VK4769A,1,0,0,23,0
4984408VK4748D,1,0,0,15,0
6085025VK4758F,1,0,0,151,0
6190944VK4769A,1,0,0,13,0
6190945VK4769A,1,0,0,19,0
6092042VK4759B,1,0,0,22,0
6092048VK4759B,1,0,0,31,0
6092049VK4759B,1,0,0,22,0
6092052VK4759B,1,0,0,76,0
60920A5VK4759B,1,0,0,35,0
6085032VK4758F,1,0,0,119,0
6085037VK4758F,1,0,0,45,0
6085048VK4768E,1,0,0,22,0
6386934VK4768E,1,0,0,64,0
6485051VK4768E,1,0,0,97,0
6485045VK4768E,1,0,0,25,0
6485034VK4768E,2,0,0,99,0
6487238VK4768G,1,0,0,53,0
6487246VK4768G,1,0,0,55,0
6386940VK4768E,1,0,0,94,0
6386936VK4768E,1,0,0,44,0
6386915VK4768E,1,0,0,31,0
6386916VK4768E,1,0,0,29,0
6386944VK4768E,1,0,0,31,0
6485037VK4768E,1,0,0,38,0
6683050VK4768F,1,0,0,133,0
6683046VK4768F,1,0,0,41,0
6683055VK4768F,1,0,0,25,0
5987314VK4768G,1,0,0,31,0
5987318VK4768G,1,0,0,54,0
5987320VK4768G,1,0,0,41,0
5987304VK4768G,1,0,0,16,0
5987342VK4758H,1,0,0,35,0
5783020VK4758D,1,0,0,497,0
5783046VK4758D,1,0,0,70,0
5783042VK4758D,1,0,0,76,0
5783043VK4758D,2,0,0,148,0
5783044VK4758D,1,0,0,87,0
5783014VK4758D,1,0,0,71,0
6386924VK4768E,1,0,0,113,0
6386927VK4768E,1,0,0,86,0
60920J2VK4759B,1,0,0,40,0
6092071VK4759B,1,0,0,22,0
6092069VK4759B,1,0,0,29,0
6683027VK4768F,1,0,0,75,0
6683030VK4768F,1,0,0,30,0
6683041VK4768F,1,0,0,30,0
6683071VK4768F,1,0,0,55,0
5586201VK4758E,1,0,0,183,0
5586205VK4758E,1,0,0,44,0
5586209VK4758E,1,0,0,53,0
5586216VK4758E,1,0,0,54,0
6683015VK4768F,1,0,0,16,0
6386920VK4768E,1,0,0,74,0
6588631VK4768H,1,0,0,23,0
6588623VK4768H,1,0,0,116,0
6588624VK4768H,1,0,0,129,0
6588627VK4768H,1,0,0,50,0
6588618VK4768H,1,0,0,31,0
6789136VK4768H,1,0,0,87,0
6890011VK4769B,1,0,0,27,0
6890035VK4769B,1,0,0,13,0
6590507VK4769B,1,0,0,26,0
6590513VK4769B,1,0,0,16,0
6590521VK4769B,1,0,0,15,0
6590522VK4769B,1,0,0,15,0
6591908VK4769B,1,0,0,105,0
5287915VK4758E,1,0,0,3,0
6588601VK4768H,1,0,0,111,0
5084914VK4758C,1,0,0,91,0
5481217VK4758A,1,0,0,27,0
7087304VK4778G,1,0,0,13,0
4987717VK4748F,1,0,0,19,0
60920K9VK4759B,1,0,0,28,0
4988610VK4748H,1,0,0,20,0
5985023VK4758F,1,0,0,47,0
5484085VK4758D,1,0,0,6,0
6092080VK4759B,1,0,0,71,0
6683089VK4768F,0,1,0,80,0
5288812VK4758G,1,0,0,32,0
60920J7VK4759B,1,0,0,84,0
6487221VK4768G,1,0,0,62,0
6085041VK4758F,1,0,0,28,0
4787530VK4748H,1,0,0,10,0
5287912VK4758E,1,0,0,17,0
6386948VK4768E,1,0,0,25,0
6485064VK4768E,1,0,0,62,0
6683085VK4768F,1,0,0,80,0
5686002VK4758F,1,0,0,48,0
5987319VK4768G,1,0,0,76,0
60920D3VK4759B,1,0,0,24,0
6190942VK4769A,1,0,0,16,0
4987712VK4748F,1,0,0,15,0
6085049VK4758F,1,0,0,66,0
4986620VK4748F,1,0,0,27,0
4986622VK4748F,1,0,0,37,0
4787536VK4748H,1,0,0,23,0
54840A7VK4758D,1,0,0,32,0
6683090VK4768F,1,0,0,66,0
6386945VK4768E,1,0,0,25,0
54840B9VK4758D,1,0,0,54,0
4990427VK4749B,1,0,0,12,0
4593216VK4749D,1,0,0,27,0
4593217VK4749D,1,0,0,21,0
4594908VK4749D,1,0,0,19,0
4595905VK4749F,1,0,0,25,0
4899511VK4749H,1,0,0,62,0
5292402VK4759C,1,0,0,5,0
4690321VK4749B,1,0,0,52,0
4691606VK4749B,1,0,0,20,0
4691609VK4749B,1,0,0,19,0
4693309VK4749D,1,0,0,54,0
4693314VK4749D,1,0,0,21,0
4989310VK4748H,1,0,0,23,0
4989317VK4748H,1,0,0,13,0
4990410VK4749B,1,0,0,7,0
4990414VK4749B,1,0,0,23,0
4990418VK4749B,1,0,0,28,0
4791910VK4749B,1,0,0,51,0
4798801VK4749H,1,0,0,3,0
5189301VK4758G,1,0,0,32,0
5189315VK4758G,1,0,0,84,0
4799102VK4749H,1,0,0,20,0
4799610VK4749H,1,0,0,5,0
5190105VK4759A,1,0,0,19,0
5190301VK4759A,1,0,0,32,0
4394108VK4749C,1,0,0,4,0
4492911VK4749A,1,0,0,24,0
4493204VK4749C,1,0,0,33,0
4493211VK4749C,1,0,0,13,0
4494307VK4749C,1,0,0,16,0
4889213VK4748H,1,0,0,18,0
4890915VK4749B,1,0,0,8,0
4893140VK4749D,1,0,0,6,0
4893141VK4749D,1,0,0,6,0
4893142VK4749D,1,0,0,6,0
4592121VK4749B,1,0,0,15,0
4592131VK4749B,1,0,0,23,0
4592705VK4749D,1,0,0,119,0
4897411VK4749H,0,0,1,0,9
4897436VK4749H,1,0,0,23,0
5091508VK4759A,1,0,0,21,0
5091522VK4759A,1,0,0,21,0
5289201VK4758G,1,0,0,3,0
5289203VK4758G,1,0,0,11,0
5289304VK4758G,1,0,0,198,0
4394115VK4749C,1,0,0,2,0
5091525VK4759A,1,0,0,10,0
4990430VK4749B,1,0,0,27,0
4791917VK4749B,1,0,0,25,0
4691618VK4749B,1,0,0,13,0
4691611VK4749B,1,0,0,25,0
4991226VK4749B,1,0,0,14,0
5199211VK4759G,1,0,0,32,0
4394102VK4749C,1,0,0,79,0
4800204VK4840B,1,0,0,1,0
4001518VK4840A,1,0,0,17,0
4200052VK4840C,1,0,0,31,0
4900311VK4840B,1,0,0,6,0
5706506VK4850F,1,0,0,55,0
3900910VK4830B,1,0,0,36,0
4200029VK4840C,1,0,0,19,0
5707301VK4850H,1,0,0,63,0
5807007VK4850F,1,0,0,99,0
5505114VK4850F,0,0,1,0,108
5001110VK4850A,1,0,0,24,0
5002107VK4850A,1,0,0,13,0
5004558VK4850E,0,0,1,0,25
4901210VK4840B,1,0,0,13,0
3900907VK4830B,1,0,0,14,0
3812729VK4831D,1,0,0,36,0
3908409VK4830H,1,0,0,12,0
3908410VK4830H,1,0,0,10,0
3805818VK4830F,1,0,0,4,0
3805811VK4830F,1,0,0,30,0
3904302VK4830D,1,0,0,20,0
3904509VK4830D,1,0,0,17,0
3904515VK4830D,1,0,0,35,0
4005224VK4840E,1,0,0,17,0
4009111VK4830H,1,0,0,11,0
4009113VK4830H,1,0,0,13,0
3803914VK4830D,1,0,0,56,0
4103905VK4840C,1,0,0,26,0
4103916VK4840C,1,0,0,34,0
4005215VK4840E,1,0,0,42,0
3803917VK4830D,1,0,0,10,0
3805804VK4830F,1,0,0,50,0
4005222VK4840E,1,0,0,27,0
6319506VK4861G,1,0,0,16,0
6713608VK4861D,1,0,0,36,0
6810224VK4860H,1,0,0,20,0
6317320VK4861G,1,0,0,24,0
6317312VK4861G,1,0,0,26,0
6244401VK4864C,2,0,0,70,0
6243101VK4864C,38,0,0,1030,0
6543901VK4864D,1,0,0,70,0
6614412VK4861F,1,0,0,9,0
6813904VK4861D,1,0,0,190,0
6812703VK4861B,1,0,0,15,0
6542205VK4864B,1,0,0,47,0
6440301VK4864A,1,0,0,53,0
6440309VK4864A,1,0,0,37,0
6712911VK4861B,1,0,0,10,0
6340706VK4863G,1,0,0,32,0
6540317VK4864B,1,0,0,33,0
6340708VK4863G,1,0,0,32,0
6540326VK4864B,1,0,0,91,0
6540325VK4864B,1,0,0,50,0
6540321VK4864B,1,0,0,50,0
6712912VK4861B,1,0,0,9,0
6811705VK4861B,1,0,0,28,0
6811707VK4861B,1,0,0,182,0
6810206VK4860H,1,0,0,8,0
6809701VK4860H,1,0,0,30,0
3924102VK4832C,1,0,0,34,0
6317819VK4861E,1,0,0,18,0
6812711VK4861B,1,0,0,15,0
6809416VK4861B,2,0,0,27,0
6810225VK4860H,1,0,0,82,0
6810233VK4860H,1,0,0,20,0
6810236VK4860H,1,0,0,38,0
6810244VK4860H,1,0,0,19,0
6417502VK4861G,1,0,0,37,0
6418903VK4861G,1,0,0,40,0
6317303VK4861G,1,0,0,28,0
6214604VK4861C,1,0,0,5,0
6214617VK4861C,1,0,0,5,0
6214619VK4861C,1,0,0,4,0
6214611VK4861C,1,0,0,5,0
6214610VK4861C,1,0,0,5,0
6115553VK4861E,1,0,0,1,0
6214639VK4861C,1,0,0,17,0
6214652VK4861C,1,0,0,17,0
6913948VK4861D,1,0,0,17,0
6516215VK4861F,1,0,0,30,0
6712711VK4861B,1,0,0,11,0
6418917VK4861G,1,0,0,4,0
6419007VK4861G,1,0,0,17,0
6415902VK4861E,1,0,0,31,0
6129912VK4861G,1,0,0,19,0
6219105VK4861G,1,0,0,30,0
6219109VK4861G,1,0,0,30,0
6415606VK4861E,1,0,0,37,0
7011107VK4871A,1,0,0,22,0
6516225VK4861F,1,0,0,15,0
6909120VK4860H,1,0,0,31,0
6316803VK4861E,1,0,0,15,0
6316802VK4861E,1,0,0,17,0
6215502VK4861E,1,0,0,4,0
6320626VK4862A,1,0,0,1,0
6320632VK4862A,1,0,0,15,0
6320608VK4862A,1,0,0,15,0
6320605VK4862A,1,0,0,15,0
6220903VK4862A,1,0,0,15,0
6220910VK4862A,1,0,0,7,0
6220914VK4862A,1,0,0,25,0
6220920VK4862A,1,0,0,8,0
6220921VK4862A,1,0,0,8,0
6419006VK4861G,1,0,0,29,0
6809508VK4860H,1,0,0,47,0
6809715VK4860H,1,0,0,21,0
6517126VK4861H,1,0,0,26,0
6218611VK4861G,1,0,0,5,0
6419001VK4861G,1,0,0,19,0
6419027VK4861G,1,0,0,14,0
6809707VK4860H,1,0,0,170,0
6317301VK4861G,1,0,0,8,0
6813719VK4861D,1,0,0,14,0
6813720VK4861D,1,0,0,15,0
9664918VK3696D,1,0,0,4,0
9364307VK3696C,1,0,0,19,0
9762103VK3696B,1,0,0,56,0
0066611VK4606E,1,0,0,63,0
9562504VK3696D,1,0,0,37,0
9464215VK3696C,1,0,0,65,0
1972813VK4617B,1,0,0,291,0
1482601VK4618C,2,0,0,96,0
1572704VK5717B,0,0,2,0,90
1779102VK4617H,0,0,1,0,253
8884242VK4688D,1,0,0,9,0
8884243VK4688D,1,0,0,9,0
8884246VK4688D,1,0,0,8,0
8884247VK4688D,1,0,0,8,0
0177646VK5607G,1,0,0,4,0
0177643VK5607G,1,0,0,3,0
0276947VK5607E,1,0,0,2,0
0276954VK5607E,1,0,0,2,0
0276930VK5607E,1,0,0,2,0
0276931VK5607E,1,0,0,2,0
5399121VK4659G,0,0,1,0,163
7203301VK4770C,1,0,0,76,0
7203311VK4770C,1,0,0,81,0
7688303VK4678H,1,0,0,142,0
0276981VK5607E,1,0,0,1,0
0276983VK5607E,1,0,0,1,0
5495318VK4659E,0,0,1,0,82
7204104VK4770C,1,0,0,60,0
7203204VK4770C,1,0,0,104,0
7003203VK4770C,1,0,0,417,0
8683907VK4688D,1,0,0,15,0
0480419VK5608A,1,0,0,2,0
8983919VK4688D,1,0,0,9,0
9379926VK4697G,1,0,0,20,0
0077125VK5607E,1,0,0,15,0
0077128VK5607E,1,0,0,15,0
8683942VK4688D,1,0,0,2,0
8683944VK4688D,1,0,0,21,0
0483216VK5608C,1,0,0,3,0
9379940VK4697G,1,0,0,20,0
0276962VK5607E,1,0,0,2,0
0276968VK5607E,1,0,0,2,0
0276970VK5607E,1,0,0,2,0
0177637VK5607G,1,0,0,3,0
0077134VK5607E,1,0,0,25,0
0077135VK5607E,1,0,0,24,0
0077139VK5607E,1,0,0,7,0
7303206VK4770C,1,0,0,94,0
8299504VK4689G,1,0,0,20,0
0483212VK5608C,1,0,0,18,0
7786234VK4678F,1,0,0,26,0
7786251VK4678F,1,0,0,21,0
8299518VK4689G,1,0,0,30,0
8299519VK4689G,1,0,0,21,0
8299522VK4689G,1,0,0,28,0
8299525VK4689G,1,0,0,28,0
8299526VK4689G,1,0,0,26,0
8299537VK4689G,1,0,0,24,0
8299539VK4689G,1,0,0,21,0
8096106VK4689E,1,0,0,16,0
8096112VK4689E,1,0,0,24,0
0177626VK5607G,1,0,0,4,0
0177625VK5607G,1,0,0,4,0
0379544VK5607G,1,0,0,20,0
0379546VK5607G,1,0,0,28,0
0379553VK5607G,1,0,0,21,0
0177617VK5607G,1,0,0,3,0
0177611VK5607G,1,0,0,4,0
8096115VK4689E,1,0,0,28,0
0379515VK5607G,1,0,0,5,0
0379521VK5607G,1,0,0,5,0
0379524VK5607G,1,0,0,5,0
0379526VK5607G,1,0,0,5,0
0379527VK5607G,1,0,0,5,0
0379530VK5607G,1,0,0,5,0
0379539VK5607G,1,0,0,5,0
8299513VK4689G,1,0,0,5,0
8299516VK4689G,1,0,0,18,0
9976731VK4697F,1,0,0,18,0
9976732VK4697F,1,0,0,25,0
9976736VK4697F,1,0,0,25,0
8809715VK4780H,0,0,1,0,62
8627210VK4782H,1,0,0,166,0
8627211VK4782H,2,0,0,34,0
8428101VK4782G,0,0,1,0,99
8726509VK4782F,1,0,0,33,0
8531803VK4783B,1,0,0,88,0
8828905VK4782H,1,0,0,45,0
0200003DS1900D,1,0,0,143,0
3724613VK5732D,1,0,0,6,0
3724621VK5732D,1,0,0,6,0
3724623VK5732D,1,0,0,6,0
3724635VK5732D,1,0,0,6,0
3621941VK5732B,1,0,0,6,0
3621939VK5732B,1,0,0,6,0
3621936VK5732B,1,0,0,6,0
3621913VK5732B,1,0,0,6,0
3727728VK5732F,1,0,0,38,0
3727719VK5732F,1,0,0,41,0
3727712VK5732F,1,0,0,40,0
3727709VK5732F,1,0,0,41,0
3727702VK5732F,1,0,0,41,0
3519225VK5731H,1,0,0,5,0
3519237VK5731H,1,0,0,5,0
3219608VK5731G,1,0,0,9,0
2622673VK5722D,1,0,0,5,0
3219620VK5731G,1,0,0,9,0
3219621VK5731G,1,0,0,9,0
3219622VK5731G,1,0,0,9,0
3219623VK5731G,1,0,0,9,0
3219624VK5731G,1,0,0,9,0
3219628VK5731G,1,0,0,9,0
3219630VK5731G,1,0,0,9,0
3219634VK5731G,1,0,0,9,0
2622655VK5722D,1,0,0,5,0
2622659VK5722D,1,0,0,5,0
2622663VK5722D,1,0,0,5,0
2622617VK5722D,1,0,0,5,0
2622620VK5722D,1,0,0,5,0
2622626VK5722D,1,0,0,5,0
2734619VK5723D,1,0,0,13,0
2622604VK5722D,1,0,0,5,0
2622607VK5722D,1,0,0,5,0
3319907VK5731G,1,0,0,9,0
3319912VK5731G,1,0,0,9,0
3319917VK5731G,1,0,0,9,0
3319926VK5731G,1,0,0,9,0
3725513VK5732F,1,0,0,9,0
3725516VK5732F,1,0,0,9,0
3725519VK5732F,1,0,0,9,0
3725529VK5732F,1,0,0,9,0
3725539VK5732F,1,0,0,9,0
3725541VK5732F,1,0,0,9,0
3725543VK5732F,1,0,0,9,0
3319936VK5731G,1,0,0,9,0
3319940VK5731G,1,0,0,9,0
3319941VK5731G,1,0,0,9,0
3727535VK5732H,1,0,0,4,0
3727522VK5732H,1,0,0,4,0
3727513VK5732H,1,0,0,4,0
3727510VK5732H,1,0,0,4,0
3727507VK5732H,1,0,0,4,0
3631431VK5733B,1,0,0,1,0
2933418VK5723D,1,0,0,2,0
2933420VK5723D,1,0,0,2,0
2933421VK5723D,1,0,0,2,0
2523983VK5722D,1,0,0,11,0
8926542VK4782F,1,0,0,2,0
8229624VK4782G,1,0,0,28,0
8229630VK4782G,1,0,0,18,0
3332603VK5733C,1,0,0,638,0
3434835VK5733C,1,0,0,13,0
0432101VK5703A,2,0,0,579,0
2934909VK5723D,1,0,0,11,0
2934910VK5723D,1,0,0,11,0
2934913VK5723D,1,0,0,11,0
2225761VK5722E,1,0,0,2,0
2920404VK5722B,1,0,0,164,0
2430401VK5723A,1,0,0,417,0
2225751VK5722E,1,0,0,2,0
2225756VK5722E,1,0,0,2,0
6368821VK4766G,1,0,0,216,0
7970119VK4777B,1,0,0,6,0
7768511VK4776H,1,0,0,5,0
7869424VK4776H,1,0,0,34,0
7869420VK4776H,1,0,0,72,0
7871904VK4777B,1,0,0,23,0
6166609VK4766E,1,0,0,51,0
7869411VK4776H,1,0,0,29,0
7869422VK4776H,1,0,0,38,0
7970121VK4777B,1,0,0,27,0
7961701VK4776B,1,0,0,645,0
8045913VK4784E,1,0,0,115,0
8246110VK4784E,1,0,0,1,0
8246114VK4784E,1,0,0,14,0
8045931VK4784E,1,0,0,5,0
7744838VK4774D,1,0,0,1,0
7744840VK4774D,1,0,0,27,0
7744844VK4774D,1,0,0,1,0
7744854VK4774D,1,0,0,1,0
7744809VK4774D,1,0,0,9,0
7744810VK4774D,1,0,0,2,0
7744811VK4774D,1,0,0,2,0
7744816VK4774D,1,0,0,18,0
7744820VK4774D,1,0,0,2,0
7744870VK4774D,1,0,0,48,0
8648830VK4784H,1,0,0,4,0
9256901VK4795E,1,0,0,2,0
9256904VK4795E,1,0,0,27,0
9256908VK4795E,1,0,0,2,0
8555427VK4785F,1,0,0,11,0
9256914VK4795E,11,0,0,487,0
8949205VK4784H,1,0,0,13,0
8949213VK4784H,1,0,0,12,0
1578518VK5717H,1,0,0,12,0
2077919VK5727G,1,0,0,260,0
1774504VK5717D,1,0,0,30,0
1974417VK5717D,1,0,0,25,0
1973417VK5717D,1,0,0,611,0
9480104VK4798A,1,0,0,28,0
9779201VK4797H,4,0,0,10,0
9579401VK4797H,2,0,0,34,0
1979105VK5717H,1,0,0,26,0
1578509VK5717H,1,0,0,19,0
2073818VK5727C,1,0,0,24,0
1973815VK5717D,1,0,0,42,0
1973814VK5717D,1,0,0,30,0
1973813VK5717D,1,0,0,29,0
1973422VK5717D,1,0,0,23,0
1779112VK5717H,1,0,0,28,0
1779115VK5717H,1,0,0,7,0
1779118VK5717H,1,0,0,27,0
1674712VK5715D,1,0,0,25,0
1674713VK5715D,1,0,0,12,0
1674715VK5715D,1,0,0,18,0
2173308VK5727C,0,0,1,0,104
1773810VK5717D,1,0,0,1,0
1773812VK5717D,1,0,0,40,0
1773816VK5717D,1,0,0,29,0
1675501VK5717F,1,0,0,28,0
1675504VK5717F,1,0,0,27,0
1675508VK5717F,1,0,0,3,0
1579717VK5717H,1,0,0,6,0
1579722VK5717H,1,0,0,7,0
1578528VK5717H,1,0,0,26,0
1672505VK5717D,1,0,0,20,0
1672506VK5717D,1,0,0,22,0
1674407VK5717D,1,0,0,18,0
1674408VK5717D,1,0,0,18,0
7878112VK4777H,1,0,0,4,0
7679103VK4777H,1,0,0,11,0
8172223VK4787A,1,0,0,27,0
8172212VK4787A,1,0,0,5,0
8172224VK4787A,1,0,0,25,0
8171922VK4787A,1,0,0,20,0
8171916VK4787A,1,0,0,24,0
8171910VK4787A,1,0,0,6,0
7875413VK4777F,1,0,0,19,0
7875409VK4777F,1,0,0,25,0
8278911VK4787G,1,0,0,41,0
8377705VK4787E,1,0,0,166,0
8078501VK4787G,1,0,0,11,0
7878904VK4777H,1,0,0,17,0
7878913VK4777H,1,0,0,37,0
7877607VK4777F,1,0,0,48,0
7877601VK4777F,1,0,0,28,0
7977406VK4777F,1,0,0,32,0
8170519VK4787A,1,0,0,3,0
8170509VK4787A,1,0,0,5,0
8170513VK4787A,1,0,0,27,0
8178805VK4787G,5,0,0,50,0
8070924VK4787A,1,0,0,32,0
7976610VK4777F,1,0,0,21,0
7475609VK4777E,1,0,0,29,0
7876104VK4777F,1,0,0,28,0
8679702VK4787H,1,0,0,18,0
8074904VK4787C,1,0,0,4,0
8074901VK4787C,1,0,0,3,0
8073414VK4787C,1,0,0,3,0
8073405VK4787C,1,0,0,1,0
7972918VK4777B,1,0,0,19,0
7972925VK4777B,1,0,0,15,0
7778107VK4777H,1,0,0,40,0
7778114VK4777H,1,0,0,4,0
7778103VK4777H,1,0,0,12,0
7877105VK4777F,1,0,0,30,0
7877122VK4777F,1,0,0,22,0
7971506VK4777B,1,0,0,16,0
8172205VK4787A,1,0,0,25,0
7778126VK4777H,1,0,0,31,0
7778112VK4777H,1,0,0,12,0
7877120VK4777F,1,0,0,12,0
8179526VK4787G,1,0,0,6,0
8073717VK4787C,1,0,0,43,0
7877125VK4777F,1,0,0,14,0
7875402VK4777F,2,0,0,41,0
8070912VK4787A,1,0,0,29,0
8170715VK4787A,1,0,0,36,0
7877631VK4777F,1,0,0,3,0
6074332VK4767C,1,0,0,20,0
6171504VK4767A,1,0,0,16,0
6171522VK4767A,1,0,0,24,0
6272702VK4767A,1,0,0,35,0
6272703VK4767A,1,0,0,10,0
6472809VK4767A,1,0,0,22,0
6472805VK4767A,1,0,0,27,0
6472823VK4767A,1,0,0,19,0
6472829VK4767A,1,0,0,19,0
6472816VK4767A,1,0,0,30,0
6472818VK4767A,1,0,0,16,0
6472819VK4767A,1,0,0,16,0
6172108VK4767A,1,0,0,19,0
6172106VK4767A,1,0,0,22,0
6269338VK4766G,1,0,0,20,0
6269333VK4766G,1,0,0,17,0
6370103VK4767A,1,0,0,19,0
6175713VK4767E,11,0,0,89,0
6371924VK4767A,1,0,0,2,0
6076822VK4767E,1,0,0,3,0
6076824VK4767E,1,0,0,3,0
6573304VK4767D,1,0,0,2,0
6573307VK4767D,1,0,0,2,0
6573314VK4767D,1,0,0,2,0
6573315VK4767D,1,0,0,14,0
6474605VK4767C,1,0,0,3,0
6076825VK4767E,1,0,0,3,0
6372213VK4767A,1,0,0,2,0
6372228VK4767A,1,0,0,2,0
6472404VK4767C,1,0,0,22,0
6171511VK4767A,1,0,0,32,0
6269311VK4767G,1,0,0,20,0
6472428VK4767C,1,0,0,25,0
6177720VK4767E,1,0,0,1,0
6177729VK4767E,1,0,0,1,0
6175415VK4767E,1,0,0,4,0
6076818VK4767E,1,0,0,2,0
6076828VK4767E,1,0,0,14,0
6175420VK4767E,1,0,0,4,0
6176205VK4767E,1,0,0,20,0
6176207VK4767E,1,0,0,16,0
6377825VK4767E,1,0,0,3,0
6377820VK4767E,1,0,0,3,0
6377808VK4767E,1,0,0,10,0
6373504VK4767C,1,0,0,22,0
6474615VK4767C,1,0,0,4,0
6373506VK4767C,1,0,0,6,0
6373507VK4767C,1,0,0,6,0
6373528VK4767C,1,0,0,6,0
6371915VK4767A,1,0,0,4,0
7679713VK4777H,1,0,0,20,0
7679712VK4777H,1,0,0,20,0
7679116VK4777H,1,0,0,20,0
7679115VK4777H,1,0,0,20,0
7679114VK4777H,1,0,0,20,0
6276216VK4767E,1,0,0,6,0
6276215VK4767E,1,0,0,15,0
6074318VK4767C,1,0,0,14,0
0291933VK5709A,1,0,0,2,0
0592437VK5709D,1,0,0,27,0
9790684VK4799B,1,0,0,35,0
9790686VK4799B,1,0,0,41,0
9790625VK4799B,1,0,0,16,0
0592451VK5709D,1,0,0,6,0
0082309VK5708C,0,0,1,0,10
1981116VK5718B,0,0,1,0,93
0810840VK5800H,1,0,0,14,0
1006107VK5810E,1,0,0,192,0
0806209VK5800F,1,0,0,116,0
0810834VK5800H,1,0,0,20,0
9407524VK4890G,1,0,0,14,0
9407537VK4890G,1,0,0,10,0
9608731VK4890H,1,0,0,1,0
98037F0VK4890D,1,0,0,10,0
98037F3VK4890D,1,0,0,9,0
9803514VK4890D,1,0,0,4,0
9706205VK3790F,1,0,0,183,0
9407445VK4890E,1,0,0,11,0
9504624VK4890D,1,0,0,16,0
9804427VK4890D,1,0,0,2,0
0194407VK5709C,1,0,0,22,0
0296907VK5709E,1,0,0,21,0
0399407VK5709G,1,0,0,20,0
0498410VK5709G,1,0,0,19,0
0397105VK5709E,5,0,0,98,0
0397103VK5709E,1,0,0,19,0
0298103VK5709G,1,0,0,34,0
0198501VK5709G,1,0,0,30,0
0398715VK5709G,1,0,0,23,0
9800613VK4890B,1,0,0,19,0
9999404VK4799H,1,0,0,3,0
9999420VK4799H,1,0,0,14,0
0599207VK5709H,1,0,0,1,0
0599210VK5709H,1,0,0,16,0
0195503VK5709E,1,0,0,42,0
0195504VK5709E,1,0,0,11,0
0195508VK5709E,1,0,0,6,0
0295109VK5709E,1,0,0,16,0
0099006VK5709G,1,0,0,24,0
0099014VK5709G,1,0,0,12,0
0499512VK5709G,1,0,0,25,0
0296913VK5709E,1,0,0,27,0
0296914VK5709E,1,0,0,27,0
9999422VK4799H,1,0,0,3,0
0497826VK5709E,1,0,0,5,0
0198206VK5709G,1,0,0,17,0
0499510VK5709G,1,0,0,21,0
8235705VK4883E,1,0,0,299,0
8129101VK4882G,1,0,0,29,0
5737405VK4853H,14,0,0,42,0
9621919VK3792B,1,0,0,90,0
9717401VK3791H,0,0,1,0,1792
9616308VK3791F,1,0,0,72,0
9620302VK3792B,1,0,0,177,0
9118274VK3791G,1,0,0,110,0
8415818VK3781E,1,0,0,13,0
8810628VK3781B,1,0,0,136,0
8314601VK3781C,1,0,0,37,0
8920605VK3782B,1,0,0,110,0
9121908VK3792A,1,0,0,178,0
8214501VK3781C,1,0,0,1910,0
8419323VK3781G,1,0,0,118,0
8419518VK3781G,1,0,0,112,0
7915415VK3771F,0,0,1,0,172
7915423VK3771F,1,0,0,325,0
7920502VK3772B,1,0,0,139,0
8519922VK3781H,1,0,0,129,0
7816206VK3771F,1,0,0,28,0
8321122VK3782A,1,0,0,11,0
7822207VK3772D,1,0,0,164,0
7823103VK3772D,1,0,0,127,0
7620201VK3772B,1,0,0,20,0
7015606VK3771E,1,0,0,150,0
7110414VK3771A,1,0,0,434,0
7415112VK3771E,1,0,0,97,0
7115519VK3771E,1,0,0,107,0
7116619VK3771E,1,0,0,153,0
6913904VK3761D,1,0,0,140,0
7611913VK3771B,1,0,0,70,0
7212301VK3771C,1,0,0,48,0
7212308VK3771C,0,0,1,0,54
7012704VK3771A,1,0,0,44,0
6701410VK3760B,1,0,0,7,0
7202237VK3770C,1,0,0,3,0
7005613VK3770E,1,0,0,125,0
7005623VK3770E,1,0,0,116,0
6701405VK3760B,1,0,0,7,0
7904502VK3770D,1,0,0,194,0
5595520VK3659F,1,0,0,15,0
6299601VK3669G,0,0,1,0,79
6396615VK3669E,1,0,0,141,0
6396618VK3669E,0,0,1,0,132
6396622VK3669E,0,0,1,0,332
8102115VK3780A,1,0,0,716,0
0589501VK4608H,0,0,1,0,123
1495910VK4619E,1,0,0,152,0
0805312VK4700F,1,0,0,43,0
0704202VK4700D,1,0,0,119,0
0209521VK4700G,0,0,1,0,79
0306316VK4700E,1,0,0,86,0
0208928VK4700G,1,0,0,21,0
0408211VK4700G,1,0,0,61,0
0406401VK4700E,1,0,0,132,0
9911601VK3791B,2,0,0,64,0
0010502VK4701A,1,0,0,57,0
9810109VK3791B,1,0,0,65,0
9812105VK3791D,1,0,0,31,0
0117621VK4701E,1,0,0,25,0
9304717VK3790C,1,0,0,23,0
9403511VK3790C,1,0,0,114,0
9603424VK3790D,1,0,0,36,0
9405605VK3790E,1,0,0,32,0
9406914VK3790E,1,0,0,176,0
0109618VK4700G,1,0,0,104,0
0007909VK4700G,1,0,0,56,0
0009502VK4700G,1,0,0,124,0
0109623VK4700G,0,0,1,0,18
9708408VK3790H,1,0,0,80,0
9808802VK3790H,1,0,0,161,0
2704104VK4720D,10,0,0,20,0
2702216VK4720D,10,0,0,20,0
4293525VK4649C,1,0,0,2,0
2503843VK4720D,10,0,0,20,0
3997703VK4639F,1,0,0,3,0
3997721VK4639F,1,0,0,3,0
3995534VK4639F,1,0,0,2,0
3995537VK4639F,1,0,0,2,0
3997714VK4639F,1,0,0,3,0
3995567VK4639F,1,0,0,8,0
3402237VK4730C,1,0,0,4,0
3899335VK4639H,1,0,0,10,0
3402224VK4730C,1,0,0,4,0
3899397VK4639H,1,0,0,2,0
3899376VK4639H,1,0,0,7,0
2503851VK4720D,10,0,0,20,0
35013C2VK4730B,1,0,0,4,0
30048E4VK4730C,1,0,0,4,0
3770977VK4730B,1,0,0,8,0
37709A6VK4730B,1,0,0,8,0
3501847VK4730B,1,0,0,6,0
3600162VK4730B,1,0,0,8,0
3600142VK4730B,1,0,0,6,0
28035E4VK4720D,1,0,0,9,0
3797561VK4639H,1,0,0,6,0
36001E3VK4730B,1,0,0,10,0
36001E1VK4730B,1,0,0,8,0
36001B1VK4730B,1,0,0,6,0
3797556VK4639H,1,0,0,10,0
3600190VK4730B,1,0,0,8,0
4294204VK4649C,1,0,0,9,0
30015D5VK4730A,1,0,0,4,0
30015E3VK4730A,1,0,0,4,0
30015E4VK4730A,1,0,0,4,0
30015A3VK4730A,1,0,0,10,0
4293512VK4649C,1,0,0,10,0
4293551VK4649C,1,0,0,2,0
3105202VK4730E,1,0,0,14,0
4093122VK4649C,1,0,0,10,0
4093149VK4649C,1,0,0,7,0
4093150VK4649C,1,0,0,7,0
4093151VK4649C,1,0,0,7,0
3997716VK4639F,1,0,0,3,0
37709A5VK4730B,1,0,0,8,0
3995512VK4639F,1,0,0,10,0
3999769VK4639H,1,0,0,8,0
3621107VK4732B,1,0,0,144,0
3112607VK4731C,1,0,0,7,0
3620415VK4732B,1,0,0,277,0
3409601VK4730G,1,0,0,256,0
3611612VK4731B,1,0,0,31,0
3416518VK4731E,1,0,0,17,0
3517817VK4731F,1,0,0,105,0
3420806VK4732A,3,0,0,119,0
3319825VK4731G,1,0,0,54,0
3418616VK4731G,1,0,0,53,0
3518802VK4731H,1,0,0,37,0
3417910VK4731G,1,0,0,63,0
3118913VK4731G,1,0,0,119,0
3118822VK4731G,1,0,0,123,0
3117407VK4731G,1,0,0,115,0
3620409VK4732B,1,0,0,89,0
4313760VK4741C,1,0,0,42,0
4412516VK4741C,1,0,0,94,0
4112632VK4741A,1,0,0,11,0
3816722VK4731F,0,0,1,0,67
3816904VK4731F,1,0,0,30,0
3918403VK4731H,1,0,0,49,0
6806103VK4760F,0,0,1,0,55
5014304VK4751C,1,0,0,30,0
5015104VK4751E,1,0,0,30,0
4809906VK4740H,1,0,0,89,0
5009703VK4750G,1,0,0,48,0
4811604VK4741B,1,0,0,98,0
5214812VK4751C,1,0,0,330,0
4130406VK4743A,1,0,0,135,0
3924801VK4732D,1,0,0,40,0
4118703VK4741G,1,0,0,204,0
3926203VK4732F,1,0,0,60,0
3628815VK4732H,1,0,0,95,0
3625908VK4732F,0,0,1,0,52
3922805VK4732B,1,0,0,78,0
3821405VK4732B,1,0,0,162,0
3930804VK4733B,1,0,0,93,0
3423709VK4732C,1,0,0,622,0
1462939VK4616B,0,0,12,0,636
8884230VK4688D,1,0,0,16,0
8884239VK4688D,1,0,0,17,0
8096511VK4689E,1,0,0,28,0
0043510VK4704C,1,0,0,54,0
0143805VK4704C,1,0,0,70,0
7930605VK4773B,1,0,0,155,0
9438506VK3793G,1,0,0,224,0
9441101VK3794A,1,0,0,119,0
9635503VK3793F,1,0,0,1080,0
9637401VK3793H,1,0,0,93,0
9851202VK3795B,1,0,0,619,0
0040104VK4704A,1,0,0,188,0
9736319VK3793F,1,0,0,33,0
9944310VK3794D,1,0,0,48,0
9743808VK3794D,1,0,0,36,0
9835503VK4793F,1,0,0,80,0
9835603VK3793F,1,0,0,151,0
0340404VK4704A,1,0,0,446,0
0833122VK4703D,1,0,0,41,0
0837218VK4703H,1,0,0,20,0
0538312VK4703H,1,0,0,57,0
9934609VK3793D,2,0,0,71,0
0437815VK4703E,1,0,0,18,0
0737213VK4803E,1,0,0,4,0
0738110VK4703H,1,0,0,86,0
0437839VK4703E,1,0,0,84,0
0738603VK4703H,1,0,0,39,0
0738606VK4703H,1,0,0,101,0
0738619VK4703H,1,0,0,62,0
0935422VK4703F,1,0,0,54,0
0136411VK4703E,1,0,0,215,0
0136420VK4703E,1,0,0,350,0
0138701VK4703G,1,0,0,319,0
0632418VK4703D,1,0,0,216,0
0634508VK4703D,1,0,0,113,0
0139419VK4703G,1,0,0,717,0
0635503VK4703F,2,0,0,82,0
0636401VK4703F,1,0,0,196,0
0639812VK4703H,1,0,0,68,0
0338209VK4703G,1,0,0,59,0
0640806VK4704B,1,0,0,623,0
0034903VK4703C,1,0,0,2529,0
0035408VK4703E,1,0,0,501,0
0236627VK4703E,1,0,0,100,0
0639905VK4703H,1,0,0,92,0
0240404VK4704A,1,0,0,360,0
0641820VK4704B,1,0,0,260,0
1039407VK4713G,1,0,0,56,0
0841608VK4704B,1,0,0,211,0
0542804VK4704B,1,0,0,1156,0
1137607VK4713G,1,0,0,201,0
1138301VK4713G,1,0,0,255,0
1138302VK4713G,1,0,0,34,0
1138501VK4713G,1,0,0,127,0
0741611VK4704B,0,0,1,0,102
0945112VK4704D,1,0,0,894,0
0743814VK4704D,1,0,0,42,0
0641816VK4704B,1,0,0,934,0
0840716VK4704B,1,0,0,289,0
0648307VK4704H,1,0,0,56,0
1052205VK4715C,1,0,0,113,0
1052808VK4715A,1,0,0,224,0
0849801VK4704H,1,0,0,925,0
0854814VK4705D,1,0,0,179,0
1154609VK4715C,1,0,0,295,0
0749001VK4704H,1,0,0,325,0
0749005VK4704H,1,0,0,224,0
0749006VK4704H,1,0,0,89,0
1251102VK4715A,1,0,0,271,0
0452414VK4705C,1,0,0,82,0
0348409VK4704G,1,0,0,582,0
0651114VK4705B,1,0,0,352,0
0651133VK4705B,1,0,0,254,0
0652208VK4705D,1,0,0,199,0
9854915VK3795D,1,0,0,10,0
0551904VK4705B,1,0,0,90,0
0057702VK4705E,1,0,0,16,0
0557106VK4705H,1,0,0,2056,0
0254204VK4705C,1,0,0,113,0
9952209VK3795D,1,0,0,21,0
0451715VK4705A,1,0,0,725,0
0452401VK4705C,1,0,0,135,0
0153605VK4705C,1,0,0,82,0
0044407VK4704C,1,0,0,218,0
0047907VK4704G,1,0,0,87,0
0543904VK4704D,1,0,0,23,0
0547104VK4704F,0,1,0,0,0
0547109VK4704F,1,0,0,87,0
0243102VK4704C,1,0,0,179,0
0244804VK4704C,1,0,0,21,0
0246306VK4704E,1,0,0,389,0
0445405VK4704E,1,0,0,445,0
0447208VK4704G,1,0,0,90,0
0141209VK4704A,1,0,0,275,0
0141218VK4704A,1,0,0,51,0
0143803VK4704C,1,0,0,56,0
0142902VK4704C,1,0,0,67,0
0148806VK4704G,0,0,1,0,27
0447211VK4704G,0,0,1,0,4
0043113VK4704C,1,0,0,454,0
0042810VK4704A,1,0,0,115,0
9229705VK3792G,1,0,0,45,0
9531109VK3793B,1,0,0,277,0
0229910VK4702G,1,0,0,124,0
0920840VK4702B,1,0,0,637,0
0624608VK4702D,1,0,0,561,0
1226801VK4712E,0,0,1,0,543
1331103VK4713A,0,0,5,0,121
1332813VK4713A,1,0,0,253,0
1129417VK4712G,1,0,0,78,0
2630508VK4723B,1,0,0,47,0
2630518VK4723B,0,1,0,69,0
2826103VK4722F,1,0,0,584,0
3347609VK4734G,1,0,0,417,0
3943907VK4734D,0,0,1,0,94
2846308VK4724F,1,0,0,130,0
2848317VK4724H,1,0,0,18,0
2545601VK4724F,1,0,0,263,0
2548802VK4724H,2,0,0,112,0
2548808VK4724H,1,0,0,125,0
2548809VK4724H,1,0,0,127,0
2549713VK4724H,1,0,0,138,0
2647504VK4724H,1,0,0,227,0
2743508VK4724D,1,0,0,176,0
1343707VK4714C,1,0,0,82,0
1443503VK4714C,1,0,0,1466,0
1546607VK4714F,1,0,0,574,0
1547706VK4714F,1,0,0,319,0
2135806VK4723E,1,0,0,30,0
2135809VK4723E,1,0,0,19,0
1635114VK4713F,1,0,0,68,0
1540701VK4814B,1,0,0,4,0
3034904VK4733C,1,0,0,125,0
3036103VK4733E,1,0,0,14,0
3036107VK4733E,1,0,0,15,0
2737905VK4723H,1,0,0,43,0
3134712VK4733C,2,0,0,134,0
1950703VK4715B,1,0,0,1765,0
1954211VK4715D,1,0,0,1058,0
1954212VK4715D,2,0,0,652,0
1957903VK4715F,1,0,0,514,0
2057908VK4725E,1,0,0,2502,0
2150004VK4725A,1,0,0,1048,0
1448803VK4714G,1,0,0,561,0
1549303VK4714H,1,0,0,789,0
1649102VK4714H,1,0,0,7,0
1649111VK4714H,1,0,0,565,0
1751601VK4715B,1,0,0,1242,0
1751607VK4715B,0,0,1,0,401
1751609VK4715B,1,0,0,466,0
1854205VK4715D,2,0,0,191,0
1856804VK4715F,1,0,0,286,0
1857910VK4715F,1,0,0,467,0
2350803VK4725A,1,0,0,339,0
2255403VK4725E,1,0,0,61,0
2852407VK4725B,1,0,0,327,0
2453708VK4725C,1,0,0,194,0
2455620VK4725E,1,0,0,195,0
3252611VK4735A,2,0,0,343,0
2652307VK4725D,2,0,0,27,0
2654114VK4725D,1,0,0,343,0
2751105VK4725B,1,0,0,494,0
3154403VK4735C,1,0,0,44,0
3958304VK4735H,1,0,0,185,0
3752908VK4735D,1,0,0,10,0
3752912VK4735D,1,0,0,12,0
3554206VK4735D,1,0,0,1527,0
3449904VK4734G,1,0,0,39,0
3450909VK4735A,1,0,0,27,0
3951402VK4735B,1,0,0,24,0
3452903VK4735C,1,0,0,30,0
3951424VK4735B,1,0,0,516,0
3965932VK4736F,1,0,0,15,0
3967802VK4736F,1,0,0,490,0
2866108VK4726F,1,0,0,96,0
3266206VK4736E,1,0,0,102,0
3560714VK4736B,1,0,0,67,0
3763516VK4736D,1,0,0,35,0
3364312VK4736C,1,0,0,152,0
3659201VK4735H,1,0,0,34,0
2558211VK4725H,2,0,0,36,0
2658218VK4725H,1,0,0,520,0
2666706VK4726F,1,0,0,352,0
2758903VK4725H,1,0,0,210,0
1963108VK4716D,2,0,0,18,0
2360708VK4726A,1,0,0,141,0
1960214VK4716B,1,0,0,284,0
1964105VK4716D,1,0,0,340,0
2264102VK4726C,1,0,0,771,0
1960702VK4716B,1,0,0,131,0
1877616VK4717F,1,0,0,38,0
2178102VK4727G,1,0,0,20,0
2375226VK4727E,1,0,0,6,0
2375227VK4727E,1,0,0,41,0
2376918VK4727E,1,0,0,7,0
2379213VK4727G,1,0,0,1,0
2182922VK4728A,1,0,0,20,0
1970612VK4717B,1,0,0,79,0
1978108VK4717H,1,0,0,33,0
1978305VK4717H,1,0,0,13,0
1978311VK4717H,1,0,0,3,0
1979206VK4717H,1,0,0,10,0
2273504VK4727C,1,0,0,15,0
1980210VK4718B,1,0,0,12,0
1980414VK4718B,1,0,0,14,0
1980424VK4718B,1,0,0,26,0
2474211VK4727C,1,0,0,137,0
2474222VK4727C,1,0,0,11,0
2474406VK4727C,1,0,0,9,0
2475302VK4727E,1,0,0,8,0
2475803VK4727E,1,0,0,2,0
1575709VK4717D,1,0,0,80,0
1678702VK4717H,1,0,0,16,0
1678706VK4717H,1,0,0,44,0
2479206VK4727G,1,0,0,19,0
2479221VK4727G,1,0,0,153,0
2481410VK4728A,1,0,0,15,0
1775710VK4717F,1,0,0,48,0
2082605VK4728A,1,0,0,61,0
2082614VK4728A,2,0,0,20,0
1779409VK4717H,1,0,0,31,0
2576306VK4727E,1,0,0,9,0
1876802VK4717F,1,0,0,18,0
2170116VK4727A,1,0,0,23,0
2374216VK4727C,1,0,0,7,0
2277319VK4727G,1,0,0,6,0
2178405VK4727G,1,0,0,15,0
2280104VK4728A,1,0,0,27,0
1673902VK5717D,1,0,0,11,0
1673904VK4717D,1,0,0,36,0
1673904VK5717D,1,0,0,58,0
2476717VK4727E,1,0,0,15,0
2670523VK4727B,0,1,0,86,0
2571604VK4727B,1,0,0,3366,0
3676121VK4737D,1,0,0,395,0
3780306VK4738B,1,0,0,24,0
3780310VK4738B,1,0,0,5,0
3273408VK4737C,1,0,0,7,0
3879706VK4737H,1,0,0,75,0
2972211VK4727B,1,0,0,125,0
3281203VK3738A,1,0,0,5,0
3580317VK4738B,1,0,0,23,0
3580318VK4738B,1,0,0,6,0
3581605VK4738B,1,0,0,19,0
3583811VK4738D,1,0,0,18,0
3177915VK4737E,1,0,0,21,0
3181101VK4738A,1,0,0,14,0
3381909VK4738A,1,0,0,17,0
2977804VK4727F,1,0,0,13,0
2978304VK4727H,1,0,0,52,0
2777603VK4727H,1,0,0,113,0
3482805VK4738A,1,0,0,11,0
2678704VK4727H,1,0,0,111,0
2684110VK4728D,1,0,0,30,0
1687703VK4718H,1,0,0,73,0
2089508VK4728G,1,0,0,42,0
3584903VK4738D,1,0,0,16,0
3585314VK4738E,1,0,0,1,0
3585402VK4738F,1,0,0,15,0
3588114VK4738H,1,0,0,2,0
3589709VK4738H,1,0,0,2,0
3589716VK4738H,1,0,0,25,0
3589722VK4738H,1,0,0,34,0
3685301VK4738D,1,0,0,80,0
3685338VK4738F,1,0,0,1,0
3386302VK4738E,1,0,0,12,0
3386304VK4738E,1,0,0,5,0
3689428VK4738H,1,0,0,9,0
3184522VK4738C,1,0,0,17,0
3788307VK4738H,1,0,0,6,0
3486203VK4738E,1,0,0,32,0
3486211VK4738E,1,0,0,20,0
3486607VK4738E,1,0,0,14,0
3487304VK4738G,1,0,0,1,0
3487706VK4738E,1,0,0,44,0
3684501VK4738C,5,0,0,21,0
3386401VK4738E,1,0,0,20,0
2595443VK4729D,1,0,0,6,0
2595452VK4729C,1,0,0,19,0
2197105VK4729E,1,0,0,21,0
2694509VK4729D,1,0,0,21,0
2694515VK4729D,1,0,0,20,0
2694803VK4729D,1,0,0,28,0
3195902VK4739E,1,0,0,197,0
2292715VK4729A,1,0,0,13,0
2293115VK4729C,1,0,0,9,0
2294510VK4729C,1,0,0,28,0
2299702VK4729G,1,0,0,15,0
2299704VK4729G,11,0,0,249,0
2299706VK4729G,1,0,0,15,0
2299711VK4729G,1,0,0,21,0
2299717VK4729G,1,0,0,21,0
2299734VK4729G,1,0,0,30,0
2093503VK4729C,1,0,0,16,0
3095205VK4739E,1,0,0,7,0
2893513VK4729D,1,0,0,11,0
3098902VK4739G,1,0,0,33,0
3098903VK4739G,1,0,0,46,0
3098916VK4739G,1,0,0,34,0
3391208VK4739A,1,0,0,9,0
2997703VK4729F,1,0,0,14,0
2997722VK4729F,1,0,0,23,0
2997724VK4729F,1,0,0,18,0
3394705VK3739C,1,0,0,12,0
3398906VK4739G,1,0,0,7,0
2793210VK4729D,1,0,0,14,0
2795913VK4729D,1,0,0,26,0
2797503VK4729H,1,0,0,202,0
22997A9VK4729G,1,0,0,30,0
3094412VK4739C,1,0,0,36,0
2201518VK4820A,1,0,0,23,0
2503921VK4820A,1,0,0,19,0
2302909VK4820A,1,0,0,26,0
3200301VK4830A,0,0,1,0,175
2102122VK4820A,1,0,0,61,0
9982207VK3798D,1,0,0,17,0
9987425VK3798H,1,0,0,29,0
0283705VK4708C,1,0,0,172,0
0187905VK4708G,1,0,0,194,0
0187919VK4708G,1,0,0,81,0
0385519VK4708E,1,0,0,177,0
0482213VK4708A,1,0,0,38,0
0481301VK4708A,1,0,0,75,0
9982706VK3798B,1,0,0,27,0
0185918VK4708E,1,0,0,35,0
0380212VK4708A,1,0,0,69,0
0380610VK4708A,0,0,1,0,31
0079605VK4707G,1,0,0,60,0
0278901VK4707G,1,0,0,262,0
0083308VK4708C,1,0,0,119,0
0283404VK4708C,1,0,0,113,0
0087972VK4708E,1,0,0,24,0
0584514VK4708D,1,0,0,135,0
0783301VK4708D,1,0,0,1189,0
0883908VK4708D,1,0,0,75,0
0580218VK4708B,1,0,0,1016,0
0880901VK4708B,1,0,0,39,0
0579215VK4707H,1,0,0,359,0
0579701VK4707H,1,0,0,49,0
1196203VK4719E,0,0,1,0,296
1094414VK4719C,1,0,0,849,0
1093305VK4719C,1,0,0,30,0
1095101VK4719E,1,0,0,1417,0
0901505VK4800B,1,0,0,6,0
1200303VK4810A,1,0,0,198,0
1304317VK4810C,1,0,0,383,0
1304708VK4810C,0,1,0,109,0
1304617VK4810C,1,0,0,186,0
1000712VK4810A,1,0,0,38,0
0701103VK4800B,0,0,1,0,100
0401502VK4800A,1,0,0,38,0
0697909VK4709F,1,0,0,48,0
0397915VK4709E,1,0,0,134,0
0898513VK4709H,1,0,0,83,0
0898520VK4709H,1,0,0,52,0
0599811VK5709H,1,0,0,41,0
0599840VK4709H,1,0,0,269,0
0601107VK4800B,1,0,0,128,0
1098608VK4719G,1,0,0,55,0
0701504VK4800B,1,0,0,39,0
0597203VK4709F,1,0,0,110,0
0395518VK4709E,1,0,0,211,0
0494517VK4709C,1,0,0,85,0
0694302VK4709D,0,0,1,0,343
0794102VK4709D,1,0,0,145,0
0692408VK4709D,1,0,0,219,0
0193917VK4709C,1,0,0,80,0
0488618VK4708H,1,0,0,25,0
0389804VK4708G,1,0,0,56,0
0289910VK4708G,1,0,0,310,0
9990211VK3799B,1,0,0,188,0
9989517VK3798H,1,0,0,59,0
9562812VK3796B,1,0,0,74,0
9565505VK3796F,1,0,0,416,0
9367714VK3796E,2,0,0,1060,0
9468511VK3796G,1,0,0,25,0
0065607VK4706E,1,0,0,38,0
0065620VK4706E,2,0,0,86,0
0362212VK4706C,1,0,0,130,0
0365106VK4706E,1,0,0,62,0
9868921VK3796H,0,0,1,0,56
9864206VK3796D,1,0,0,47,0
9962304VK3796D,1,0,0,66,0
9966409VK3796F,1,0,0,439,0
9968918VK3796H,1,0,0,30,0
0364111VK4706C,1,0,0,88,0
0561705VK4706B,1,0,0,22,0
0564802VK4706D,1,0,0,280,0
0567501VK4706H,0,0,1,0,309
0759104VK4705H,1,0,0,651,0
0658902VK4705H,1,0,0,24,0
0358508VK4705G,1,0,0,163,0
0359105VK4705G,1,0,0,183,0
0360113VK4706A,1,0,0,182,0
0460105VK4706A,1,0,0,356,0
0462413VK4706C,1,0,0,112,0
0464806VK4706C,1,0,0,31,0
0465201VK4706E,1,0,0,95,0
0960313VK4706B,0,0,1,0,29
0765811VK4706F,1,0,0,83,0
0858103VK4705H,1,0,0,136,0
0863906VK4706D,1,0,0,223,0
0762902VK4706B,1,0,0,52,0
0967601VK4706F,0,0,1,0,71
1460606VK4716A,1,0,0,90,0
1059602VK4715G,1,0,0,1384,0
1060405VK4716A,1,0,0,418,0
1060606VK4716A,1,0,0,19,0
1061903VK4716A,1,0,0,340,0
1563808VK4716D,1,0,0,808,0
1565907VK4716F,1,0,0,270,0
1565910VK4716F,1,0,0,294,0
1064808VK4716C,1,0,0,152,0
1166120VK4716E,1,0,0,30,0
1263113VK4716C,1,0,0,179,0
1265418VK4716E,1,0,0,21,0
0866905VK4706F,1,0,0,90,0
1561310VK4716B,0,0,1,0,23
1075414VK4717E,1,0,0,17,0
0769909VK4706H,1,0,0,183,0
1170906VK4717A,0,0,1,0,1687
1268501VK4716G,1,0,0,483,0
9277908VK3797G,1,0,0,13,0
0070301VK4707A,1,0,0,6,0
9174304VK3797C,1,0,0,27,0
9275503VK3797E,1,0,0,91,0
9470104VK3797A,1,0,0,240,0
9472804VK3797A,1,0,0,22,0
9475112VK3797E,1,0,0,9,0
4256901VK3845E,1,0,0,24,0
3873513VK3837D,1,0,0,48,0
3873515VK3837D,1,0,0,49,0
6510505VK3861B,1,0,0,36,0
7316104VK3871E,1,0,0,72,0
7316119VK3871E,1,0,0,45,0
7316122VK3871E,1,0,0,44,0
6512504VK3861D,1,0,0,62,0
7315804VK3871E,1,0,0,45,0
7313314VK3871C,1,0,0,40,0
7313308VK3871C,1,0,0,46,0
7313307VK3871C,1,0,0,51,0
7313326VK3871C,1,0,0,55,0
7313301VK3871C,1,0,0,96,0
7416704VK3871E,1,0,0,78,0
6510501VK3861A,1,0,0,302,0
6611906VK3861B,1,0,0,190,0
6811310VK3861B,1,0,0,69,0
7011410VK3871C,1,0,0,6,0
7313323VK3871C,1,0,0,53,0
7313325VK3871C,1,0,0,51,0
8214211VK3881C,1,0,0,15,0
8113313VK3881C,1,0,0,15,0
7912223VK3871D,1,0,0,8,0
7912220VK3871D,1,0,0,28,0
8212511VK3881D,1,0,0,4,0
7912205VK3871D,1,0,0,4,0
7810229VK3871B,1,0,0,28,0
8112215VK3881A,1,0,0,17,0
8112218VK3881A,1,0,0,21,0
8115713VK3881E,1,0,0,19,0
8214622VK3881C,1,0,0,17,0
8315925VK3881E,1,0,0,11,0
7711914VK3871B,1,0,0,4,0
7711917VK3871B,1,0,0,1,0
8416757VK3881E,1,0,0,16,0
8416758VK3881E,1,0,0,20,0
8612507VK3881D,1,0,0,7,0
8010323VK3881A,1,0,0,23,0
8010331VK3881A,1,0,0,24,0
8010330VK3881A,1,0,0,40,0
7909501VK3870H,1,0,0,30,0
7909506VK3870H,1,0,0,14,0
7811306VK3871B,1,0,0,21,0
7815524VK3871F,1,0,0,2,0
7815503VK3871F,1,0,0,40,0
8008413VK3880G,1,0,0,24,0
8008414VK3880G,1,0,0,22,0
8011701VK3781A,0,0,1,0,72
8011703VK3881A,1,0,0,24,0
8012915VK3881A,1,0,0,6,0
8010732VK3881A,1,0,0,10,0
8010738VK3881A,1,0,0,246,0
8111603VK3881A,1,0,0,21,0
8112606VK3881C,1,0,0,22,0
8112605VK3881C,1,0,0,16,0
8212512VK3881D,1,0,0,29,0
8213607VK3881C,1,0,0,13,0
8213302VK3881C,1,0,0,41,0
7712915VK3871D,1,0,0,25,0
7712909VK3871B,1,0,0,22,0
8111604VK3881A,1,0,0,22,0
8111605VK3881A,1,0,0,21,0
8111616VK3881A,1,0,0,9,0
8115709VK3881E,1,0,0,28,0
8216113VK3881E,1,0,0,27,0
8315303VK3881E,1,0,0,9,0
8108408VK3880G,1,0,0,14,0
8210910VK3881A,1,0,0,2,0
8315308VK3881E,1,0,0,50,0
8217605VK3881E,1,0,0,17,0
8217606VK3881E,1,0,0,17,0
8416713VK3881E,1,0,0,18,0
8416712VK3881E,1,0,0,18,0
7711902VK3871B,1,0,0,15,0
7711905VK3871B,1,0,0,15,0
8309417VK3880G,1,0,0,33,0
8309418VK3880G,1,0,0,45,0
8309419VK3880G,1,0,0,138,0
7711906VK3871B,1,0,0,15,0
8309426VK3880G,1,0,0,17,0
8309429VK3880G,1,0,0,17,0
8310501VK3881A,1,0,0,58,0
8310506VK3881A,0,0,1,0,204
8310507VK3881A,1,0,0,27,0
8409222VK3880G,1,0,0,23,0
8514111VK3881D,1,0,0,16,0
8514603VK3881D,1,0,0,12,0
8417806VK3881E,1,0,0,8,0
8417810VK3881E,1,0,0,8,0
8409213VK3880G,1,0,0,25,0
8409218VK3880G,1,0,0,15,0
8409203VK3880G,1,0,0,22,0
8509214VK3880H,1,0,0,16,0
8509220VK3880H,1,0,0,85,0
8614213VK3881D,1,0,0,13,0
8411704VK3881A,1,0,0,22,0
8411706VK3881A,1,0,0,10,0
8411709VK3881A,1,0,0,18,0
8412708VK3881A,1,0,0,26,0
8412712VK3881A,1,0,0,24,0
8412718VK3881A,1,0,0,1,0
8512711VK3881B,1,0,0,1,0
8511705VK3881B,1,0,0,5,0
8511714VK3881B,1,0,0,22,0
7611906VK3871B,1,0,0,53,0
7611909VK3871B,1,0,0,30,0
7511918VK3871B,1,0,0,25,0
7511913VK3871B,1,0,0,23,0
8510705VK3881B,1,0,0,24,0
8508501VK3880H,1,0,0,16,0
8508510VK3880H,1,0,0,13,0
8710104VK3881B,1,0,0,8,0
7610112VK3871B,1,0,0,27,0
8710118VK3881B,1,0,0,42,0
8710121VK3881B,1,0,0,19,0
8711104VK3881B,1,0,0,4,0
8612802VK3881B,1,0,0,3,0
8114307VK3881C,1,0,0,21,0
7913101VK3871D,1,0,0,24,0
7613528VK3871D,1,0,0,20,0
7718929VK3871H,1,0,0,23,0
7820116VK3871H,1,0,0,54,0
7820120VK3871H,1,0,0,30,0
7613558VK3871D,1,0,0,9,0
8711403VK3881B,1,0,0,10,0
8713402VK3881D,1,0,0,39,0
8810104VK3881B,1,0,0,32,0
7818915VK3871H,1,0,0,11,0
7610302VK3871B,1,0,0,16,0
7609501VK3871B,1,0,0,48,0
7809206VK3870H,1,0,0,34,0
8810109VK3881B,1,0,0,32,0
7810219VK3871B,1,0,0,30,0
7610313VK3871B,1,0,0,29,0
7610314VK3871B,1,0,0,7,0
8410709VK3881A,1,0,0,12,0
8614202VK3881D,1,0,0,32,0
8614207VK3881D,1,0,0,31,0
7912721VK3871D,1,0,0,27,0
7912702VK3871D,1,0,0,16,0
7912701VK3871D,1,0,0,17,0
7813313VK3871D,1,0,0,35,0
7813309VK3871D,1,0,0,1,0
8214616VK3881C,1,0,0,8,0
8415206VK3881E,1,0,0,17,0
8508515VK3880H,1,0,0,19,0
7712907VK3871B,1,0,0,17,0
8711407VK3881B,1,0,0,20,0
8618931VK3881H,1,0,0,27,0
8811307VK3881B,1,0,0,32,0
8812101VK3881B,1,0,0,25,0
7816124VK3871F,1,0,0,28,0
8811132VK3881B,1,0,0,18,0
7811312VK3871B,1,0,0,21,0
8811316VK3881B,1,0,0,314,0
8511722VK3881B,1,0,0,3,0
8415217VK3881E,1,0,0,17,0
8416772VK3881E,1,0,0,13,0
8514114VK3881D,1,0,0,10,0
0010904VK3801A,1,0,0,681,0
1632941VK4813B,1,0,0,27,0
1636707VK4813F,1,0,0,2,0
1742507VK4814D,1,0,0,36,0
1631831VK4813B,1,0,0,26,0
1630110VK4813B,1,0,0,118,0
1730106VK4812H,1,0,0,167,0
1529519VK4812H,1,0,0,146,0
1729214VK4812H,1,0,0,40,0
1729215VK4812H,1,0,0,51,0
1643120VK4814D,1,0,0,29,0
1643119VK4814D,1,0,0,83,0
1840415VK4814B,1,0,0,33,0
1643116VK4814D,1,0,0,37,0
1643102VK4814D,1,0,0,114,0
1738308VK4813H,1,0,0,3,0
1738311VK4813H,1,0,0,3,0
1643148VK4814D,1,0,0,3,0
1643133VK4814D,1,0,0,68,0
1738833VK4813H,1,0,0,58,0
1738834VK4813H,1,0,0,49,0
1738840VK4813H,1,0,0,46,0
1540707VK4814B,1,0,0,4,0
1540710VK4814B,1,0,0,4,0
1540713VK4814B,1,0,0,4,0
1540716VK4814B,1,0,0,4,0
1738851VK4814B,1,0,0,45,0
1441818VK4813B,1,0,0,34,0
1441826VK4813B,1,0,0,17,0
1441831VK4813G,1,0,0,29,0
1744614VK4814D,1,0,0,135,0
1639514VK4813H,1,0,0,2,0
1639520VK4813H,1,0,0,2,0
1840406VK4814B,1,0,0,51,0
1820843VK4811H,0,0,1,0,253
1729618VK4812H,1,0,0,129,0
1830107VK4813B,1,0,0,79,0
1832633VK4813D,1,0,0,46,0
1832635VK4813D,1,0,0,27,0
1830519VK4813B,1,0,0,109,0
1436508VK4813E,1,0,0,5,0
1436514VK4813E,1,0,0,7,0
1436515VK4813E,1,0,0,7,0
1436528VK4813E,1,0,0,33,0
1733921VK4813D,1,0,0,3,0
1537818VK4813F,1,0,0,13,0
1537820VK4813F,1,0,0,7,0
1931905VK4813B,1,0,0,74,0
1931915VK4823A,1,0,0,93,0
1636905VK4813F,1,0,0,4,0
1636912VK4813F,1,0,0,6,0
1636915VK4813F,1,0,0,6,0
1737101VK4813F,1,0,0,3,0
1737103VK4813F,1,0,0,4,0
1733126VK4813D,1,0,0,15,0
1929531VK4812H,1,0,0,288,0
1844409VK4184D,1,0,0,37,0
3042302VK4384C,1,0,0,2118,0
8524922VK3882C,1,0,0,13,0
9023406VK3882D,1,0,0,10,0
0224309VK4802C,1,0,0,47,0
0426628VK4802E,1,0,0,35,0
9528461VK3892G,1,0,0,12,0
8925909VK3882F,1,0,0,5,0
0638139VK4803H,1,0,0,14,0
0738903VK4083G,1,0,0,5,0
0738917VK4083G,1,0,0,5,0
7925204VK3872F,18,0,0,162,0
7721402VK3872B,0,0,1,0,8415
7925220VK3872F,1,0,0,14,0
0222432VK4802C,1,0,0,53,0
9022468VK3882D,1,0,0,2,0
9022465VK3882D,1,0,0,2,0
9022463VK3882D,1,0,0,2,0
9022458VK3882D,1,0,0,2,0
9022455VK3882D,1,0,0,2,0
0237521VK4083H,1,0,0,25,0
0237523VK4083H,1,0,0,25,0
0239726VK4083H,1,0,0,3,0
9822214VK3892D,1,0,0,292,0
0239721VK4083H,1,0,0,22,0
9823308VK3892D,1,0,0,37,0
9923902VK3892D,1,0,0,33,0
9923906VK3892D,1,0,0,52,0
9923908VK3892D,1,0,0,89,0
9822203VK3892D,1,0,0,65,0
9721608VK3892B,1,0,0,32,0
9721610VK3892B,1,0,0,39,0
9619605VK3892B,1,0,0,5,0
9619610VK3892B,1,0,0,14,0
9921219VK3892B,1,0,0,16,0
9921220VK3892B,1,0,0,11,0
0330834VK4803H,1,0,0,33,0
0330840VK4802G,1,0,0,32,0
0229929VK4802G,1,0,0,28,0
0229931VK4802G,1,0,0,26,0
8825713VK3882F,1,0,0,5,0
8825716VK3882F,1,0,0,5,0
8825721VK3882F,1,0,0,5,0
0429818VK4802H,1,0,0,31,0
0628102VK4802H,1,0,0,30,0
0628106VK4802H,1,0,0,19,0
0628110VK4802H,1,0,0,18,0
0727108VK4802H,1,0,0,22,0
0727111VK4802F,1,0,0,69,0
0727112VK4802F,1,0,0,16,0
0727113VK4802F,1,0,0,48,0
0527905VK4802H,1,0,0,31,0
8925929VK3882F,1,0,0,3,0
8925904VK3882F,1,0,0,3,0
9023443VK3882D,1,0,0,2,0
9023442VK3882D,1,0,0,2,0
0527915VK4802F,1,0,0,25,0
0527918VK4802F,1,0,0,136,0
0527921VK4802F,1,0,0,33,0
0527925VK4802G,1,0,0,30,0
0727117VK4802F,1,0,0,24,0
0324910VK4802C,1,0,0,122,0
0537533VK4803H,1,0,0,21,0
0426606VK4802E,1,0,0,112,0
0525703VK4802F,1,0,0,34,0
0525719VK4802D,1,0,0,33,0
0424206VK4802E,1,0,0,23,0
0424215VK4802C,1,0,0,113,0
9823306VK3892D,1,0,0,38,0
8524981VK3882C,1,0,0,13,0
0027112VK4802E,1,0,0,35,0
0125418VK4802E,1,0,0,38,0
0125419VK4802E,1,0,0,33,0
0125433VK4802E,1,0,0,20,0
0125435VK4802E,1,0,0,29,0
0224301VK4802E,1,0,0,33,0
0224308VK4802C,1,0,0,39,0
0224319VK4802C,1,0,0,37,0
0224321VK4802C,1,0,0,15,0
0324906VK4802C,1,0,0,44,0
0324907VK4802C,1,0,0,41,0
0324914VK4802C,1,0,0,44,0
0324918VK4802C,1,0,0,33,0
9827104VK3892F,1,0,0,61,0
8623766VK3882D,1,0,0,2,0
8623764VK3882D,1,0,0,2,0
9827110VK3892F,1,0,0,50,0
9927102VK3892H,1,0,0,37,0
9927105VK3892H,1,0,0,297,0
9927115VK3892H,1,0,0,27,0
9925908VK3892F,1,0,0,28,0
9925911VK3892F,1,0,0,27,0
9925915VK3892F,1,0,0,29,0
9925916VK4802E,1,0,0,31,0
8623704VK3882D,1,0,0,2,0
8623702VK3882D,1,0,0,2,0
0024807VK4802C,1,0,0,85,0
0024820VK4802C,1,0,0,27,0
0222401VK4802C,1,0,0,48,0
0222403VK4802C,1,0,0,45,0
0222423VK4802C,1,0,0,35,0
0222427VK4802C,1,0,0,76,0
9626208VK3892F,1,0,0,31,0
9626209VK3892F,1,0,0,34,0
9626226VK3892F,1,0,0,22,0
9724311VK3892F,1,0,0,70,0
9621335VK3892B,1,0,0,62,0
9823326VK3892D,1,0,0,29,0
0022810VK4802A,12,0,0,437,0
0237513VK4083H,1,0,0,15,0
9822218VK3892D,1,0,0,43,0
8525665VK3882C,6,0,0,18,0
0736212VK4083E,1,0,0,19,0
0736228VK4083E,1,0,0,6,0
0736229VK4083E,1,0,0,6,0
0736236VK4083E,1,0,0,19,0
0239744VK4083H,1,0,0,1,0
0239750VK4083H,1,0,0,1,0
1651105VK4185A,1,0,0,28,0
1651106VK4185A,1,0,0,23,0
1651113VK4185A,1,0,0,23,0
1651114VK4185A,1,0,0,23,0
1651115VK4185A,1,0,0,30,0
1651116VK4185A,1,0,0,30,0
1651121VK4185A,1,0,0,23,0
1651123VK4185A,1,0,0,26,0
1651129VK4185A,1,0,0,22,0
1651131VK4185A,1,0,0,22,0
1651134VK4185A,1,0,0,23,0
1450205VK4815A,1,0,0,5,0
1851757VK4185B,1,0,0,12,0
1851758VK4185B,1,0,0,12,0
1851767VK4185B,1,0,0,12,0
0194501VK4809C,0,0,1,0,154
1853934VK4815D,1,0,0,33,0
1853939VK4815D,1,0,0,33,0
1853942VK4815D,1,0,0,33,0
1853973VK4815D,1,0,0,15,0
1853984VK4815D,1,0,0,29,0
1853992VK4815D,1,0,0,15,0
7659502VK3775H,1,0,0,4,0
7658505VK3775H,1,0,0,3,0
7658508VK3775H,1,0,0,9,0
7956416VK3775F,1,0,0,131,0
7956417VK3775F,1,0,0,131,0
9063102VK3796C,1,0,0,219,0
9256811VK3795E,2,0,0,162,0
9254304VK3795C,1,0,0,299,0
9654206VK3795D,1,0,0,304,0
9249503VK3794G,1,0,0,12,0
9249708VK3794G,1,0,0,140,0
9552402VK3795D,1,0,0,227,0
73981B1VK3779G,1,0,0,57,0
73981B2VK3779G,1,0,0,31,0
73981B3VK3779G,1,0,0,34,0
7398160VK3779G,1,0,0,71,0
9778701VK3797H,1,0,0,412,0
6806222VK3860F,1,0,0,361,0
8799234VK3789H,1,0,0,17,0
8601203VK3880B,1,0,0,4,0
8601207VK3880B,1,0,0,16,0
8501265VK3880B,1,0,0,18,0
8601204VK3880B,1,0,0,26,0
9388875VK3798G,1,0,0,5,0
9388872VK3798G,1,0,0,5,0
8799241VK3789H,1,0,0,14,0
7803866VK3870D,1,0,0,39,0
8699460VK3789H,1,0,0,34,0
8103426VK3880C,1,0,0,56,0
8103428VK3880C,1,0,0,109,0
8695387VK3789F,1,0,0,18,0
8103432VK3880C,1,0,0,72,0
8601226VK3880B,1,0,0,27,0
8799208VK3789H,1,0,0,3,0
8799210VK3789H,1,0,0,16,0
8799217VK3789H,1,0,0,27,0
8799228VK3789H,1,0,0,15,0
8695502VK3789F,1,0,0,35,0
8695535VK3789F,1,0,0,25,0
8796301VK3789F,1,0,0,84,0
8896329VK3789F,1,0,0,6,0
8896332VK3789F,1,0,0,2,0
8796322VK3789F,1,0,0,30,0
8796323VK3789F,1,0,0,28,0
8796316VK3789F,2,0,0,36,0
9779602VK3797H,1,0,0,73,0
9879603VK3797H,1,0,0,100,0
9879602VK3797H,1,0,0,132,0
9879615VK3797H,1,0,0,194,0
9386414VK3798E,1,0,0,2,0
8297405VK3789G,1,0,0,67,0
8695329VK3789F,1,0,0,35,0
8695368VK3789F,1,0,0,9,0
8695318VK3789F,1,0,0,7,0
8695316VK3789F,1,0,0,7,0
8695311VK3789F,1,0,0,7,0
8695310VK3789F,1,0,0,7,0
8601211VK3880B,1,0,0,29,0
8501231VK3880B,1,0,0,14,0
8501232VK3880B,1,0,0,15,0
8103401VK3880C,1,0,0,36,0
8103405VK3880C,1,0,0,43,0
8103411VK3880C,1,0,0,4,0
8103416VK3880C,1,0,0,65,0
8301422VK3880A,1,0,0,37,0
8301415VK3880A,1,0,0,26,0
8399426VK3789G,1,0,0,371,0
8399427VK3789G,1,0,0,91,0
8299401VK3789G,1,0,0,49,0
6481903VK3768A,0,0,1,0,439
7398106VK3779G,1,0,0,230,0
7398111VK3779G,1,0,0,52,0
7398124VK3779G,1,0,0,48,0
7398136VK3779G,1,0,0,115,0
7398140VK3779G,1,0,0,54,0
7398142VK3779G,1,0,0,57,0
5800601VK3850B,1,0,0,261399,0
7803807VK3870D,1,0,0,62,0
7803816VK3870D,1,0,0,51,0
7803835VK3870D,1,0,0,40,0
7803839VK3870D,1,0,0,50,0
8003317VK3880C,1,0,0,84,0
8003321VK3880C,1,0,0,247,0
6707311VK3860F,1,0,0,61,0
6707313VK3860F,1,0,0,48,0
6707317VK3860F,1,0,0,171,0
6707320VK3860F,1,0,0,52,0
6707306VK3860F,1,0,0,127,0
6806220VK3860F,1,0,0,141,0
6806202VK3860F,1,0,0,392,0
8297404VK3789G,1,0,0,68,0
7398135VK3779G,1,0,0,77,0
7803842VK3870D,1,0,0,71,0
7803864VK3870D,1,0,0,36,0
8103423VK3880C,1,0,0,95,0
8103424VK3880C,1,0,0,40,0
7398198VK3779G,1,0,0,24,0
73981A1VK3779G,1,0,0,24,0
73981A4VK3779G,1,0,0,24,0
73981A5VK3779G,1,0,0,24,0
8505633VK3880F,1,0,0,81,0
9601705VK3890B,1,0,0,7,0
9601708VK3890B,1,0,0,10,0
9601709VK3890B,1,0,0,10,0
9700206VK3890B,1,0,0,7,0
9700217VK3890B,1,0,0,9,0
8799703VK3789H,1,0,0,12,0
9993241VK3799D,0,0,1,0,348
9599703VK3799H,1,0,0,3,0
9599708VK3799H,1,0,0,5,0
9599709VK3799H,1,0,0,23,0
9601712VK3890B,1,0,0,3,0
9799409VK3799H,1,0,0,15,0
8505607VK3880F,1,0,0,10,0
8505615VK3880F,1,0,0,3,0
8603803VK3880D,1,0,0,5,0
8701602VK3880B,1,0,0,82,0
8799720VK3789H,1,0,0,1,0
8799713VK3789H,1,0,0,284,0
8898305VK3789H,1,0,0,5,0
8898306VK3789H,1,0,0,4,0
8898312VK3789H,1,0,0,4,0
8898327VK3789H,1,0,0,34,0
8898342VK3789H,1,0,0,6,0
8703509VK3880D,1,0,0,10,0
8603827VK3880D,1,0,0,11,0
44993E5VK3840A,1,0,0,48,0
3605706VK3830F,1,0,0,287,0
2903304VK3820B,1,0,0,252,0
5201276VK3850A,1,0,0,16,0
5201289VK3850A,1,0,0,16,0
5201286VK3850A,1,0,0,16,0
5201275VK3850A,1,0,0,17,0
5201257VK3850A,1,0,0,25,0
5201261VK3850A,1,0,0,24,0
5201267VK3850A,1,0,0,17,0
4798225VK3749H,1,0,0,39,0
44993C4VK3840A,1,0,0,35,0
44993D2VK3840A,1,0,0,35,0
45084P8VK3840H,1,0,0,31,0
44993B2VK3840A,1,0,0,11,0
44993B5VK3840A,1,0,0,29,0
44993B7VK3840A,1,0,0,11,0
45084N4VK3840H,1,0,0,59,0
3100922VK3830A,1,0,0,40,0
3100924VK3830A,1,0,0,40,0
44993H0VK3840A,1,0,0,37,0
44993H4VK3840A,1,0,0,59,0
44993H6VK3840A,1,0,0,37,0
44993H7VK3840A,1,0,0,37,0
44993I0VK3840A,1,0,0,37,0
4499367VK3840A,1,0,0,27,0
4499389VK3840A,1,0,0,11,0
4508442VK3840H,1,0,0,72,0
3905918VK3830F,1,0,0,89,0
4804307VK3840D,1,0,0,32,0
2803905VK3820D,1,0,0,117,0
4507603VK3840H,1,0,0,66,0
4707605VK3840F,1,0,0,144,0
3504103VK3830D,1,0,0,413,0
3605701VK3830F,1,0,0,190,0
4201911VK3840A,1,0,0,540,0
4203107VK3840C,1,0,0,53,0
4403405VK3840C,1,0,0,109,0
5201208VK3850A,1,0,0,288,0
5201210VK3850A,1,0,0,33,0
5399602VK3759G,1,0,0,37,0
4703201VK3840D,1,0,0,63,0
4703210VK3840D,1,0,0,301,0
2201402VK3820A,1,0,0,210,0
4804308VK3840D,1,0,0,805,0
4707607VK3840F,1,0,0,555,0
4508414VK3840H,1,0,0,485,0
5103903VK3850C,1,0,0,339,0
2803904VK3820D,1,0,0,121,0
2201405VK3820A,1,0,0,41,0
5103909VK3850C,1,0,0,32,0
5103910VK3850C,1,0,0,32,0
4508478VK3840H,1,0,0,37,0
4508481VK3840H,1,0,0,37,0
45084A4VK3840H,1,0,0,37,0
45084B1VK3840H,1,0,0,33,0
45084C3VK3840H,1,0,0,134,0
45084D3VK3840H,1,0,0,70,0
45084D5VK3840H,1,0,0,134,0
4499350VK3840A,10,0,0,628,0
3105520VK3830E,1,0,0,112,0
4804313VK3840D,1,0,0,326,0
4499356VK3840A,1,0,0,26,0
4497511VK3749G,1,0,0,32,0
4497512VK3749G,1,0,0,32,0
4497530VK3749G,1,0,0,28,0
4598601VK3749H,1,0,0,54,0
5098912VK3759G,1,0,0,56,0
4896502VK3749F,1,0,0,67,0
4896508VK3749F,1,0,0,88,0
5096706VK3759E,1,0,0,22,0
5096711VK3759E,1,0,0,22,0
5096715VK3759E,1,0,0,22,0
5196311VK3759E,1,0,0,22,0
4697603VK3749F,1,0,0,20,0
4697605VK3749F,1,0,0,20,0
4697614VK3749F,1,0,0,94,0
4697617VK3749F,1,0,0,76,0
4499390VK3840A,1,0,0,11,0
4499393VK3840A,1,0,0,22,0
44993A4VK3840A,1,0,0,11,0
44993A7VK3840A,1,0,0,11,0
44993A9VK3840A,1,0,0,11,0
44993B0VK3840A,1,0,0,11,0
4499396VK3840A,1,0,0,11,0
4499383VK3840A,1,0,0,34,0
5201217VK3850A,1,0,0,28,0
5201222VK3850A,1,0,0,26,0
4497505VK3749G,1,0,0,32,0
5201293VK3850A,1,0,0,72,0
4499349VK3840A,1,0,0,37,0
1007461VK3810G,1,0,0,181,0
1007468VK3810G,1,0,0,104,0
2001261VK3820A,1,0,0,76,0
0106704VK3800E,1,0,0,16,0
9608576VK2890H,1,0,0,7,0
9608581VK2890H,1,0,0,7,0
9408608VK2890G,1,0,0,17,0
0206308VK3800E,1,0,0,3,0
0206310VK3800E,1,0,0,4,0
0206317VK3800E,2,0,0,50,0
0007201VK3800E,6,0,0,60,0
0007215VK3800E,1,0,0,5,0
9906606VK2890F,1,0,0,7,0
0505253VK3800F,1,0,0,24,0
0505227VK3800F,1,0,0,46,0
0505245VK3800F,1,0,0,15,0
0305403VK3800E,1,0,0,24,0
0305408VK3800E,1,0,0,4,0
0305417VK3800E,1,0,0,13,0
0305111VK3800E,1,0,0,24,0
0703103VK3800D,1,0,0,27,0
0304510VK3800C,1,0,0,2,0
0304508VK3800C,1,0,0,2,0
0405206VK3800E,1,0,0,15,0
0107103VK3800E,1,0,0,42,0
0107106VK3800E,1,0,0,25,0
1105402VK3810E,1,0,0,64,0
1105402VK5810E,1,0,0,75,0
0905907VK3800F,1,0,0,38,0
1007441VK3810G,1,0,0,75,0
1007424VK3810G,1,0,0,133,0
1007407VK3810G,1,0,0,126,0
1104603VK3810C,1,0,0,108,0
1704708VK3810D,1,0,0,78,0
1902303VK3810D,1,0,0,70,0
1902304VK3810D,1,0,0,64,0
1902306VK3810D,1,0,0,66,0
1902309VK3810D,1,0,0,71,0
1203802VK3810C,1,0,0,4,0
1402504VK3810D,1,0,0,254,0
1200608VK3810A,1,0,0,8,0
9711709VK2891B,1,0,0,181,0
9711708VK2891B,1,0,0,171,0
9512504VK2891D,1,0,0,144,0
0010909VK3801A,1,0,0,51,0
0010911VK3801A,1,0,0,38,0
0010912VK3801A,1,0,0,124,0
0109804VK3800G,1,0,0,60,0
0508504VK3800H,1,0,0,99,0
0407503VK3800G,1,0,0,78,0
0407506VK3800G,1,0,0,762,0
0707713VK3800F,1,0,0,40,0
1004908VK3810C,1,0,0,73,0
9509133VK2890H,1,0,0,17,0
9209702VK2890G,1,0,0,17,0
9209705VK2890G,1,0,0,22,0
9208501VK2890G,1,0,0,7,0
9208507VK2890G,1,0,0,35,0
9208515VK2890G,1,0,0,23,0
9208521VK2890G,1,0,0,47,0
9208203VK2890G,1,0,0,33,0
9508104VK2890H,1,0,0,24,0
1007440VK3810G,1,0,0,520,0
1007425VK3810G,1,0,0,76,0
1404203VK3810C,1,0,0,111,0
1902305VK3810D,1,0,0,93,0
9711704VK2891B,1,0,0,58,0
0109805VK3800G,1,0,0,118,0
0508515VK3800H,1,0,0,121,0
0707711VK3800F,1,0,0,726,0
0806610VK3800F,1,0,0,65,0
1004907VK3810C,1,0,0,106,0
9608503VK2890H,1,0,0,30,0
9608532VK2890H,1,0,0,3,0
9209707VK2890G,1,0,0,14,0
9307503VK2890G,1,0,0,22,0
0206321VK3800E,1,0,0,25,0
0305401VK3800E,1,0,0,14,0
9507604VK2890H,1,0,0,22,0
1402503VK3810D,1,0,0,61,0
9410404VK2891A,1,0,0,162,0
9208508VK2890G,1,0,0,32,0
1203805VK3810C,1,0,0,51,0
0105301VK3800E,1,0,0,30,0
2001249VK3820A,1,0,0,73,0
1502803VK3810B,1,0,0,56,0
9212404VK2891C,1,0,0,64,0
3189215VK3738G,1,0,0,37,0
5491404VK3759A,1,0,0,65,0
5491401VK3759A,1,0,0,46,0
3389825VK3738G,1,0,0,4,0
3389803VK3738G,1,0,0,51,0
3188437VK3738G,1,0,0,16,0
3188413VK3738G,1,0,0,57,0
3196708VK3739E,1,0,0,523,0
3294801VK3739C,1,0,0,17,0
3494603VK3739C,1,0,0,45,0
3693607VK3739D,1,0,0,61,0
4880612VK3748B,1,0,0,6,0
4190603VK3749A,1,0,0,15,0
2987303VK3728H,1,0,0,23,0
5184816VK3758C,1,0,0,6,0
4587455VK3748H,1,0,0,41,0
4194328VK3749C,1,0,0,8,0
3582807VK3738B,1,0,0,4,0
4187106VK3748E,1,0,0,20,0
4186901VK3748E,1,0,0,7,0
3092522VK3739C,1,0,0,33,0
4981212VK3748B,1,0,0,5,0
3082501VK3738C,1,0,0,9,0
3082112VK3738A,1,0,0,5,0
4188962VK3748G,1,0,0,25,0
4188963VK3748G,1,0,0,14,0
3082711VK3738C,1,0,0,10,0
3082712VK3738C,1,0,0,2,0
41889B5VK3748G,1,0,0,29,0
2789803VK3728H,1,0,0,2,0
4188975VK3748G,1,0,0,15,0
4093605VK3749C,1,0,0,37,0
4790704VK3749B,1,0,0,53,0
4790709VK3749B,1,0,0,38,0
3582301VK3738D,1,0,0,4,0
3582309VK3738D,1,0,0,4,0
4587452VK3748H,1,0,0,218,0
4587454VK3748H,1,0,0,312,0
3882744VK3738B,1,0,0,51,0
3882745VK3738B,1,0,0,42,0
3080604VK3738A,1,0,0,9,0
3080612VK3738A,1,0,0,9,0
4081109VK3748A,1,0,0,22,0
4989130VK3748H,1,0,0,32,0
3389820VK3738H,1,0,0,24,0
3082103VK3738A,1,0,0,5,0
3081714VK3738A,1,0,0,12,0
2990649VK3729B,1,0,0,4,0
4693423VK3749D,1,0,0,32,0
4693436VK3749D,1,0,0,23,0
4693445VK3749D,1,0,0,29,0
2692201VK3729B,9,0,0,292,0
2893101VK3729D,5,0,0,68,0
4790733VK3749B,1,0,0,27,0
3793808VK3739D,8,0,0,234,0
2693541VK3729D,1,0,0,6,0
2693547VK3729D,1,0,0,6,0
2897729VK3729F,1,0,0,51,0
4293714VK3749C,1,0,0,26,0
4693455VK3749D,1,0,0,16,0
4693413VK3749D,2,0,0,40,0
4581204VK3748B,1,0,0,3,0
4581901VK3748B,1,0,0,5,0
4681201VK3748B,1,0,0,32,0
2990642VK3729B,1,0,0,23,0
2990644VK3729B,1,0,0,23,0
2990609VK3729B,1,0,0,23,0
2990654VK3729B,1,0,0,23,0
2990651VK3729B,1,0,0,23,0
2990616VK3729B,1,0,0,17,0
3188417VK3738G,1,0,0,22,0
4188917VK3748G,1,0,0,95,0
4188985VK3748G,1,0,0,35,0
4188986VK3748G,1,0,0,35,0
4781102VK3748B,1,0,0,24,0
4881202VK3748B,1,0,0,3,0
3188442VK3738G,1,0,0,18,0
3188443VK3738G,1,0,0,18,0
3188453VK3738G,1,0,0,29,0
3188456VK3738G,1,0,0,4,0
3188477VK3738G,1,0,0,40,0
4188936VK3748G,1,0,0,5,0
4188944VK3748G,1,0,0,5,0
2891703VK3729B,1,0,0,51,0
3091308VK3739A,1,0,0,4,0
3091304VK3739A,1,0,0,41,0
3286501VK3738E,28,0,0,56,0
4288604VK3748H,1,0,0,3,0
4880407VK3748B,1,0,0,8,0
4288607VK3748H,1,0,0,36,0
3188466VK3738G,1,0,0,63,0
2982502VK3728D,1,0,0,13,0
3282105VK3738A,1,0,0,5,0
3282112VK3738A,1,0,0,15,0
3589108VK3738H,1,0,0,2,0
4880609VK3748B,1,0,0,2,0
41889B4VK3748G,1,0,0,13,0
3282114VK3738A,1,0,0,5,0
3481101VK3738A,1,0,0,5,0
3481107VK3738A,1,0,0,5,0
3482101VK3738A,17,0,0,294,0
3187114VK3738E,1,0,0,41,0
3187116VK3738E,1,0,0,41,0
3389828VK3738G,1,0,0,14,0
4981211VK3748B,1,0,0,5,0
4190610VK3749A,1,0,0,15,0
4980214VK2748B,1,0,0,10,0
4980207VK2748B,1,0,0,8,0
4981902VK3748B,1,0,0,2,0
2886607VK3728F,1,0,0,27,0
2790801VK3729B,1,0,0,17,0
2790813VK3729B,1,0,0,60,0
2790835VK3729B,1,0,0,31,0
2790818VK3729B,1,0,0,21,0
3389811VK3738G,1,0,0,12,0
3384208VK3738C,1,0,0,34,0
3290522VK3739A,1,0,0,43,0
3191922VK3739A,1,0,0,4,0
2886626VK3728F,1,0,0,14,0
2886642VK3728F,1,0,0,39,0
2790823VK3729B,1,0,0,26,0
2897702VK3729F,1,0,0,61,0
3194506VK3739C,1,0,0,82,0
3194509VK3739C,1,0,0,34,0
3292517VK3739C,1,0,0,3,0
3292515VK3739C,1,0,0,3,0
3092525VK3739C,1,0,0,24,0
3092511VK3739C,1,0,0,17,0
3191914VK3739A,1,0,0,12,0
3191938VK3739A,1,0,0,10,0
4991201VK4749B,1,0,0,45,0
5181705VK3758A,1,0,0,7,0
5184814VK3758C,1,0,0,31,0
3687706VK3738F,1,0,0,19,0
3687709VK3738F,1,0,0,9,0
3293608VK3739C,1,0,0,7,0
3394726VK3739C,3,0,0,24,0
3394727VK3739C,1,0,0,28,0
3394728VK3739C,1,0,0,36,0
3191906VK3739A,1,0,0,11,0
3092528VK3739C,1,0,0,40,0
3092529VK3739C,1,0,0,3,0
3092532VK3739C,1,0,0,8,0
4293707VK3749C,1,0,0,35,0
5382303VK3758C,1,0,0,46,0
5184817VK3758C,1,0,0,6,0
4183301VK3748C,1,0,0,4,0
3887101VK3738F,1,0,0,5,0
5180202VK3758A,1,0,0,3,0
3887108VK3738F,1,0,0,2,0
3887110VK3738F,1,0,0,2,0
4093604VK4849C,0,0,1,0,61
4193410VK3749C,1,0,0,188,0
3496406VK3739E,1,0,0,73,0
4184720VK3748C,1,0,0,8,0
4184701VK3748C,1,0,0,5,0
4284102VK3748C,1,0,0,10,0
4284104VK3748C,1,0,0,5,0
4284108VK3748C,1,0,0,19,0
4283905VK3748C,1,0,0,6,0
4284811VK3748C,1,0,0,5,0
5182704VK3758A,1,0,0,10,0
3687740VK3738F,1,0,0,3,0
3687739VK3738F,1,0,0,1,0
5181702VK3758A,1,0,0,4,0
3493804VK3739C,1,0,0,2,0
3494601VK3739C,1,0,0,21,0
3494616VK3739C,1,0,0,23,0
3494610VK3739C,1,0,0,35,0
3895203VK3729F,1,0,0,109,0
4284703VK3748C,1,0,0,3,0
4383306VK3748C,1,0,0,4,0
4383307VK3748C,1,0,0,5,0
4383311VK3748C,1,0,0,6,0
4283602VK3748C,1,0,0,3,0
4283608VK3748C,1,0,0,5,0
4283601VK3748C,1,0,0,23,0
4383202VK3748C,1,0,0,3,0
4384702VK3748C,1,0,0,88,0
4587402VK3748H,1,0,0,78,0
4587401VK3748H,1,0,0,89,0
5181711VK3758A,1,0,0,23,0
5281109VK3758A,1,0,0,1,0
2988804VK3728H,1,0,0,35,0
5282806VK3758A,1,0,0,31,0
5282806VK4758A,1,0,0,18,0
3593715VK3739D,1,0,0,19,0
3095909VK3739E,1,0,0,116,0
4383908VK3748C,1,0,0,3,0
4587467VK3748H,1,0,0,66,0
4587469VK3748H,1,0,0,63,0
4587411VK3748H,1,0,0,64,0
4587412VK3748H,1,0,0,204,0
4587443VK3748H,1,0,0,380,0
4587421VK3748H,1,0,0,79,0
4587432VK3748H,1,0,0,52,0
5282809VK3758A,1,0,0,4,0
5282809VK4758A,1,0,0,10,0
5282811VK3758A,1,0,0,6,0
5381203VK3758A,1,0,0,27,0
3892814VK3739B,1,0,0,28,0
4989113VK3748H,2,0,0,44,0
4989119VK3748H,1,0,0,74,0
4483312VK3748C,1,0,0,1,0
5381206VK3758A,1,0,0,22,0
3688501VK3738H,1,0,0,32,0
4381909VK3748A,1,0,0,5,0
4381906VK3748A,1,0,0,21,0
3688512VK3738H,1,0,0,40,0
4381901VK3748A,1,0,0,18,0
3688503VK3738H,1,0,0,45,0
4381504VK3748A,1,0,0,2,0
3791107VK3739B,1,0,0,148,0
4590304VK3749B,2,0,0,611,0
4590314VK3749B,1,0,0,35,0
4590318VK3749B,1,0,0,89,0
3777921VK3737H,1,0,0,14,0
4483908VK3748C,1,0,0,11,0
4381711VK3748B,1,0,0,16,0
3992204VK3739B,1,0,0,140,0
3682102VK3738B,1,0,0,14,0
3682110VK3738B,1,0,0,4,0
3682117VK3738B,1,0,0,4,0
4286909VK3748E,1,0,0,3,0
4286904VK3748E,1,0,0,3,0
4286903VK3748E,1,0,0,3,0
4583103VK3748D,1,0,0,76,0
4582510VK3748C,1,0,0,10,0
4582515VK3748C,1,0,0,10,0
4481808VK3748A,1,0,0,19,0
3890209VK3739B,1,0,0,23,0
4091112VK3749A,1,0,0,242,0
3993705VK3739D,1,0,0,3,0
3993703VK3739D,11,0,0,190,0
4194313VK3749C,1,0,0,29,0
4286901VK3748E,1,0,0,3,0
4286921VK3748E,1,0,0,3,0
4582501VK3748C,1,0,0,5,0
4683802VK3748D,1,0,0,8,0
4682403VK3748D,1,0,0,4,0
4782408VK3748B,1,0,0,8,0
4783807VK3748D,1,0,0,7,0
3791105VK3739B,1,0,0,57,0
4394510VK3749C,1,0,0,45,0
4394513VK3749C,1,0,0,49,0
4391462VK3749A,1,0,0,39,0
4391479VK3749A,1,0,0,30,0
2986417VK3728F,1,0,0,1,0
4982301VK3748D,1,0,0,2,0
3882706VK3738B,1,0,0,48,0
3882707VK3738B,1,0,0,18,0
3882713VK3738B,1,0,0,18,0
3882718VK3738B,1,0,0,18,0
3882724VK3738B,1,0,0,18,0
2789820VK3728H,1,0,0,11,0
2789823VK3728H,1,0,0,11,0
2888413VK3728H,1,0,0,47,0
4391483VK3749A,1,0,0,14,0
4391411VK3749A,1,0,0,33,0
4391409VK3749A,1,0,0,27,0
3887116VK3738F,1,0,0,44,0
3887123VK3738F,1,0,0,20,0
4692707VK3749B,4,0,0,112,0
3188487VK3738G,1,0,0,16,0
3188490VK3738G,1,0,0,15,0
2789833VK3728H,1,0,0,3,0
3582406VK3738D,1,0,0,7,0
5290805VK3759B,1,0,0,96,0
5290812VK3759B,1,0,0,32,0
5490803VK3759B,1,0,0,92,0
3487906VK3738E,1,0,0,30,0
4681105VK3748B,1,0,0,22,0
4681907VK3748B,1,0,0,4,0
4991214VK4749B,1,0,0,3,0
41889C5VK3748G,1,0,0,286,0
4294417VK3749C,1,0,0,6,0
3693601VK3739D,1,0,0,54,0
4983803VK3748D,1,0,0,18,0
5184823VK3758C,1,0,0,32,0
2886611VK3728F,1,0,0,2,0
2886620VK3728F,1,0,0,1,0
3687744VK3738F,1,0,0,1,0
2891736VK3729B,1,0,0,36,0
4590335VK3749B,2,0,0,66,0
2790839VK3729B,1,0,0,32,0
4391448VK3749A,2,0,0,74,0
3983807VK3738D,1,0,0,17,0
4989110VK3748H,2,0,0,44,0
4989108VK3748H,2,0,0,64,0
4084707VK3748C,1,0,0,5,0
2990628VK3729B,1,0,0,18,0
2990638VK3729B,1,0,0,25,0
4183307VK3748C,1,0,0,5,0
4188956VK3748G,1,0,0,13,0
41889A5VK3748G,1,0,0,24,0
4381904VK3748A,1,0,0,3,0
4383314VK3748C,1,0,0,3,0
3188468VK3738G,1,0,0,72,0
4582513VK3748C,1,0,0,4,0
3589120VK3738H,1,0,0,8,0
5191908VK3759A,1,0,0,47,0
3587707VK3738F,1,0,0,85,0
2696802VK3729F,1,0,0,58,0
2897720VK3729F,1,0,0,68,0
3496430VK3739E,1,0,0,24,0
3394760VK3739C,1,0,0,9,0
4790720VK3749B,1,0,0,52,0
2891741VK3729B,1,0,0,27,0
5184829VK3758C,1,0,0,21,0
4790717VK3749B,1,0,0,30,0
5382308VK3758C,1,0,0,32,0
5382309VK3758C,1,0,0,50,0
73231D6VK3772C,1,0,0,2,0
73231F8VK3772C,1,0,0,9,0
8030224VK3783A,1,0,0,23,0
7130206VK3773A,1,0,0,123,0
7029432VK3772G,1,0,0,326,0
7325587VK3772E,1,0,0,10,0
8140609VK3784A,1,0,0,143,0
7832620VK3773B,1,0,0,34,0
8140610VK3784A,1,0,0,41,0
8340105VK3784A,1,0,0,135,0
8237603VK3783E,2,0,0,100,0
8039707VK3783G,1,0,0,75,0
7634923VK3773D,2,0,0,52,0
7938326VK3773H,1,0,0,76,0
7938502VK3773H,1,0,0,85,0
7938519VK3773H,1,0,0,43,0
7233202VK3773C,1,0,0,114,0
7635609VK3773F,1,0,0,63,0
7832609VK3773B,1,0,0,34,0
7832617VK3773B,1,0,0,34,0
7537404VK3773F,1,0,0,96,0
7431209VK3773A,1,0,0,152,0
6227215VK3762G,1,0,0,8,0
6830304VK3763B,1,0,0,113,0
6730703VK3763B,1,0,0,122,0
6227115VK3762E,1,0,0,17,0
6227113VK3762E,1,0,0,17,0
6227203VK3762G,1,0,0,10,0
6227205VK3762G,1,0,0,10,0
7133101VK3773C,1,0,0,43,0
5522535VK3752D,0,0,1,0,77
6209502VK3760G,0,0,1,0,150
6117711VK4861G,1,0,0,102,0
6117713VK4861G,1,0,0,45,0
3922607VK3732B,1,0,0,35,0
4620904VK3742B,1,0,0,218,0
4421206VK3742A,1,0,0,12,0
2701309VK3720B,1,0,0,4,0
2601803VK3720B,1,0,0,3,0
2601806VK3720B,1,0,0,1,0
2601814VK3720B,1,0,0,1,0
2500506VK3720B,1,0,0,4,0
4223220VK3742C,1,0,0,6,0
3922608VK3732B,1,0,0,31,0
45091A3VK3740H,1,0,0,4,0
4509158VK3740H,0,0,1,0,288
4004907VK4840C,1,0,0,42,0
4204414VK3740C,0,0,1,0,117
4799525VK3649H,1,0,0,11,0
4004917VK4840C,1,0,0,12,0
5205206VK3750E,1,0,0,97,0
5204920VK3750C,1,0,0,52,0
4033928VK4743C,1,0,0,9,0
4033929VK4743C,1,0,0,22,0
5228796VK4752G,1,0,0,27,0
5929334VK4752H,0,0,1,0,83
4959806VK4745H,1,0,0,32,0
4961907VK4746B,0,1,0,184,0
4748701VK4744H,0,0,1,0,101
5160420VK4756A,1,0,0,470,0
4551304VK4745B,0,1,0,128,0
4759617VK4745H,1,0,0,207,0
5559510VK4755H,1,0,0,26,0
6449311VK4764G,0,0,2,0,92
5462916VK4756A,1,0,0,170,0
5757808VK4755F,1,0,0,33,0
5863310VK4756D,1,0,0,57,0
5463617VK4756C,1,0,0,175,0
5468615VK4756G,1,0,0,83,0
5468104VK4756G,1,0,0,82,0
5266110VK4756E,1,0,0,74,0
5568614VK4756H,1,0,0,222,0
5265706VK4756E,1,0,0,156,0
5370859VK4757A,1,0,0,8,0
5476128VK4757E,1,0,0,27,0
5874810VK4757D,1,0,0,14,0
5277904VK4757E,1,0,0,77,0
5178509VK4757G,1,0,0,509,0
5277901VK4757E,1,0,0,541,0
4884001VK4848D,1,0,0,247,0
4284503VK4848C,1,0,0,41,0
4583401VK4848D,5,0,0,143,0
3991414VK4839B,1,0,0,24,0
4390725VK4849A,1,0,0,35,0
3014801VK4831C,6,0,0,54,0
3604403VK4830D,1,0,0,1072,0
3700406VK4830B,1,0,0,28,0
8584018VK4788D,1,0,0,1,0
8584020VK4788D,1,0,0,1,0
8482321VK4788C,1,0,0,27,0
8281909VK4788A,1,0,0,30,0
7884503VK4778F,1,0,0,26,0
8084204VK4788C,1,0,0,18,0
8185004VK4788E,1,0,0,66,0
8185014VK4788E,1,0,0,13,0
8185007VK4788E,1,0,0,15,0
8183904VK4788C,1,0,0,10,0
8086113VK4788E,1,0,0,13,0
8283815VK4788C,1,0,0,36,0
8182007VK4788A,1,0,0,16,0
8182005VK4788A,1,0,0,33,0
8084011VK4788C,1,0,0,41,0
8086115VK4788E,1,0,0,26,0
8086117VK4788E,1,0,0,23,0
8383423VK4788C,1,0,0,24,0
8383420VK4788C,1,0,0,62,0
8383633VK4788C,1,0,0,21,0
7884514VK4778D,1,0,0,20,0
7884508VK4778D,1,0,0,18,0
7884510VK4778D,1,0,0,12,0
8182619VK4788C,1,0,0,20,0
8086146VK4788E,1,0,0,19,0
8086141VK4788E,1,0,0,43,0
8086145VK4788E,1,0,0,24,0
8185024VK4788E,1,0,0,22,0
8084018VK4788C,1,0,0,26,0
8084023VK4788C,1,0,0,1,0
8383429VK4788C,1,0,0,27,0
8185006VK4788E,1,0,0,23,0
8185021VK4788E,1,0,0,17,0
7282423VK4778C,1,0,0,39,0
7282424VK4778C,1,0,0,20,0
7282426VK4778C,1,0,0,114,0
7282427VK4778C,1,0,0,55,0
7282422VK4778C,1,0,0,99,0
8584004VK4788D,1,0,0,1,0
7282421VK4778C,1,0,0,33,0
7383809VK4778C,1,0,0,14,0
7383815VK4778C,1,0,0,14,0
7383816VK4778C,1,0,0,14,0
7383823VK4778C,1,0,0,14,0
6485030VK4768E,1,0,0,138,0
4988204VK4748H,1,0,0,22,0
4988211VK4748H,1,0,0,27,0
60920K2VK4759B,1,0,0,151,0
6691917VK4769B,1,0,0,82,0
6092058VK4759B,1,0,0,35,0
6988007VK4768H,1,0,0,28,0
7087301VK4778G,1,0,0,13,0
4985402VK4748F,1,0,0,21,0
60920B3VK4759B,1,0,0,52,0
60920B4VK4759B,1,0,0,143,0
6092036VK4759B,1,0,0,15,0
6092039VK4759B,1,0,0,22,0
60920B2VK4759B,1,0,0,52,0
4985425VK4748F,1,0,0,18,0
4984418VK4748D,1,0,0,13,0
4984419VK4748D,1,0,0,11,0
5686006VK4758F,1,0,0,193,0
5686016VK4758F,1,0,0,77,0
4987707VK4748F,1,0,0,24,0
60920D4VK4759B,1,0,0,35,0
60920H1VK4759B,1,0,0,12,0
60920F7VK4759B,1,0,0,19,0
60920F5VK4759B,1,0,0,14,0
60920F3VK4759B,1,0,0,14,0
60920F2VK4759B,1,0,0,21,0
5484054VK4758D,1,0,0,62,0
5484016VK4758D,1,0,0,66,0
5484017VK4758D,1,0,0,35,0
5484088VK4758D,1,0,0,45,0
6092019VK4759B,1,0,0,55,0
6092026VK4759B,1,0,0,15,0
60920B8VK4759B,1,0,0,24,0
5992003VK4759B,1,0,0,35,0
5992019VK4759B,1,0,0,63,0
5484086VK4758D,1,0,0,49,0
5484022VK4758D,1,0,0,27,0
5484018VK4758D,1,0,0,36,0
5484039VK4758D,1,0,0,21,0
5484008VK4758D,1,0,0,48,0
4787503VK4748H,1,0,0,32,0
4788404VK4748H,1,0,0,18,0
5185310VK4758E,1,0,0,25,0
5185315VK4758E,1,0,0,17,0
5185316VK4758E,1,0,0,29,0
5186903VK4758E,1,0,0,19,0
5186909VK4758E,1,0,0,35,0
5186923VK4758E,1,0,0,17,0
5992016VK4759B,1,0,0,26,0
5992021VK4759B,1,0,0,19,0
6391217VK4769A,1,0,0,17,0
5783003VK4758D,1,0,0,40,0
5783050VK4758D,1,0,0,35,0
5386016VK4758E,1,0,0,20,0
4788607VK4748H,1,0,0,11,0
5187205VK4758E,1,0,0,12,0
5187206VK4758E,1,0,0,30,0
6391220VK4769A,1,0,0,48,0
5187220VK4758E,1,0,0,12,0
5486308VK4758E,1,0,0,77,0
60920C4VK4759B,1,0,0,250,0
6190936VK4769A,1,0,0,23,0
5085105VK4758E,1,0,0,17,0
4984412VK4748D,1,0,0,12,0
4986609VK4748F,1,0,0,13,0
5985007VK4758F,1,0,0,64,0
6085026VK4758F,1,0,0,51,0
6092096VK4759B,1,0,0,36,0
6092087VK4759B,1,0,0,33,0
6092086VK4759B,1,0,0,28,0
6092084VK4759B,1,0,0,40,0
6092095VK4759B,1,0,0,63,0
6085027VK4758F,1,0,0,148,0
6085044VK4758F,1,0,0,21,0
6485003VK4768E,1,0,0,120,0
6386937VK4768E,1,0,0,25,0
6485040VK4768E,1,0,0,40,0
6485005VK4768E,1,0,0,55,0
6683049VK4768F,1,0,0,80,0
5987301VK4768G,1,0,0,78,0
5987309VK4768G,1,0,0,36,0
5987325VK4768G,1,0,0,765,0
5987331VK4768G,1,0,0,31,0
5783057VK4758D,1,0,0,141,0
5484052VK4758D,1,0,0,57,0
5484005VK4758D,1,0,0,34,0
5484053VK4758D,1,0,0,47,0
5484047VK4758D,1,0,0,28,0
6386921VK4768E,1,0,0,70,0
6386929VK4768E,1,0,0,62,0
6386926VK4768E,1,0,0,280,0
6092067VK4759B,1,0,0,52,0
6092073VK4759B,1,0,0,25,0
6683017VK4768F,1,0,0,26,0
6683019VK4768F,1,0,0,55,0
6683024VK4768F,1,0,0,43,0
6683025VK4768F,1,0,0,39,0
6683032VK4768F,1,0,0,63,0
6683066VK4768F,1,0,0,36,0
6683068VK4768F,1,0,0,78,0
6683069VK4768F,1,0,0,31,0
6683076VK4768F,1,0,0,58,0
6487235VK4768G,1,0,0,64,0
6485017VK4768E,1,0,0,35,0
6491911VK4769A,1,0,0,24,0
6789131VK4768H,1,0,0,72,0
6789138VK4768H,1,0,0,55,0
6789137VK4768H,1,0,0,56,0
6890002VK4769B,1,0,0,15,0
6890005VK4769B,1,0,0,32,0
6890009VK4769B,1,0,0,32,0
6890020VK4769B,1,0,0,18,0
6890027VK4769B,1,0,0,58,0
6890029VK4769B,1,0,0,21,0
5287903VK4758E,1,0,0,17,0
6890036VK4769B,1,0,0,15,0
6590506VK4769B,1,0,0,26,0
6590511VK4769B,1,0,0,16,0
6590520VK4769B,1,0,0,15,0
6590525VK4769B,1,0,0,12,0
5287910VK4758E,1,0,0,27,0
6285010VK4768C,1,0,0,48,0
6085046VK4758F,1,0,0,29,0
6085023VK4758F,1,0,0,28,0
6987403VK4778G,1,0,0,19,0
7087305VK4778G,1,0,0,13,0
7087310VK4778G,1,0,0,13,0
6190904VK4769A,1,0,0,29,0
6588611VK4768H,1,0,0,40,0
5987345VK4768G,1,0,0,20,0
6487247VK4768G,1,0,0,18,0
5185323VK4758E,1,0,0,22,0
4988218VK4748H,1,0,0,68,0
6092056VK4759B,1,0,0,20,0
5484073VK4758D,1,0,0,48,0
6085031VK4758F,1,0,0,67,0
6085004VK4758F,1,0,0,29,0
6485014VK4768E,1,0,0,252,0
6487210VK4768G,1,0,0,72,0
4788617VK4748H,1,0,0,61,0
6691903VK4769B,1,0,0,13,0
6092015VK4759B,1,0,0,32,0
6590519VK4769B,1,0,0,15,0
5484049VK4758D,1,0,0,28,0
6386931VK4768E,1,0,0,38,0
6190903VK4769A,1,0,0,49,0
6789146VK4768H,1,0,0,92,0
4986614VK4748F,1,0,0,9,0
5085124VK4758E,1,0,0,68,0
6485058VK4768E,1,0,0,22,0
5783054VK4758D,1,0,0,13,0
6485076VK4768E,1,0,0,50,0
6085051VK4758F,1,0,0,66,0
5783061VK4758D,1,0,0,30,0
6386946VK4768E,1,0,0,25,0
5783063VK4758D,1,0,0,47,0
54840B5VK4758D,1,0,0,19,0
4592731VK4749D,1,0,0,21,0
4593203VK4749D,0,0,1,0,204
4897437VK4749H,1,0,0,10,0
4898504VK4749H,1,0,0,43,0
5291205VK4759A,1,0,0,14,0
4595911VK4749F,1,0,0,41,0
5292422VK4759C,1,0,0,5,0
5097204VK4759G,1,0,0,1,0
4695203VK4749F,1,0,0,3,0
4695208VK4749F,1,0,0,26,0
4695214VK4749F,1,0,0,56,0
4989611VK4748H,1,0,0,3,0
5098407VK4759G,1,0,0,45,0
5296902VK4759E,1,0,0,127,0
4991232VK4749B,1,0,0,33,0
4991233VK4749B,1,0,0,35,0
4798811VK4749H,1,0,0,22,0
5189204VK4758G,1,0,0,32,0
5489410VK4758G,1,0,0,4,0
5190101VK4759A,1,0,0,20,0
5190308VK4759A,1,0,0,5,0
5190311VK4759A,1,0,0,33,0
5190317VK4759A,1,0,0,39,0
4394101VK4749C,1,0,0,25,0
4394103VK4749C,3,0,0,54,0
5193602VK4759C,1,0,0,3,0
4493210VK4749C,1,0,0,12,0
4999904VK4749H,1,0,0,24,0
4890901VK4749B,1,0,0,16,0
4893103VK4749D,1,0,0,6,0
4893106VK4749D,1,0,0,6,0
4893116VK4749D,1,0,0,6,0
4893121VK4749D,1,0,0,6,0
5199202VK4759G,1,0,0,19,0
5199210VK4759G,1,0,0,110,0
4893138VK4749D,1,0,0,6,0
6500301VK4860A,2,0,0,163,0
4592109VK4749B,1,0,0,18,0
4592707VK4749D,1,0,0,134,0
4592713VK4749D,4,0,0,64,0
4592714VK4749D,1,0,0,20,0
4897431VK4749H,2,0,0,148,0
5091506VK4759A,1,0,0,139,0
4889221VK4748H,1,0,0,15,0
4594903VK4749D,1,0,0,10,0
4592137VK4749B,1,0,0,163,0
4791922VK4749B,1,0,0,34,0
4997712VK4749F,1,0,0,39,0
4990429VK4749B,1,0,0,26,0
4695215VK4749F,1,0,0,14,0
4592135VK4749B,1,0,0,34,0
4893129VK4749D,1,0,0,6,0
4998404VK4749H,1,0,0,153,0
5190312VK4759A,1,0,0,91,0
5294995VK4759E,1,0,0,5,0
4690327VK4749B,1,0,0,12,0
4200056VK4840C,1,0,0,20,0
4001506VK4840A,1,0,0,14,0
4001509VK4840A,1,0,0,18,0
4001513VK4840A,1,0,0,11,0
4200053VK4840C,1,0,0,31,0
3900903VK4830B,1,0,0,17,0
4200043VK4840C,1,0,0,34,0
3999203VK4739H,1,0,0,29,0
3999208VK4739H,1,0,0,34,0
4200010VK4840C,1,0,0,11,0
4200011VK4840C,1,0,0,14,0
5807928VK4850H,1,0,0,28,0
4801706VK4840B,1,0,0,24,0
4802107VK4840B,1,0,0,2,0
5002102VK4850A,1,0,0,16,0
5002807VK4850A,1,0,0,16,0
4200061VK4840C,1,0,0,40,0
4802110VK4840B,1,0,0,7,0
4900305VK4840B,1,0,0,13,0
4901208VK4840B,1,0,0,18,0
5610061VK4851A,1,0,0,18,0
4802150VK4840B,1,0,0,39,0
4802148VK4840B,1,0,0,15,0
40129F2VK4831D,1,0,0,4,0
4307701VK4840E,1,0,0,1414,0
3805820VK4830F,1,0,0,16,0
3805807VK4830F,1,0,0,42,0
3804210VK4830D,1,0,0,13,0
3804610VK4830D,1,0,0,14,0
3904310VK4830D,1,0,0,25,0
3904317VK4830D,1,0,0,19,0
4005210VK4840E,1,0,0,31,0
4005218VK4840E,1,0,0,38,0
4005230VK4840E,1,0,0,67,0
3803902VK4830D,1,0,0,24,0
3803905VK4830D,1,0,0,36,0
3903508VK4830D,1,0,0,21,0
3903512VK4830D,1,0,0,26,0
4103906VK4840C,1,0,0,24,0
4103919VK4840C,1,0,0,21,0
4103921VK4840C,1,0,0,31,0
6115513VK4861E,1,0,0,10,0
6115516VK4861E,1,0,0,10,0
6419003VK4861G,1,0,0,32,0
6316606VK4861E,1,0,0,37,0
6517123VK4861F,1,0,0,23,0
6717210VK4861F,1,0,0,36,0
6516202VK4861F,1,0,0,21,0
6415901VK4861E,1,0,0,36,0
6514303VK4861D,1,0,0,50,0
6540308VK4864B,1,0,0,38,0
6441902VK4864A,1,0,0,31,0
6540310VK4864B,1,0,0,34,0
6440304VK4864A,1,0,0,42,0
6540319VK4864B,1,0,0,28,0
6811212VK4861B,1,0,0,18,0
6811708VK4861B,1,0,0,12,0
6811719VK4861B,1,0,0,3,0
6811713VK4861B,1,0,0,14,0
6810209VK4860H,1,0,0,2,0
6809410VK4861B,1,0,0,7,0
6218606VK4861G,1,0,0,17,0
6514310VK4861D,1,0,0,2,0
6913926VK4861D,1,0,0,92,0
6810223VK4860H,1,0,0,19,0
6810232VK4860H,1,0,0,20,0
6913801VK4861D,1,0,0,18,0
6317807VK4861E,1,0,0,35,0
6317829VK4861E,1,0,0,2,0
6214606VK4861C,1,0,0,5,0
6214629VK4861C,1,0,0,5,0
6214616VK4861C,1,0,0,5,0
6214612VK4861C,1,0,0,4,0
6315417VK4861E,1,0,0,1,0
6909123VK4860H,1,0,0,1,0
6415614VK4861E,1,0,0,28,0
6315406VK4861E,1,0,0,1,0
6315409VK4861E,1,0,0,1,0
6913943VK4861B,1,0,0,25,0
6913943VK4861D,1,0,0,15,0
6115545VK4861E,1,0,0,1,0
6115551VK4861E,1,0,0,1,0
6215509VK4861E,1,0,0,32,0
6717220VK4861F,1,0,0,11,0
6812719VK4861B,1,0,0,20,0
6214634VK4861C,1,0,0,17,0
6214635VK4861C,1,0,0,17,0
6214637VK4861C,1,0,0,17,0
6214640VK4861C,1,0,0,17,0
6214645VK4861C,1,0,0,17,0
7007215VK4870E,1,0,0,18,0
6418901VK4861G,1,0,0,11,0
6809427VK4861B,1,0,0,24,0
6317313VK4861G,1,0,0,35,0
6913949VK4861D,1,0,0,22,0
6544202VK4864C,8,0,0,238,0
6442501VK4864C,28,0,0,768,0
6218001VK4861G,1,0,0,402,0
6316605VK4861E,1,0,0,13,0
6139601VK4861G,1,0,0,49,0
6139602VK4861G,1,0,0,32,0
6139616VK4861G,1,0,0,29,0
6415605VK4861E,1,0,0,32,0
6416802VK4861E,1,0,0,25,0
7011123VK4871A,1,0,0,21,0
7011106VK4871A,1,0,0,24,0
6913915VK4861D,1,0,0,2,0
6219307VK4861G,1,0,0,32,0
6418913VK4861G,1,0,0,4,0
7007203VK4870E,1,0,0,3,0
6418908VK4861G,1,0,0,18,0
6317803VK4861E,1,0,0,32,0
6217206VK4861E,1,0,0,20,0
6316805VK4861E,1,0,0,19,0
6316801VK4861E,1,0,0,16,0
6319512VK4861G,1,0,0,13,0
6319513VK4861G,1,0,0,13,0
6320625VK4862A,1,0,0,33,0
6320630VK4862A,1,0,0,15,0
6320617VK4862A,1,0,0,28,0
6220902VK4862A,1,0,0,7,0
6220913VK4862A,1,0,0,7,0
6218003VK4861G,1,0,0,267,0
6515502VK4861F,1,0,0,18,0
6416810VK4861E,1,0,0,7,0
6317314VK4861G,1,0,0,2,0
6419008VK4861G,1,0,0,18,0
6418926VK4861G,1,0,0,8,0
7013110VK4871C,5,0,0,22,0
6219120VK4861G,1,0,0,24,0
7011131VK4871A,1,0,0,10,0
9464223VK3696C,1,0,0,94,0
9663902VK3696D,1,0,0,115,0
0367101VK4606E,1,0,0,13,0
9663806VK3696D,1,0,0,73,0
1156803VK4615E,1,0,0,230,0
1668105VK4616H,1,0,0,101,0
1172109VK4617A,1,0,0,47,0
0374202VK4607C,1,0,0,24,0
1172114VK4617A,1,0,0,54,0
8884244VK4688D,1,0,0,8,0
8884249VK4688D,1,0,0,8,0
8884251VK4688D,1,0,0,9,0
6494612VK4669C,1,0,0,213,0
0177645VK5607G,1,0,0,5,0
0177644VK5607G,1,0,0,3,0
0177641VK5607G,1,0,0,3,0
0276948VK5607E,1,0,0,2,0
0276955VK5607E,1,0,0,2,0
0276927VK5607E,1,0,0,2,0
7203314VK4770C,1,0,0,54,0
0276976VK5607E,1,0,0,1,0
8198805VK4689G,1,0,0,33,0
8096503VK4689E,1,0,0,15,0
8096505VK4689E,1,0,0,23,0
7685904VK4678F,1,0,0,44,0
7685906VK4678F,1,0,0,23,0
0700842DS1800F,1,0,0,43,0
7200704VK4770A,1,0,0,147,0
8884214VK4688D,1,0,0,35,0
8884216VK4688D,1,0,0,47,0
8884221VK4688D,1,0,0,29,0
8884224VK4688D,1,0,0,22,0
0480427VK5608A,1,0,0,21,0
0480428VK5608A,1,0,0,23,0
0480430VK5608A,1,0,0,4,0
8683945VK4688D,1,0,0,19,0
8683946VK4688D,1,0,0,24,0
8683953VK4688D,1,0,0,2,0
8683932VK4688D,1,0,0,2,0
8683937VK4688D,1,0,0,34,0
0483218VK5608C,1,0,0,21,0
9976737VK4697F,1,0,0,19,0
6296501VK4669E,1,0,0,3357,0
8096515VK4689E,1,0,0,18,0
8096516VK4689E,1,0,0,19,0
0276967VK5607E,1,0,0,2,0
0276973VK5607E,1,0,0,2,0
0077140VK5607E,1,0,0,24,0
9379911VK4697G,1,0,0,43,0
9987312VK4698H,1,0,0,146,0
6794211VK4669D,1,0,0,150,0
7786245VK4678F,1,0,0,21,0
8299523VK4689G,1,0,0,32,0
8299524VK4689G,1,0,0,15,0
8299541VK4689G,1,0,0,32,0
8299542VK4689G,1,0,0,32,0
0379541VK5607G,1,0,0,18,0
0177621VK5607G,1,0,0,3,0
0379543VK5607G,1,0,0,18,0
0379554VK5607G,1,0,0,20,0
0177616VK5607G,1,0,0,3,0
8096116VK4689E,1,0,0,26,0
0379517VK5607G,1,0,0,5,0
0379529VK5607G,1,0,0,5,0
0379533VK5607G,1,0,0,5,0
0379534VK5607G,1,0,0,5,0
0276920VK5607E,1,0,0,26,0
8299515VK4689G,1,0,0,23,0
0276921VK5607E,1,0,0,17,0
9976735VK4697F,1,0,0,18,0
2225769VK5722E,1,0,0,3,0
8728119VK4782H,1,0,0,292,0
7929502VK4772H,1,0,0,134,0
7929720VK4772H,1,0,0,147,0
8529107VK4782H,0,0,2,0,234
0200002DS1900D,1,0,0,7,0
3725502VK5732F,1,0,0,9,0
3725504VK5732F,1,0,0,9,0
3724602VK5732D,1,0,0,6,0
3724617VK5732D,1,0,0,6,0
3724618VK5732D,1,0,0,6,0
3724620VK5732D,1,0,0,6,0
3724625VK5732D,1,0,0,6,0
3724636VK5732D,1,0,0,6,0
3724637VK5732D,1,0,0,6,0
3724640VK5732D,1,0,0,6,0
3724641VK5732D,1,0,0,6,0
3621927VK5732B,1,0,0,6,0
3621922VK5732B,1,0,0,6,0
3621920VK5732B,1,0,0,6,0
3621918VK5732B,1,0,0,6,0
3621912VK5732B,1,0,0,6,0
3621906VK5732B,1,0,0,6,0
3621904VK5732B,1,0,0,6,0
3727724VK5732F,1,0,0,38,0
3727722VK5732F,1,0,0,41,0
3727716VK5732F,1,0,0,40,0
3727715VK5732F,1,0,0,40,0
3727708VK5732F,1,0,0,40,0
3727704VK5732F,1,0,0,40,0
3519214VK5731H,1,0,0,5,0
3519228VK5731H,1,0,0,5,0
3519238VK5731H,1,0,0,5,0
3219612VK5731G,1,0,0,9,0
3219625VK5731G,1,0,0,9,0
2622640VK5722D,1,0,0,5,0
2622646VK5722D,1,0,0,5,0
2622648VK5722D,1,0,0,5,0
2622652VK5722D,1,0,0,5,0
2622665VK5722D,1,0,0,5,0
2622667VK5722D,1,0,0,5,0
2622633VK5722D,1,0,0,5,0
2622638VK5722D,1,0,0,5,0
2734621VK5723D,1,0,0,13,0
2622609VK5722D,1,0,0,5,0
2622611VK5722D,1,0,0,5,0
3319902VK5731G,1,0,0,9,0
3319903VK5731G,1,0,0,9,0
3319927VK5731G,1,0,0,9,0
3319928VK5731G,1,0,0,9,0
3319929VK5731G,1,0,0,9,0
3725506VK5732F,1,0,0,9,0
3725533VK5732F,1,0,0,9,0
3725544VK5732F,1,0,0,9,0
3319939VK5731G,1,0,0,9,0
3727536VK5732H,1,0,0,45,0
3727534VK5732H,1,0,0,4,0
3727531VK5732H,1,0,0,4,0
3727526VK5732H,1,0,0,4,0
3727523VK5732H,1,0,0,4,0
3727518VK5732H,1,0,0,4,0
3727515VK5732H,1,0,0,4,0
3727503VK5732H,1,0,0,4,0
3631439VK5733B,1,0,0,1,0
3631429VK5733B,1,0,0,1,0
3631430VK5733B,1,0,0,1,0
2933417VK5723D,1,0,0,2,0
2523965VK5722D,1,0,0,12,0
2523970VK5722D,1,0,0,11,0
2523971VK5722D,1,0,0,11,0
2523972VK5722D,1,0,0,11,0
2523979VK5722D,1,0,0,11,0
2523982VK5722D,1,0,0,11,0
8926543VK4782F,1,0,0,2,0
3434832VK5733C,1,0,0,13,0
3434833VK5733C,1,0,0,13,0
2934912VK5723D,1,0,0,11,0
2225758VK5722E,1,0,0,3,0
2225759VK5722E,1,0,0,3,0
2225760VK5722E,1,0,0,2,0
2225762VK5722E,1,0,0,2,0
2225765VK5722E,1,0,0,2,0
3727733VK5732F,1,0,0,38,0
3727731VK5732F,1,0,0,39,0
9131108VK4793A,0,0,1,0,86
8832946VK4783B,1,0,0,7,0
7871925VK4777B,1,0,0,25,0
7770411VK4777B,1,0,0,36,0
7769315VK4776H,1,0,0,3,0
7769324VK4776H,1,0,0,6,0
7769326VK4776H,1,0,0,6,0
7970106VK4777B,1,0,0,26,0
7970103VK4777B,1,0,0,27,0
7668902VK4776H,0,0,1,0,248
7768508VK4776H,1,0,0,25,0
7768509VK4776H,1,0,0,20,0
7768521VK4776H,1,0,0,6,0
7768523VK4776H,1,0,0,6,0
7869406VK4776H,1,0,0,29,0
7869401VK4776H,1,0,0,5,0
7869436VK4776H,1,0,0,29,0
7869434VK4776H,1,0,0,37,0
6868421VK4766H,0,0,1,0,56
7871920VK4777B,1,0,0,28,0
7871921VK4777B,1,0,0,28,0
6067609VK4766G,1,0,0,234,0
6067611VK4766E,1,0,0,155,0
6955771VK4765F,1,0,0,308,0
6167505VK4766G,1,0,0,28,0
7869417VK4776H,1,0,0,23,0
6166614VK4766E,1,0,0,55,0
7769328VK4776H,1,0,0,46,0
7769317VK4776H,1,0,0,47,0
7869439VK4776H,1,0,0,33,0
8045907VK4784E,1,0,0,63,0
8045911VK4784E,1,0,0,63,0
8045912VK4784E,1,0,0,63,0
8246108VK4784E,1,0,0,21,0
7744830VK4774D,1,0,0,1,0
7744852VK4774D,1,0,0,1,0
7744856VK4774D,1,0,0,1,0
7744805VK4774D,1,0,0,10,0
7744815VK4774D,1,0,0,18,0
8648814VK4784H,1,0,0,6,0
2074407VK5727C,1,0,0,2,0
2074409VK5727C,1,0,0,2,0
2073420VK5727C,1,0,0,21,0
1875404VK5717F,1,0,0,790,0
1974419VK5717D,1,0,0,22,0
2074401VK5727C,1,0,0,15,0
1774803VK5717D,1,0,0,11,0
1774806VK5717D,1,0,0,90,0
1771904VK5717B,1,0,0,12,0
9579802VK4797H,1,0,0,60,0
2079301VK5727G,1,0,0,416,0
2078909VK5727G,1,0,0,48,0
1579705VK5717H,1,0,0,3,0
1973423VK5717D,1,0,0,28,0
2174302VK5727C,1,0,0,23,0
1773821VK5717D,1,0,0,40,0
2073817VK5727C,1,0,0,24,0
1973810VK5717D,1,0,0,28,0
1674409VK5717D,1,0,0,18,0
1973421VK5717D,1,0,0,23,0
1779121VK5717H,1,0,0,8,0
1674710VK5715D,1,0,0,23,0
1674714VK5715D,1,0,0,37,0
1973419VK5717D,1,0,0,30,0
1675516VK5717F,1,0,0,29,0
1873825VK5717D,1,0,0,46,0
1578539VK5717H,1,0,0,7,0
1873418VK5717D,1,0,0,34,0
1672504VK5717D,1,0,0,18,0
8078512VK4787G,1,0,0,19,0
8179725VK4787G,1,0,0,18,0
7878910VK4777H,1,0,0,37,0
7877628VK4777F,1,0,0,1,0
8578315VK4787H,1,0,0,9,0
7976614VK4777F,0,0,1,0,362
7976609VK4777F,1,0,0,25,0
7976611VK4777F,1,0,0,12,0
8177102VK4787E,1,0,0,37,0
7475605VK4777E,1,0,0,15,0
7776805VK4777F,1,0,0,4,0
7776801VK4777F,1,0,0,12,0
8679707VK4787H,1,0,0,13,0
8578605VK4787H,1,0,0,17,0
8073424VK4787C,1,0,0,23,0
7778712VK4777H,1,0,0,26,0
7778119VK4777H,1,0,0,8,0
7677803VK4777F,1,0,0,29,0
7972929VK4777B,1,0,0,24,0
7972931VK4777B,1,0,0,23,0
7972903VK4777B,1,0,0,42,0
7777201VK4777F,1,0,0,19,0
7877107VK4777F,1,0,0,15,0
7877119VK4777F,1,0,0,32,0
7971532VK4777B,1,0,0,13,0
7971501VK4777B,1,0,0,32,0
7971502VK4777B,1,0,0,19,0
8172206VK4787A,1,0,0,27,0
8172220VK4787A,1,0,0,23,0
8177115VK4787E,1,0,0,14,0
7778715VK4777H,1,0,0,25,0
8170711VK4787A,1,0,0,10,0
7679102VK4777H,1,0,0,16,0
8179723VK4787G,9,0,0,33,0
8278922VK4787G,1,0,0,7,0
8278902VK4787G,1,0,0,28,0
8168210VK4786G,0,0,1,0,10
8172213VK4787A,1,0,0,26,0
8177105VK4787E,1,0,0,1,0
7875415VK4777F,1,0,0,33,0
7876119VK4777F,1,0,0,16,0
8073428VK4787C,1,0,0,23,0
6075502VK4767E,1,0,0,8,0
6074307VK4767C,1,0,0,3,0
6074308VK4767C,1,0,0,15,0
6074319VK4767C,1,0,0,35,0
6171510VK4767A,1,0,0,29,0
6272705VK4767A,1,0,0,63,0
6472802VK4767A,1,0,0,19,0
6370137VK4767A,1,0,0,21,0
6076806VK4767E,1,0,0,3,0
6269310VK4767G,1,0,0,20,0
6875113VK4767F,1,0,0,8,0
6370102VK4767A,1,0,0,25,0
6371921VK4767A,1,0,0,2,0
6371927VK4767A,1,0,0,2,0
6373532VK4767C,1,0,0,6,0
6076812VK4767E,1,0,0,3,0
6372212VK4767A,1,0,0,2,0
6372229VK4767A,1,0,0,2,0
6075505VK4767E,1,0,0,8,0
6075514VK4767E,1,0,0,78,0
6075518VK4767E,1,0,0,35,0
6171531VK4767A,1,0,0,31,0
6472407VK4767C,1,0,0,21,0
6472411VK4767C,1,0,0,20,0
6177727VK4767E,1,0,0,1,0
6175413VK4767E,1,0,0,9,0
6175414VK4767E,1,0,0,4,0
6076820VK4767E,1,0,0,2,0
6076821VK4767E,1,0,0,3,0
6175419VK4767E,1,0,0,4,0
6175407VK4767E,1,0,0,4,0
6377805VK4767E,1,0,0,3,0
6377809VK4767E,1,0,0,3,0
6377819VK4767E,1,0,0,3,0
6474620VK4767C,1,0,0,3,0
6373505VK4767C,1,0,0,6,0
6373512VK4767C,1,0,0,6,0
6373523VK4767C,1,0,0,6,0
6573321VK4767D,1,0,0,2,0
6573322VK4767D,1,0,0,2,0
6573325VK4767D,1,0,0,2,0
7679708VK4777H,1,0,0,20,0
6370105VK4767A,1,0,0,1,0
6172119VK4767A,1,0,0,33,0
6172121VK4767A,1,0,0,27,0
6572501VK4767D,30,0,0,300,0
9889223VK4798H,1,0,0,8,0
9790631VK4799B,1,0,0,42,0
9888801VK4798H,11,0,0,239,0
9987128VK4798F,1,0,0,26,0
9790682VK4799B,1,0,0,17,0
0291919VK5709A,1,0,0,25,0
0494901VK5709C,0,0,1,0,10265
9790692VK4799B,1,0,0,9,0
0908108VK5800H,1,0,0,13,0
1307910VK5810E,1,0,0,2,0
0810837VK5800H,1,0,0,11,0
0810843VK5800H,1,0,0,19,0
1006104VK5810E,1,0,0,233,0
0810823VK5800H,1,0,0,21,0
0810826VK5800H,1,0,0,20,0
0810829VK5800H,1,0,0,15,0
1208407VK5810G,1,0,0,6,0
1108620VK5810G,1,0,0,78,0
1110911VK5811A,1,0,0,1508,0
0810828VK5800H,1,0,0,18,0
9804418VK4890D,1,0,0,33,0
9604520VK4890D,1,0,0,16,0
9604535VK4890D,1,0,0,18,0
9504633VK4890D,1,0,0,17,0
9504638VK4890D,1,0,0,23,0
9605532VK4890F,1,0,0,26,0
9504641VK4890D,1,0,0,7,0
9805221VK4890F,1,0,0,10,0
9804401VK4890D,1,0,0,57,0
9804402VK4890D,1,0,0,32,0
9804412VK4890D,1,0,0,10,0
9705102VK4890D,1,0,0,42,0
9705104VK4890D,1,0,0,21,0
9604506VK4890D,1,0,0,16,0
9605504VK4890F,1,0,0,21,0
9605515VK4890F,1,0,0,29,0
21DS00008003AA,1,0,0,79,0
21DS00008190AF,1,0,0,21,0
21DS00008190AI,1,0,0,61,0
9803732VK4890D,1,0,0,3,0
9708213VK4890H,1,0,0,2,0
9805203VK4890F,1,0,0,10,0
9805205VK4890F,1,0,0,2,0
9804408VK4890D,1,0,0,13,0
9604543VK4890D,1,0,0,44,0
9504603VK4890D,1,0,0,26,0
9705164VK4890F,1,0,0,12,0
9504639VK4890D,1,0,0,25,0
98037D8VK4890D,1,0,0,1,0
9803755VK4890D,1,0,0,3,0
9407447VK4890E,1,0,0,11,0
9803783VK4890D,1,0,0,18,0
9803787VK4890D,1,0,0,18,0
9803539VK4890D,1,0,0,3,0
9803796VK4890D,1,0,0,21,0
0499508VK5709G,1,0,0,20,0
0398914VK5709G,1,0,0,46,0
9798401VK4799H,12,0,0,36,0
0598609VK5709H,1,0,0,39,0
0497814VK5709E,1,0,0,15,0
0397102VK5709E,1,0,0,19,0
0197906VK5709E,1,0,0,32,0
0199203VK5709G,1,0,0,31,0
0299707VK5709G,1,0,0,18,0
0399601VK5709G,1,0,0,20,0
0297609VK5709E,1,0,0,18,0
0298108VK5709G,1,0,0,22,0
0198502VK5709G,1,0,0,2,0
0398909VK5709G,1,0,0,26,0
9800616VK4890B,1,0,0,19,0
9800607VK4890B,1,0,0,19,0
9800610VK4890B,1,0,0,9,0
9999411VK4799H,1,0,0,1,0
9999414VK4799H,1,0,0,3,0
9999415VK4799H,1,0,0,25,0
9999402VK4799H,1,0,0,3,0
9999417VK4799H,1,0,0,3,0
0598602VK5709H,1,0,0,43,0
0096820VK5709E,1,0,0,1,0
0099011VK5709G,1,0,0,22,0
0296902VK5709E,1,0,0,27,0
9800612VK4890B,1,0,0,8,0
9697619VK4799F,1,0,0,15,0
0598613VK5709H,1,0,0,20,0
0498712VK5709G,1,0,0,11,0
0099010VK5709G,1,0,0,26,0
6619103VK4861H,1,0,0,24,0
9523812VK3792D,1,0,0,238,0
8716220VK3781F,1,0,0,47,0
8716618VK3781F,1,0,0,80,0
8414317VK3781C,1,0,0,33,0
8616929VK3781F,1,0,0,434,0
9013532VK3791C,1,0,0,62,0
9121909VK3792A,1,0,0,245,0
8619509VK3781H,0,0,1,0,35
8417902VK3781H,1,0,0,186,0
8419316VK3781G,1,0,0,152,0
8419511VK3781G,1,0,0,98,0
7717807VK3771F,1,0,0,178,0
8719517VK3781H,1,0,0,81,0
7719806VK3771H,1,0,0,169,0
7720301VK3772B,1,0,0,24,0
8116109VK3781E,1,0,0,25,0
7721806VK3772B,1,0,0,63,0
8020740VK3782A,1,0,0,20,0
7619503VK3771H,1,0,0,194,0
9022814VK3792A,1,0,0,24,0
9223203VK3792C,1,0,0,11,0
8419506VK3781G,0,0,1,0,44
7411603VK3771B,1,0,0,187,0
7413813VK3771C,1,0,0,253,0
7415107VK3771E,1,0,0,158,0
6911911VK3761B,1,0,0,152,0
6912601VK3771A,1,0,0,186,0
7515604VK3771F,1,0,0,90,0
7010107VK3771A,1,0,0,101,0
7214915VK3771C,1,0,0,18,0
7214919VK3771C,1,0,0,50,0
6903246VK3760D,1,0,0,19,0
8107410VK3780G,1,0,0,239,0
8108304VK3780G,1,0,0,46,0
7912114VK3771B,1,0,0,378,0
8108311VK3780G,1,0,0,116,0
7106724VK3770E,1,0,0,60,0
6903224VK3760D,1,0,0,28,0
6295405VK3669E,1,0,0,96,0
6397503VK3669G,1,0,0,133,0
6594813VK3669D,1,0,0,22,0
6593105VK3669C,1,0,0,176,0
0611119VK4701B,1,0,0,105,0
0309512VK4700G,1,0,0,46,0
0708709VK4700H,0,0,1,0,210
0513814VK4701D,1,0,0,158,0
0311116VK4701A,1,0,0,136,0
0311118VK4701A,1,0,0,182,0
9504808VK3790D,0,0,1,0,51
9603401VK3790D,1,0,0,56,0
9406907VK3790E,1,0,0,145,0
9506603VK3790F,1,0,0,178,0
0109610VK4700G,1,0,0,117,0
9708418VK3790H,1,0,0,86,0
0108604VK4700G,1,0,0,55,0
9907426VK3790H,1,0,0,136,0
0204229VK4700C,1,0,0,54,0
28035H1VK4720D,1,0,0,4,0
4093152VK4649C,1,0,0,7,0
2702212VK4720D,10,0,0,20,0
3995538VK4639F,1,0,0,2,0
36001A8VK4730B,1,0,0,8,0
2503850VK4720D,10,0,0,20,0
3999773VK4639H,1,0,0,8,0
3997701VK4639F,1,0,0,3,0
3997706VK4639F,1,0,0,14,0
3997724VK4639F,1,0,0,3,0
3995526VK4639F,1,0,0,2,0
3995527VK4639F,1,0,0,2,0
3997713VK4639F,1,0,0,3,0
3995510VK4639F,1,0,0,10,0
3995513VK4639F,1,0,0,10,0
3995516VK4639F,0,0,1,0,49
3995553VK4639F,1,0,0,6,0
3995568VK4639F,1,0,0,8,0
3501324VK4730B,1,0,0,7,0
3501330VK4730B,1,0,0,8,0
3899321VK4639H,1,0,0,6,0
38993A6VK4639H,1,0,0,7,0
3501350VK4730B,1,0,0,8,0
2503852VK4720D,10,0,0,20,0
3799132VK4639H,1,0,0,7,0
3004859VK4730C,1,0,0,4,0
3770919VK4730B,1,0,0,10,0
3999766VK4639H,1,0,0,8,0
37709B7VK4730B,1,0,0,6,0
3999729VK4639H,1,0,0,6,0
3501817VK4730B,1,0,0,4,0
3501815VK4730B,1,0,0,4,0
2803587VK4720D,1,0,0,21,0
3501855VK4730B,1,0,0,3,0
3501856VK4730B,1,0,0,5,0
3008803VK4730G,1,0,0,69,0
3600141VK4730B,1,0,0,6,0
3600102VK4730B,1,0,0,8,0
3600106VK4730B,1,0,0,8,0
3600122VK4730B,1,0,0,10,0
28035K4VK4720D,1,0,0,4,0
28035H0VK4720D,1,0,0,4,0
3600119VK4730B,1,0,0,6,0
3797555VK4639H,1,0,0,6,0
36001A5VK4730B,1,0,0,8,0
3600181VK4730B,1,0,0,10,0
3699917VK4639H,1,0,0,7,0
4294206VK4649C,1,0,0,15,0
4294207VK4649C,1,0,0,9,0
4294214VK4649C,1,0,0,10,0
4294219VK4649C,1,0,0,9,0
3001598VK4730A,1,0,0,10,0
3100536VK4730A,1,0,0,2,0
4293504VK4649C,1,0,0,2,0
4293539VK4649C,1,0,0,2,0
4293544VK4649C,1,0,0,2,0
4293548VK4649C,1,0,0,2,0
4293549VK4649C,1,0,0,2,0
4293527VK4649C,1,0,0,2,0
4293528VK4649C,1,0,0,2,0
4293530VK4649C,1,0,0,2,0
4293534VK4649C,1,0,0,2,0
3001527VK4730A,1,0,0,4,0
3105205VK4730E,1,0,0,59,0
3001565VK4730A,1,0,0,8,0
3193703VK4639C,0,0,1,0,100
4293526VK4649C,1,0,0,2,0
3501858VK4730B,1,0,0,5,0
3899317VK4639H,1,0,0,6,0
3201859VK4730A,1,0,0,8,0
3699520VK4639H,1,0,0,7,0
36001C6VK4730B,1,0,0,10,0
3322104VK4732A,1,0,0,149,0
3421311VK4732A,1,0,0,308,0
3421607VK4732A,1,0,0,61,0
3212111VK4731A,1,0,0,18,0
3719512VK4731H,1,0,0,125,0
3719510VK4731H,1,0,0,125,0
3310414VK4731A,1,0,0,79,0
3510317VK4731B,1,0,0,89,0
3510701VK4731B,1,0,0,52,0
3115212VK4731E,1,0,0,52,0
3115402VK4731E,1,0,0,160,0
3313512VK4731D,1,0,0,27,0
3507513VK4730H,1,0,0,13,0
3221716VK4732A,1,0,0,103,0
3220402VK4732A,1,0,0,283,0
3315716VK4731E,1,0,0,40,0
3518303VK4731H,1,0,0,59,0
3214808VK4731C,1,0,0,20,0
3415608VK4731E,1,0,0,51,0
3415613VK4731E,1,0,0,82,0
3415618VK4731E,1,0,0,72,0
3319818VK4731G,1,0,0,67,0
3418815VK4731G,1,0,0,61,0
3417901VK4731G,1,0,0,117,0
3118921VK4731G,1,0,0,11,0
3217530VK4731G,1,0,0,191,0
3217714VK4731E,1,0,0,68,0
3314520VK4731C,1,0,0,196,0
3510314VK4731B,1,0,0,91,0
3307605VK4730E,1,0,0,61,0
4212110VK4741A,1,0,0,11,0
4313763VK4741C,1,0,0,21,0
4313759VK4741C,1,0,0,42,0
4112620VK4741A,1,0,0,19,0
6806102VK4760F,0,0,1,0,98
5013305VK4751C,1,0,0,328,0
5214811VK4751C,1,0,0,154,0
3820906VK4732B,1,0,0,373,0
4026323VK4742E,1,0,0,68,0
3920817VK4732B,1,0,0,58,0
4020101VK4742A,1,0,0,97,0
3926305VK4732F,1,0,0,125,0
4119940VK4741G,1,0,0,121,0
3824101VK4732D,1,0,0,40,0
3724914VK4732D,1,0,0,44,0
3423203VK4732C,1,0,0,1224,0
3725109VK4732F,1,0,0,113,0
3627211VK4732F,1,0,0,526,0
3721313VK4732B,1,0,0,36,0
8884228VK4688D,1,0,0,33,0
8884233VK4688D,1,0,0,16,0
8884236VK4688D,1,0,0,18,0
8096512VK4689E,1,0,0,17,0
9836404VK3793F,1,0,0,222,0
9839518VK3793H,1,0,0,395,0
9840805VK3794B,1,0,0,62,0
9843408VK3794D,1,0,0,115,0
9540603VK3794B,1,0,0,232,0
9847409VK3794H,1,0,0,320,0
9849423VK3794H,1,0,0,133,0
9639509VK3793H,1,0,0,140,0
9736317VK3793F,1,0,0,159,0
9939418VK3793H,0,0,1,0,144
9737615VK3793F,1,0,0,13,0
9738603VK3793H,1,0,0,133,0
9743801VK3794D,1,0,0,213,0
9944323VK3794D,1,0,0,91,0
9949304VK3794B,1,0,0,335,0
9751814VK3795B,1,0,0,18,0
9949510VK3794H,1,0,0,170,0
9538907VK3793H,1,0,0,191,0
9835506VK4793F,1,0,0,134,0
0340414VK4704A,1,0,0,65,0
0534920VK4703D,1,0,0,123,0
0836327VK4703F,1,0,0,183,0
0236612VK4703E,1,0,0,23,0
0734412VK4703D,1,0,0,368,0
9934806VK3793D,1,0,0,110,0
0436311VK4703E,1,0,0,110,0
0737209VK4803E,1,0,0,4,0
0240402VK4704A,1,0,0,377,0
0632402VK4703D,1,0,0,22,0
0633619VK4703D,1,0,0,240,0
0937621VK4703H,1,0,0,47,0
0639807VK4703H,1,0,0,166,0
0037418VK4703G,1,0,0,639,0
0033905VK4703C,1,0,0,130,0
0437512VK4703G,1,0,0,105,0
0440310VK4704A,1,0,0,34,0
9834410VK3793D,1,0,0,214,0
0840117VK4704B,1,0,0,48,0
0840706VK4704B,1,0,0,124,0
0841712VK4704B,1,0,0,80,0
1138607VK4713G,1,0,0,92,0
0442708VK4704B,1,0,0,245,0
0743606VK4704D,1,0,0,163,0
0940605VK4704B,1,0,0,198,0
0941905VK4704B,1,0,0,400,0
0942103VK4704B,2,0,0,12,0
0943907VK4704D,1,0,0,90,0
0945120VK4704D,1,0,0,871,0
0743617VK4704D,1,0,0,352,0
0841603VK4704B,1,0,0,64,0
1239803VK4713G,1,0,0,9,0
0948515VK4704H,1,0,0,86,0
0752811VK4705B,1,0,0,81,0
0953505VK4705D,1,0,0,174,0
0650023VK4705B,1,0,0,392,0
1049204VK4714G,1,0,0,581,0
1050310VK4715A,1,0,0,79,0
0657010VK4705F,1,0,0,113,0
0657018VK4705F,1,0,0,135,0
1051805VK4715A,1,0,0,253,0
0849808VK4704H,1,0,0,53,0
0849811VK4704H,1,0,0,1033,0
0850106VK4705B,1,0,0,54,0
0850705VK4705B,1,0,0,20,0
0854820VK4705D,1,0,0,219,0
1151505VK4715A,1,0,0,154,0
1152203VK4715C,0,1,0,295,0
1155602VK4715E,1,0,0,732,0
0749009VK4704H,1,0,0,259,0
1156005VK4715E,1,0,0,799,0
0749409VK4704H,1,0,0,175,0
1251106VK4715A,1,0,0,409,0
0948106VK4704H,1,0,0,140,0
0751314VK4705B,1,0,0,262,0
0851714VK4705B,1,0,0,66,0
9757804VK3795F,0,0,1,0,332
9954511VK3795D,1,0,0,299,0
9954513VK3795D,1,0,0,192,0
9955512VK3795F,1,0,0,566,0
9957712VK3795F,1,0,0,36,0
0151515VK4705A,1,0,0,118,0
0152803VK4705C,0,0,1,0,308
0153906VK4705C,1,0,0,86,0
0353217VK4705C,1,0,0,46,0
0353228VK4705C,1,0,0,220,0
0652206VK4705D,1,0,0,858,0
9858510VK3795H,1,0,0,140,0
0053301VK4705C,1,0,0,846,0
0551903VK4705B,1,0,0,196,0
0555307VK4705F,2,0,0,30,0
0251916VK4705A,1,0,0,41,0
0252416VK4705C,0,0,1,0,21
0257914VK4705E,1,0,0,238,0
9754509VK3795D,1,0,0,160,0
0451723VK4705A,1,0,0,347,0
0251904VK4705A,1,0,0,52,0
0557101VK4705G,1,0,0,263,0
9955612VK3795F,1,0,0,73,0
0147902VK4704G,1,0,0,114,0
0345502VK4704E,1,0,0,748,0
0644102VK4704D,1,0,0,484,0
0346206VK4704E,1,0,0,127,0
0041905VK4704A,1,0,0,248,0
0044408VK4704C,1,0,0,706,0
0045106VK4704E,1,0,0,84,0
0045107VK4704E,1,0,0,1607,0
0543103VK4704D,1,0,0,372,0
0543909VK4704D,1,0,0,45,0
0545211VK4704F,1,0,0,415,0
0245502VK4704E,1,0,0,61,0
0245901VK4704E,1,0,0,849,0
0443504VK4704C,1,0,0,524,0
0443506VK4704C,1,0,0,234,0
0447206VK4704G,1,0,0,172,0
0142904VK4704C,1,0,0,109,0
0143509VK4704C,1,0,0,220,0
9140108VK3794A,1,0,0,40,0
9335126VK3793E,1,0,0,61,0
9335132VK3793E,0,0,1,0,131
9040309VK3794A,1,0,0,176,0
0223702VK4702C,1,0,0,119,0
0918209VK4701H,0,1,0,3,0
0921309VK4702B,1,0,0,12,0
0624605VK4702D,0,0,1,0,48
1017718VK4711E,1,0,0,1115,0
0918216VK4701H,1,0,0,162,0
1815919VK4711F,0,0,1,0,193
1213106VK4711C,1,0,0,52,0
1126124VK4712E,1,0,0,211,0
0926106VK4702F,1,0,0,107,0
0926119VK4702F,1,0,0,222,0
1222927VK4712A,1,0,0,156,0
1022619VK4712A,1,0,0,633,0
1126112VK4712E,1,0,0,354,0
2019701VK4721G,1,0,0,21,0
0924416VK4702D,1,0,0,19,0
0630801VK4703B,1,0,0,72,0
1327203VK4712E,1,0,0,34,0
1329311VK4712G,1,0,0,196,0
0930307VK4703B,1,0,0,214,0
2731419VK4723B,1,0,0,97,0
3328913VK4732G,1,0,0,96,0
3027107VK4732E,0,0,1,0,70
3129203VK4732G,1,0,0,49,0
2846312VK4724F,1,0,0,437,0
2945802VK4724F,1,0,0,106,0
2945805VK4724F,1,0,0,171,0
2946910VK4724F,1,0,0,136,0
2947410VK4724H,1,0,0,100,0
1440607VK4714A,1,0,0,340,0
1538202VK4713H,1,0,0,220,0
1835817VK4713F,1,0,0,120,0
1835820VK4713F,1,0,0,25,0
1835822VK4713F,1,0,0,443,0
1835828VK4713F,1,0,0,105,0
2937401VK4723H,0,0,1,0,115
2737901VK4723H,1,0,0,156,0
3134709VK4733C,1,0,0,1204,0
3135212VK4733E,1,0,0,24,0
2351214VK4725A,1,0,0,105,0
1949610VK4714H,1,0,0,1422,0
2355415VK4725E,1,0,0,394,0
2151207VK4725A,1,0,0,667,0
2155406VK4725E,1,0,0,549,0
1649112VK4714H,0,0,6,0,1367
2157912VK4725E,1,0,0,199,0
2251219VK4725A,1,0,0,378,0
1848407VK4714H,1,0,0,123,0
1851626VK4715B,1,0,0,80,0
1856808VK4715F,1,0,0,3615,0
2351204VK4725A,1,0,0,1046,0
2450502VK4725A,1,0,0,226,0
2450517VK4725A,1,0,0,371,0
2856508VK4725F,1,0,0,36,0
2453703VK4725C,1,0,0,127,0
3054902VK4735C,1,0,0,8,0
3055313VK4735E,1,0,0,119,0
2452615VK4725A,1,0,0,695,0
3749915VK4734H,1,0,0,15,0
3758503VK4735H,0,1,0,0,0
3657903VK4635H,0,0,1,0,2152
3854212VK4735D,0,0,1,0,128
3854221VK4735D,1,0,0,320,0
3859807VK4735H,0,1,0,84,0
3452916VK4735C,1,0,0,31,0
3752971VK4735D,1,0,0,13,0
2767613VK4726F,1,0,0,26,0
3469956VK4736G,1,0,0,12,0
2866122VK4726F,1,0,0,429,0
3066202VK4736E,1,0,0,49,0
3865602VK4736F,1,0,0,10,0
2758917VK4725H,1,0,0,215,0
2561113VK4726B,1,0,0,18,0
2659410VK4725H,1,0,0,2400,0
1960215VK4716B,1,0,0,695,0
2065206VK4726E,1,0,0,348,0
2164008VK4726C,1,0,0,20,0
2166314VK4726E,1,0,0,30,0
1766803VK4716F,1,0,0,402,0
1767711VK4716F,1,0,0,661,0
1876907VK4717F,1,0,0,24,0
1879104VK4717H,0,0,1,0,300
1879104VK5717H,1,0,0,14,0
1879109VK5717H,1,0,0,10,0
2177111VK4727E,1,0,0,25,0
2181604VK4728A,0,0,1,0,512
2379227VK4727G,1,0,0,12,0
2379229VK4727G,1,0,0,11,0
1978302VK4717H,1,0,0,119,0
1978314VK4717H,1,0,0,22,0
1979201VK4717H,1,0,0,20,0
1980425VK4718B,1,0,0,26,0
2278505VK4727G,1,0,0,2,0
2474220VK4727C,1,0,0,23,0
2475310VK4727E,1,0,0,8,0
1673911VK4717D,1,0,0,41,0
2476708VK4727E,1,0,0,48,0
1679809VK4717H,1,0,0,15,0
1679811VK4717H,1,0,0,54,0
2479207VK4727G,1,0,0,11,0
2479210VK4727G,1,0,0,36,0
2479222VK4727G,1,0,0,40,0
2479223VK4727G,1,0,0,38,0
2481406VK4728A,1,0,0,6,0
2481408VK4728A,1,0,0,32,0
2481409VK4728A,1,0,0,62,0
2074107VK4727C,1,0,0,51,0
2079507VK4727G,1,0,0,7,0
2079514VK4727G,1,0,0,16,0
1775711VK4717F,1,0,0,39,0
1778605VK4717H,1,0,0,12,0
1779404VK4717H,1,0,0,21,0
2173109VK4727C,1,0,0,33,0
2375207VK5727E,1,0,0,14,0
1575715VK4717F,1,0,0,15,0
2873807VK4727D,1,0,0,87,0
3173212VK4737C,1,0,0,271,0
3877401VK4737H,3,0,0,19,0
2679702VK4727H,1,0,0,96,0
3082708VK3738C,1,0,0,4,0
3082709VK3738C,1,0,0,4,0
3281204VK3738A,1,0,0,5,0
2876906VK4727F,1,0,0,62,0
3282908VK4738A,1,0,0,9,0
3282910VK4738A,1,0,0,5,0
3583703VK4738D,1,0,0,29,0
3583809VK4738D,1,0,0,5,0
2975405VK4727F,0,0,1,0,39
3181402VK4738A,1,0,0,3,0
2975408VK4727F,1,0,0,199,0
2978310VK4727H,1,0,0,44,0
3182601VK4738C,1,0,0,19,0
3182640VK4738C,1,0,0,9,0
3182641VK4738C,1,0,0,11,0
3182814VK4738A,1,0,0,15,0
2777604VK4727H,2,0,0,12,0
2778514VK4727H,1,0,0,144,0
3076104VK4737E,1,0,0,349,0
3081109VK4738A,1,0,0,32,0
3279315VK4737G,6,0,0,99,0
3581628VK4738B,1,0,0,5,0
2089504VK4728G,1,0,0,310,0
3488118VK4738G,1,0,0,13,0
3488405VK4738G,1,0,0,4,0
3490127VK4739B,1,0,0,13,0
3585311VK4738F,1,0,0,6,0
3585320VK4738F,1,0,0,10,0
3585413VK4738F,1,0,0,61,0
3588104VK4738H,1,0,0,14,0
3588110VK4738H,1,0,0,17,0
3588713VK4738F,1,0,0,12,0
3386403VK4738E,1,0,0,16,0
3687907VK4738F,5,0,0,64,0
3687928VK4738F,1,0,0,14,0
3688705VK4738H,1,0,0,13,0
3689407VK4738H,1,0,0,17,0
2788807VK4728F,1,0,0,285,0
3788316VK4738H,1,0,0,11,0
3097751VK4739E,1,0,0,4,0
3097749VK4739E,1,0,0,15,0
2593604VK4729D,1,0,0,30,0
2593610VK4729D,1,0,0,37,0
2594804VK4729D,1,0,0,41,0
2395601VK4729E,1,0,0,98,0
2694520VK4729F,1,0,0,15,0
2694801VK4729D,1,0,0,34,0
2695505VK4729F,1,0,0,12,0
2897616VK4729H,1,0,0,30,0
2997105VK4729F,1,0,0,31,0
3195904VK4739E,1,0,0,142,0
2299755VK4729G,1,0,0,23,0
2493603VK4729D,1,0,0,20,0
2098302VK4729G,1,0,0,14,0
2299788VK4729G,1,0,0,7,0
2099305VK4729G,5,0,0,76,0
3094402VK4739E,1,0,0,46,0
3096614VK4739E,1,0,0,6,0
3097711VK4739E,1,0,0,17,0
3098912VK4739G,1,0,0,4,0
3298908VK4739G,1,0,0,17,0
3391201VK4739A,2,0,0,30,0
2993914VK4729D,1,0,0,7,0
2997706VK4729F,1,0,0,19,0
3398912VK4739G,4,0,0,45,0
2999607VK4729H,1,0,0,12,0
2793201VK4729D,1,0,0,15,0
3196408VK4739E,1,0,0,102,0
3196421VK4739E,1,0,0,7,0
3197901VK4739G,1,0,0,55,0
2796212VK4729F,1,0,0,16,0
2197118VK4729E,1,0,0,21,0
3098919VK4739G,1,0,0,15,0
2998209VK4729H,3,0,0,17,0
2201516VK4820A,1,0,0,33,0
2503938VK4820C,1,0,0,14,0
2102119VK4820A,1,0,0,33,0
2102103VK4820A,1,0,0,8,0
9987427VK3798H,1,0,0,4,0
0182304VK4708C,1,0,0,64,0
0081504VK4708A,1,0,0,49,0
0288902VK4708G,1,0,0,738,0
0385512VK4708E,1,0,0,216,0
0482205VK4708A,1,0,0,697,0
0385723VK4708E,0,0,4,0,384
0485806VK4708E,2,0,0,115,0
9986219VK3798F,1,0,0,31,0
9985720VK3798F,1,0,0,118,0
0380608VK4708A,1,0,0,95,0
9884701VK3798D,1,0,0,17,0
0083505VK4708C,1,0,0,27,0
0083506VK4708C,1,0,0,58,0
0087975VK4708E,1,0,0,20,0
0381109VK4708A,1,0,0,54,0
0583531VK4708D,1,0,0,310,0
0581411VK4708B,1,0,0,73,0
0789107VK4708H,1,0,0,31,0
0789111VK4708H,0,0,1,0,188
0478517VK4707G,1,0,0,619,0
0685303VK4708F,1,0,0,628,0
0778101VK4707H,1,0,0,88,0
0688104VK4708H,1,0,0,567,0
1497301VK4619G,2,0,0,49,0
1196526VK4719E,1,0,0,57,0
0990311VK4709B,1,0,0,61,0
1390108VK4719A,1,0,0,1867,0
0802508VK4800D,1,0,0,76,0
1604409VK4810D,1,0,0,225,0
1000706VK4810A,1,0,0,38,0
1199412VK4719G,0,0,2,0,87
1199423VK4719G,1,0,0,42,0
1304319VK4810C,1,0,0,104,0
1303416VK4810C,1,0,0,168,0
1303304VK4810C,1,0,0,137,0
0600516VK4800B,1,0,0,108,0
0698118VK4709H,1,0,0,29,0
0802211VK3800D,1,0,0,22,0
0802213VK3800D,1,0,0,22,0
0797710VK4709F,1,0,0,36,0
0200832VK4800A,1,0,0,191,0
0600803VK4800B,1,0,0,89,0
0899935VK4709H,1,0,0,92,0
0397926VK4709E,0,4,0,0,0
0394513VK4709C,0,5,0,0,0
0693105VK4709D,9,0,0,32,0
0091416VK4709A,1,0,0,368,0
0191512VK4709A,1,0,0,85,0
0893809VK4709D,1,0,0,159,0
0791303VK4709B,1,0,0,217,0
0192211VK4709C,1,0,0,47,0
0190209VK4709A,1,0,0,237,0
0489420VK4708G,1,0,0,173,0
0488608VK4708H,1,0,0,216,0
0189807VK4708G,0,0,1,0,208
0189805VK4708G,1,0,0,136,0
9989406VK3798H,1,0,0,119,0
0190208VK4709A,1,0,0,400,0
0692903VK4709B,1,0,0,283,0
9562813VK3796B,1,0,0,118,0
9565501VK3796F,1,0,0,220,0
9660801VK3796B,1,0,0,219,0
9664617VK3796D,1,0,0,503,0
9262611VK3796A,1,0,0,191,0
9266813VK3796E,1,0,0,151,0
9363607VK3796C,1,0,0,60,0
9364510VK3796C,1,0,0,62,0
9367701VK3796G,1,0,0,97,0
9660815VK3796B,2,0,0,30,0
0365303VK4706E,1,0,0,70,0
9868904VK3796H,0,1,0,28,0
9959312VK3795H,1,0,0,449,0
9961312VK3796B,1,0,0,54,0
9966407VK3796F,1,0,0,108,0
0561507VK4706B,1,0,0,46,0
0563703VK4706D,1,0,0,118,0
0565102VK4706F,1,0,0,95,0
0566621VK4706F,1,0,0,15,0
0759101VK4705H,1,0,0,158,0
0759112VK4705H,1,0,0,149,0
0358507VK4705G,1,0,0,263,0
0560104VK4706B,1,0,0,191,0
0765812VK4706F,1,0,0,334,0
0766804VK4706F,1,0,0,15,0
0862509VK4706B,1,0,0,131,0
0863908VK4706D,1,0,0,134,0
0864105VK4706D,1,0,0,8,0
9264401VK3696C,1,0,0,16,0
0868111VK4706H,1,0,0,90,0
1361504VK4716A,1,0,0,13,0
1457401VK4715G,1,0,0,3030,0
1467105VK4716E,1,0,0,1070,0
1061914VK4716A,1,0,0,28,0
1062416VK4716C,1,0,0,890,0
1166121VK4716E,1,0,0,282,0
1265410VK4716E,1,0,0,407,0
0570206VK4707B,1,0,0,62,0
0771211VK4707B,1,0,0,139,0
0869911VK4706H,1,0,0,30,0
0969701VK4706H,1,0,0,140,0
1075405VK4717E,1,0,0,133,0
0169319VK4706G,1,0,0,144,0
0171817VK4707A,1,0,0,64,0
0177608VK5607G,1,0,0,4,0
0177610VK5607G,1,0,0,4,0
0270501VK4707A,0,1,0,0,0
9175504VK3797E,1,0,0,24,0
9175508VK3797E,1,0,0,15,0
9275501VK3797E,1,0,0,15,0
9374305VK3797C,1,0,0,23,0
9475110VK3797E,1,0,0,10,0
4073821VK3847C,1,0,0,6,0
4259801VK3845G,1,0,0,157,0
4257805VK3845E,1,0,0,18,0
4257803VK3845E,2,0,0,33,0
4454501VK3845C,1,0,0,190,0
4266101VK3846E,0,0,1,0,273
6811319VK3861B,1,0,0,53,0
7316107VK3871E,2,0,0,22,0
7316112VK3871E,1,0,0,34,0
7316121VK3871E,1,0,0,27,0
7316127VK3871C,1,0,0,34,0
7316130VK3871C,1,0,0,40,0
7316132VK3861C,1,0,0,35,0
7313313VK3871C,1,0,0,34,0
7313310VK3871C,1,0,0,43,0
7011407VK3871C,1,0,0,144,0
6510514VK3861A,1,0,0,51,0
7313302VK3871C,1,0,0,39,0
76135A7VK3871B,1,0,0,23,0
8113315VK3881C,1,0,0,15,0
7813307VK3871D,1,0,0,1,0
7912224VK3871D,1,0,0,36,0
7912219VK3871D,1,0,0,29,0
7813106VK3871D,1,0,0,21,0
7812919VK3871D,1,0,0,37,0
7812918VK3871D,1,0,0,34,0
7812912VK3871D,1,0,0,4,0
7813306VK3871D,1,0,0,1,0
7810230VK3871B,1,0,0,28,0
76135A5VK3871D,1,0,0,19,0
8112217VK3881A,1,0,0,17,0
76135A4VK3871D,1,0,0,19,0
8214619VK3881C,1,0,0,27,0
8315917VK3881E,1,0,0,14,0
8315919VK3881E,1,0,0,14,0
8416756VK3881E,1,0,0,18,0
8416762VK3881E,1,0,0,20,0
8416765VK3881E,1,0,0,11,0
8414904VK3881C,1,0,0,13,0
8515621VK3881F,1,0,0,2,0
8410720VK3881A,5,0,0,53,0
8714712VK3881D,1,0,0,15,0
7816120VK3871F,1,0,0,15,0
7816130VK3871F,1,0,0,30,0
7816137VK3871F,1,0,0,11,0
7816141VK3871F,1,0,0,22,0
7816133VK3871F,1,0,0,35,0
8010326VK3881A,1,0,0,29,0
7812625VK3871B,1,0,0,19,0
7812633VK3871D,1,0,0,14,0
7815504VK3871F,1,0,0,21,0
7909809VK3870H,1,0,0,35,0
7909816VK3870H,1,0,0,15,0
8011702VK3881A,1,0,0,3,0
7912707VK3871S,1,0,0,26,0
7912720VK3871S,1,0,0,22,0
7912712VK3871S,1,0,0,28,0
8012905VK3881A,1,0,0,14,0
8012919VK3881A,1,0,0,17,0
8010725VK3881A,1,0,0,4,0
7712904VK3871D,1,0,0,18,0
7712912VK3871B,1,0,0,16,0
7712908VK3871B,1,0,0,88,0
8109407VK3880G,1,0,0,33,0
8109409VK3880G,1,0,0,36,0
8108404VK3880G,1,0,0,5,0
8115604VK3881E,1,0,0,11,0
8216103VK3881E,1,0,0,22,0
7909518VK3870H,1,0,0,30,0
8209402VK3880G,1,0,0,19,0
8209905VK3880G,1,0,0,16,0
8211903VK3881A,1,0,0,18,0
8211905VK3881A,1,0,0,19,0
8217616VK3881E,1,0,0,17,0
8416704VK3881E,1,0,0,67,0
7811104VK3871B,1,0,0,23,0
8211909VK3881A,1,0,0,17,0
8309409VK3880G,1,0,0,15,0
8416710VK3881E,1,0,0,19,0
8416719VK3881F,1,0,0,33,0
8413401VK3881C,1,0,0,27,0
8412104VK3881A,1,0,0,20,0
8409220VK3880G,1,0,0,22,0
8417809VK3881E,1,0,0,8,0
8409209VK3880G,1,0,0,78,0
8409208VK3880G,1,0,0,15,0
8409215VK3880G,1,0,0,19,0
8509217VK3880H,1,0,0,85,0
7912706VK3871S,1,0,0,23,0
8410717VK3881A,1,0,0,33,0
8411703VK3881A,1,0,0,25,0
8412704VK3881A,1,0,0,35,0
8412711VK3881A,1,0,0,21,0
8412717VK3881A,1,0,0,18,0
8512708VK3881B,1,0,0,23,0
8511701VK3881B,1,0,0,4,0
8511711VK3881B,1,0,0,21,0
7511912VK3871B,1,0,0,22,0
8509607VK3880H,1,0,0,3,0
8508513VK3880H,1,0,0,149,0
8508508VK3880H,1,0,0,15,0
8710105VK3881B,1,0,0,8,0
8710113VK3881B,1,0,0,29,0
7610111VK3871B,1,0,0,31,0
8711116VK3881B,1,0,0,24,0
7613524VK3871D,1,0,0,9,0
7718936VK3871H,1,0,0,27,0
7820115VK3871H,1,0,0,33,0
8711404VK3881B,1,0,0,17,0
7820111VK3871H,1,0,0,12,0
7820108VK3871H,1,0,0,7,0
7818933VK3871H,1,0,0,9,0
7818908VK3871H,1,0,0,8,0
7610309VK3871B,1,0,0,14,0
7609502VK3871B,1,0,0,23,0
7710202VK3871B,1,0,0,23,0
7809203VK3870H,1,0,0,24,0
8810107VK3881B,1,0,0,16,0
8811125VK3881B,1,0,0,7,0
7716102VK3871F,1,0,0,3,0
7809226VK3870H,1,0,0,3,0
7810208VK3871B,1,0,0,31,0
7810217VK3871B,1,0,0,16,0
8315902VK3881E,1,0,0,12,0
8614206VK3881D,1,0,0,31,0
8614208VK3881D,1,0,0,32,0
8614210VK3881D,1,0,0,32,0
8416740VK3881E,1,0,0,11,0
8711405VK3881B,1,0,0,42,0
7913304VK3871D,1,0,0,21,0
7913305VK3871D,1,0,0,21,0
7913309VK3871D,1,0,0,18,0
7913311VK3871D,1,0,0,17,0
7818912VK3871H,1,0,0,10,0
7913104VK3871D,2,0,0,159,0
8415212VK3881E,1,0,0,15,0
8415215VK3881E,1,0,0,12,0
8415216VK3881E,1,0,0,11,0
8416767VK3881E,1,0,0,26,0
7712926VK3871B,1,0,0,18,0
8413415VK3881C,1,0,0,16,0
8514113VK3881D,1,0,0,10,0
02129D7VK4801A,2,0,0,87,0
9613904VK3891D,3,0,0,120,0
9511733VK3891B,1,0,0,24,0
0513917VK4801D,4,0,0,154,0
0713909VK4701D,1,0,0,165,0
1118015VK4811G,0,0,1,0,102
0320208VK4802A,0,0,1,0,105
1643165VK4814D,1,0,0,65,0
1636706VK4813F,1,0,0,2,0
1927603VK4812F,5,0,0,211,0
1643107VK4814D,1,0,0,108,0
1742511VK4814D,1,0,0,122,0
1729205VK4812H,1,0,0,72,0
1729211VK4812H,1,0,0,94,0
2321322VK4822G,0,0,1,0,169
1942304VK4814D,1,0,0,63,0
1643156VK4814D,1,0,0,22,0
1643138VK4814D,1,0,0,12,0
1643134VK4814D,1,0,0,34,0
1643127VK4814D,1,0,0,107,0
1738831VK4813H,1,0,0,19,0
1738836VK4813H,1,0,0,40,0
1441803VK4814D,1,0,0,80,0
1441805VK4814D,1,0,0,25,0
1540708VK4814B,1,0,0,4,0
1540717VK4814B,1,0,0,4,0
2136950VK4823G,1,0,0,57,0
1441809VK4814D,1,0,0,65,0
1441820VK4813B,1,0,0,39,0
1441825VK4813B,1,0,0,34,0
1744601VK4814D,1,0,0,74,0
1744602VK4814D,1,0,0,44,0
1744604VK4814D,1,0,0,53,0
1744605VK4814D,1,0,0,34,0
1744611VK4814D,1,0,0,35,0
1639518VK4813H,1,0,0,13,0
1744616VK4814D,1,0,0,73,0
1742503VK4814D,1,0,0,33,0
1840408VK4814B,1,0,0,51,0
1643154VK4814D,1,0,0,17,0
1829708VK4812H,1,0,0,118,0
1531803VK4813B,0,0,1,0,6
1832631VK4813D,1,0,0,12,0
1436510VK4813E,1,0,0,7,0
1436511VK4813E,1,0,0,7,0
1436518VK4813E,1,0,0,7,0
1436523VK4813E,1,0,0,4,0
1436526VK4813E,1,0,0,33,0
1834320VK4813D,1,0,0,46,0
1933506VK4813D,1,0,0,100,0
1932503VK4813D,1,0,0,19,0
1537823VK4813F,1,0,0,6,0
1536615VK4813F,1,0,0,2,0
1632911VK4813D,1,0,0,1,0
1636711VK4813F,1,0,0,5,0
1636712VK4813F,1,0,0,5,0
1636713VK4813F,1,0,0,5,0
1737110VK4813F,1,0,0,3,0
1737116VK4813F,1,0,0,3,0
1737120VK4813F,1,0,0,3,0
1746207VK4184E,1,0,0,26,0
1844410VK4184D,1,0,0,53,0
0130303VK4803A,1,0,0,51,0
0424202VK4802E,1,0,0,138,0
0224302VK4802E,1,0,0,38,0
0438517VK4083H,1,0,0,19,0
8925913VK3882F,1,0,0,5,0
8925911VK3882F,1,0,0,5,0
0638143VK4803H,1,0,0,14,0
0738910VK4083G,1,0,0,5,0
9923911VK3892D,1,0,0,12,0
9923913VK3892D,1,0,0,16,0
9022467VK3882D,1,0,0,2,0
9022453VK3882D,1,0,0,2,0
9022452VK3882D,1,0,0,12,0
9022446VK3882D,1,0,0,12,0
0237520VK4083H,1,0,0,25,0
0239730VK4083H,1,0,0,23,0
0239715VK4083H,1,0,0,5,0
0239717VK4083H,1,0,0,23,0
0239718VK4083H,1,0,0,26,0
0239724VK4083H,1,0,0,3,0
9823319VK3892D,1,0,0,74,0
9823321VK3892D,1,0,0,50,0
9823301VK3892D,1,0,0,69,0
9925936VK3892F,1,0,0,22,0
0022801VK3992B,1,0,0,134,0
0022804VK4802C,1,0,0,38,0
9721607VK3892B,1,0,0,31,0
0330817VK4803A,1,0,0,44,0
9921210VK3892B,1,0,0,54,0
0130304VK4803A,1,0,0,42,0
0130316VK4803A,1,0,0,47,0
0130317VK4803A,1,0,0,25,0
8825719VK3882F,1,0,0,5,0
8925644VK3882F,1,0,0,8,0
8925658VK3882F,1,0,0,2,0
0727105VK4802F,1,0,0,25,0
0727109VK4802H,1,0,0,24,0
0727120VK4802H,1,0,0,33,0
0726108VK4802F,1,0,0,111,0
0726112VK4802F,1,0,0,27,0
0527903VK4802H,1,0,0,51,0
0527909VK4802F,1,0,0,54,0
0527910VK4802F,1,0,0,125,0
8925917VK3882F,1,0,0,7,0
9023401VK3882D,1,0,0,6,0
9023449VK3882D,1,0,0,4,0
9023411VK3882D,1,0,0,14,0
9023407VK3882D,1,0,0,4,0
0527916VK4802F,1,0,0,23,0
0527920VK4802F,1,0,0,17,0
0426643VK4802E,1,0,0,26,0
0525708VK4802F,1,0,0,5,0
0525709VK4802F,1,0,0,113,0
0525713VK4802D,1,0,0,30,0
0525720VK4802D,1,0,0,21,0
0525722VK4802D,1,0,0,90,0
0424204VK4802E,1,0,0,40,0
0431505VK4803A,16,0,0,426,0
0538516VK4803H,1,0,0,16,0
0227618VK4802E,1,0,0,58,0
0125410VK4802E,1,0,0,39,0
0125425VK4802E,1,0,0,26,0
0125437VK4802E,1,0,0,38,0
8922729VK3892A,1,0,0,2,0
8922731VK3892A,1,0,0,1,0
0224311VK4802E,1,0,0,31,0
0224317VK4802C,1,0,0,97,0
0324923VK4802C,1,0,0,16,0
8623765VK3882D,1,0,0,2,0
8623758VK3882D,1,0,0,2,0
9927101VK3892H,1,0,0,46,0
9927103VK3892H,1,0,0,44,0
9927106VK3892F,1,0,0,93,0
9925919VK3892E,1,0,0,58,0
0024809VK4802C,1,0,0,51,0
0222405VK4802C,1,0,0,23,0
0638904VK4803H,1,0,0,3,0
9626219VK3892F,1,0,0,31,0
9724319VK3892D,1,0,0,84,0
0330841VK4802G,1,0,0,24,0
8525613VK3882E,10,0,0,72,0
9823327VK3892D,1,0,0,29,0
9921216VK3892B,1,0,0,43,0
0736248VK4083E,1,0,0,38,0
9528493VK3892G,1,0,0,25,0
0237508VK4083H,1,0,0,15,0
0237510VK4083H,1,0,0,15,0
0736238VK4083E,1,0,0,2,0
0736217VK4083E,1,0,0,17,0
0027121VK3892H,1,0,0,81,0
18539B2VK4815D,1,0,0,84,0
1651112VK4185A,1,0,0,23,0
1651117VK4185A,1,0,0,30,0
1651122VK4185A,1,0,0,22,0
1651127VK4185A,1,0,0,29,0
1651132VK4185A,1,0,0,22,0
1651135VK4185A,1,0,0,29,0
1651138VK4185A,1,0,0,22,0
1651149VK4185A,1,0,0,23,0
1450202VK4815A,1,0,0,5,0
1851706VK4185B,1,0,0,23,0
1851717VK4185B,1,0,0,12,0
1851735VK4185B,1,0,0,39,0
1851736VK4185B,1,0,0,39,0
1851744VK4185B,1,0,0,29,0
1851745VK4185B,1,0,0,12,0
1851746VK4185B,1,0,0,12,0
1851762VK4185B,1,0,0,12,0
9997704VK3899F,1,0,0,1,0
0096406VK4809E,1,0,0,7,0
0096706VK4809E,1,0,0,3,0
0095601VK4809E,1,0,0,26,0
1853921VK4815D,1,0,0,33,0
1853932VK4815D,1,0,0,33,0
1853933VK4815D,1,0,0,33,0
1853938VK4815D,1,0,0,33,0
1853937VK4815D,1,0,0,33,0
1853960VK4815D,1,0,0,35,0
1853965VK4815D,1,0,0,35,0
1853969VK4815D,1,0,0,15,0
1853983VK4815D,1,0,0,15,0
1853997VK4815D,1,0,0,57,0
18539A3VK4815D,1,0,0,34,0
18539A4VK4815D,1,0,0,28,0
18539B0VK4815D,1,0,0,36,0
8157501VK3785G,1,0,0,3910,0
7660805VK3776B,1,0,0,3,0
7759906VK3775H,1,0,0,3,0
7757509VK3775H,1,0,0,10,0
7757512VK3775H,1,0,0,7,0
7859205VK3775H,1,0,0,2,0
7758103VK3775H,1,0,0,7,0
7758106VK3775H,1,0,0,7,0
7758111VK3775H,1,0,0,19,0
7758112VK3775H,1,0,0,9,0
7857428VK3775H,1,0,0,5,0
7957410VK3775H,1,0,0,4,0
7956405VK3775F,1,0,0,81,0
6243317VK3764C,0,0,1,0,138
9555905VK3795F,1,0,0,612,0
9552415VK3795D,1,0,0,56,0
9355107VK3795E,1,0,0,273,0
9355408VK3795E,1,0,0,24,0
9456102VK3795E,0,0,6,0,920
8595335VK3789F,1,0,0,16,0
8595320VK3789F,1,0,0,4,0
7398121VK3779G,1,0,0,51,0
8276905VK4787E,1,0,0,35,0
8394709VK3789C,1,0,0,30,0
8995801VK3789F,23,0,0,90,0
7803847VK3870D,1,0,0,14,0
7803848VK3870D,1,0,0,38,0
8396711VK3789E,1,0,0,48,0
9388874VK3798G,1,0,0,5,0
8595337VK3789F,16,0,0,319,0
73981A8VK3779G,1,0,0,71,0
6806206VK3860F,1,0,0,421,0
8699457VK3789H,1,0,0,12,0
8601220VK3880B,1,0,0,37,0
8699422VK3789H,1,0,0,58,0
8799201VK3789H,1,0,0,16,0
8799205VK3789H,0,1,0,0,0
9388855VK3798G,1,0,0,60,0
8799227VK3789H,1,0,0,9,0
8796306VK3789F,1,0,0,10,0
9095906VK3799E,1,0,0,11,0
9095904VK3799E,1,0,0,15,0
9879625VK3797H,1,0,0,1003,0
8394701VK3789C,1,0,0,48,0
8394706VK3789C,1,0,0,66,0
8276904VK4787E,1,0,0,50,0
8397601VK3789G,1,0,0,71,0
7773608VK3777D,0,0,1,0,101
8695320VK3789F,1,0,0,2,0
8695331VK3789F,1,0,0,4,0
8795735VK3789F,1,0,0,13,0
8795703VK3789F,1,0,0,22,0
8695367VK3789F,1,0,0,41,0
8595312VK3789F,1,0,0,2,0
8695376VK3789F,1,0,0,24,0
8601215VK3880B,1,0,0,24,0
8501207VK3880B,1,0,0,21,0
8501217VK3880B,1,0,0,33,0
8103419VK3880C,1,0,0,74,0
8301421VK3880A,1,0,0,35,0
8301401VK3880A,1,0,0,60,0
8399419VK3789G,1,0,0,87,0
8299407VK3789G,1,0,0,55,0
7398107VK3779G,1,0,0,68,0
7398115VK3779G,1,0,0,63,0
7398138VK3779G,1,0,0,53,0
7398143VK3779G,1,0,0,148,0
7398146VK3779G,1,0,0,53,0
8296406VK3789E,1,0,0,55,0
8296407VK3789E,1,0,0,234,0
8199902VK3789G,1,0,0,58,0
7803803VK3870D,1,0,0,50,0
7803809VK3870D,1,0,0,56,0
7803814VK3870D,1,0,0,130,0
7803828VK3870D,1,0,0,52,0
7803826VK3870D,1,0,0,25,0
8003301VK3880C,1,0,0,63,0
8003311VK3880C,1,0,0,185,0
8003318VK3880C,1,0,0,281,0
8003322VK3880C,1,0,0,88,0
6806214VK3860F,1,0,0,82,0
6806210VK3860F,1,0,0,54,0
6806215VK3860F,1,0,0,51,0
8103436VK3880C,1,0,0,202,0
8501267VK3880B,1,0,0,11,0
8894410VK3789D,1,0,0,2,0
8695306VK3789F,1,0,0,133,0
8695517VK3789F,1,0,0,27,0
7803841VK3870D,1,0,0,15,0
7803846VK3780D,1,0,0,29,0
8399432VK3789G,1,0,0,40,0
8795740VK3789F,1,0,0,17,0
6707329VK3860F,1,0,0,20,0
7398194VK3779G,1,0,0,24,0
7398196VK3779G,1,0,0,24,0
7398197VK3779G,1,0,0,24,0
73981A0VK3779G,1,0,0,24,0
73981A2VK3779G,1,0,0,24,0
9698311VK3799H,1,0,0,3,0
9700207VK3890B,1,0,0,12,0
9700202VK3890B,1,0,0,7,0
9799401VK3799H,1,0,0,11,0
9799419VK3799H,1,0,0,8,0
8799735VK3789H,1,0,0,30,0
8603846VK3880D,1,0,0,29,0
8603840VK3880D,1,0,0,35,0
9500847VK3890B,1,0,0,1,0
9500816VK3890B,1,0,0,6,0
9500829VK3890B,1,0,0,9,0
9799407VK3799H,1,0,0,8,0
9699707VK3799H,1,0,0,12,0
9699716VK3799H,1,0,0,11,0
8705207VK3880D,1,0,0,12,0
8700405VK3880B,1,0,0,5,0
8799719VK3789H,1,0,0,31,0
8898334VK3789H,1,0,0,5,0
8898316VK3789H,1,0,0,6,0
8703513VK3880D,1,0,0,10,0
8703702VK3880D,1,0,0,14,0
8703704VK3880D,1,0,0,8,0
9498612VK3799G,1,0,0,4,0
9498613VK3799G,1,0,0,4,0
8603825VK3880D,1,0,0,12,0
9500804VK3890B,1,0,0,12,0
44993E0VK3840A,1,0,0,50,0
4508466VK3840H,6,0,0,264,0
5103907VK3850C,1,0,0,59,0
2903303VK3820B,1,0,0,56,0
5201273VK3850A,1,0,0,25,0
5201268VK3850A,1,0,0,24,0
5103918VK3850C,1,0,0,35,0
44993C7VK3840A,1,0,0,40,0
5098935VK3749H,1,0,0,49,0
44993B1VK3840A,1,0,0,29,0
44993G3VK3840A,1,0,0,51,0
44993H3VK3840A,1,0,0,37,0
45084P5VK3840H,1,0,0,94,0
4597806VK3749F,1,0,0,32,0
4697642VK3749F,1,0,0,32,0
3105507VK3830E,1,0,0,113,0
4508432VK3840H,1,0,0,75,0
4508426VK3840H,1,0,0,97,0
4707601VK3840F,1,0,0,69,0
4707604VK3840F,1,0,0,787,0
4499320VK3840A,1,0,0,4473,0
4499323VK3840A,1,0,0,32,0
4506605VK3840F,1,0,0,34,0
3801504VK3830B,1,0,0,257,0
4101201VK3840A,1,0,0,167,0
4201901VK3840A,1,0,0,60,0
4403408VK3840C,1,0,0,78,0
5299403VK3759G,1,0,0,334,0
5201202VK3850A,1,0,0,108,0
3997505VK3739H,3,0,0,117,0
4508470VK3840H,1,0,0,32,0
3905901VK3830F,1,0,0,84,0
3105512VK3830E,1,0,0,53,0
2702707VK3820B,1,0,0,177,0
4508428VK3840H,1,0,0,246,0
5103911VK3850C,1,0,0,27,0
4508476VK3840H,1,0,0,37,0
4508486VK3840H,1,0,0,37,0
4508487VK3840H,1,0,0,37,0
4508493VK3840H,1,0,0,37,0
4508498VK3840H,1,0,0,37,0
2903301VK3820B,1,0,0,112,0
3605703VK3830F,1,0,0,89,0
3605710VK3830F,1,0,0,59,0
3602902VK3830B,3,0,0,102,0
44993I6VK3840A,1,0,0,59,0
45084C9VK3840H,1,0,0,134,0
4497501VK3749G,1,0,0,32,0
4497507VK3749G,1,0,0,32,0
4497509VK3749G,1,0,0,32,0
4497517VK3749G,1,0,0,33,0
4497522VK3749G,1,0,0,32,0
5098924VK3759G,1,0,0,61,0
4897202VK3749F,1,0,0,44,0
4896510VK3749F,1,0,0,88,0
4996307VK3749F,1,0,0,22,0
5196302VK3759E,1,0,0,22,0
5196303VK3759E,1,0,0,24,0
5196308VK3759E,1,0,0,36,0
5196316VK3759E,1,0,0,24,0
5196318VK3759E,1,0,0,22,0
5196329VK3759E,1,0,0,22,0
4697611VK3749F,1,0,0,77,0
4499395VK3840A,1,0,0,11,0
4499397VK3840A,1,0,0,11,0
4499398VK3840A,1,0,0,11,0
5201223VK3850A,1,0,0,26,0
5201224VK3850A,1,0,0,27,0
5201225VK3850A,1,0,0,27,0
2001263VK3820A,1,0,0,68,0
1504102VK3810D,1,0,0,63,0
1007478VK3810G,1,0,0,342,0
9608579VK2890H,1,0,0,7,0
9608580VK2890H,1,0,0,7,0
9608586VK2890H,1,0,0,7,0
0206305VK4700E,1,0,0,135,0
0206320VK3800E,1,0,0,19,0
0007209VK3800E,1,0,0,13,0
9608565VK2890H,3,0,0,68,0
9807604VK2890H,1,0,0,19,0
9807706VK2890F,1,0,0,25,0
9906603VK2890F,1,0,0,10,0
0106102VK3800E,1,0,0,20,0
0305413VK3800E,1,0,0,18,0
0305418VK3800E,1,0,0,1,0
0305121VK3800E,1,0,0,31,0
0305113VK3800E,1,0,0,24,0
0305103VK3800E,1,0,0,54,0
0305110VK3800E,1,0,0,25,0
0504102VK3800D,1,0,0,24,0
0504105VK3800D,1,0,0,5,0
0504111VK3800D,1,0,0,5,0
0504112VK3800D,1,0,0,5,0
0504113VK3800D,1,0,0,36,0
0703109VK3800D,1,0,0,18,0
0802214VK3800D,1,0,0,22,0
0405202VK3800E,1,0,0,23,0
0405211VK3800E,1,0,0,16,0
0106701VK3800E,1,0,0,13,0
0905901VK3800F,1,0,0,103,0
9507601VK2890H,1,0,0,8,0
1007451VK3810G,1,0,0,119,0
1007450VK3810G,1,0,0,692,0
1007434VK3810G,1,0,0,91,0
1007427VK3810G,1,0,0,111,0
1007415VK3810G,1,0,0,944,0
1007408VK3810G,1,0,0,75,0
1007405VK3810G,1,0,0,75,0
1007401VK3810G,1,0,0,58,0
9213402VK2891C,1,0,0,263,0
1106702VK3810E,1,0,0,109,0
1204901VK3810C,1,0,0,393,0
1704710VK3810D,1,0,0,63,0
1902301VK3810D,1,0,0,39,0
1902308VK3810D,1,0,0,1008,0
2001202VK3820A,1,0,0,74,0
9312113VK2891A,1,0,0,47,0
0010915VK3801A,1,0,0,127,0
0109814VK3800G,1,0,0,38,0
0109806VK3800G,1,0,0,122,0
0508501VK3800H,1,0,0,276,0
0508507VK3800H,1,0,0,159,0
0508518VK3800H,1,0,0,61,0
0407511VK3800G,1,0,0,108,0
0707701VK3800F,1,0,0,34,0
0806612VK3800F,1,0,0,57,0
0806603VK3800F,1,0,0,550,0
9509132VK2890H,1,0,0,2,0
9209716VK2890G,1,0,0,18,0
9209706VK2890G,1,0,0,14,0
9209712VK2890G,1,0,0,12,0
9208504VK2890G,1,0,0,21,0
9407401VK2890G,1,0,0,91,0
9608535VK2890H,1,0,0,7,0
9213401VK2891C,1,0,0,153,0
2103602VK3820C,1,0,0,364,0
1501103VK3810B,1,0,0,75,0
9312107VK2891A,1,0,0,87,0
0010922VK3801A,1,0,0,73,0
9208503VK2890G,1,0,0,31,0
9208523VK2890G,1,0,0,21,0
9607303VK2890H,1,0,0,29,0
0206316VK3800E,1,0,0,124,0
0007217VK3800E,1,0,0,5,0
0305116VK3800E,1,0,0,35,0
0305101VK3800E,1,0,0,19,0
9410403VK2891A,1,0,0,75,0
0205204VK3800E,1,0,0,24,0
9608561VK2890H,1,0,0,33,0
0503501VK3800D,1,0,0,31,0
9711713VK2891B,1,0,0,104,0
2001247VK3820A,1,0,0,73,0
9108713VK2890G,1,0,0,21,0
9108714VK2890G,1,0,0,9,0
4991221VK3749B,1,0,0,57,0
3293627VK3739C,1,0,0,16,0
4693454VK3749D,2,0,0,52,0
4590341VK3749B,1,0,0,4,0
4590353VK3749B,1,0,0,71,0
4391458VK3749A,1,0,0,29,0
4590332VK3749B,1,0,0,53,0
3187142VK3738E,1,0,0,20,0
5392513VK3759C,1,0,0,79,0
3389821VK3738G,1,0,0,4,0
3496403VK3739E,1,0,0,18,0
4391403VK3749A,1,0,0,32,0
2891701VK3729B,1,0,0,38,0
3487905VK3738E,1,0,0,5,0
3389801VK3738G,1,0,0,22,0
3882730VK3738B,1,0,0,14,0
5281103VK3758A,1,0,0,5,0
2986403VK3728F,1,0,0,27,0
5281509VK3758A,1,0,0,9,0
4183302VK3748C,1,0,0,4,0
4284111VK3748C,1,0,0,5,0
4383313VK3748C,1,0,0,6,0
4587405VK3748H,1,0,0,31,0
4587423VK3748H,1,0,0,66,0
4582303VK3748C,1,0,0,5,0
4992504VK3749D,1,0,0,105,0
4992505VK3749D,1,0,0,66,0
3582803VK3738B,1,0,0,4,0
3382510VK3738C,1,0,0,8,0
5292905VK3759A,1,0,0,221,0
4587418VK3748H,1,0,0,348,0
3092524VK3739C,1,0,0,8,0
3382701VK3738A,17,0,0,216,0
3082108VK3738A,1,0,0,9,0
3082116VK3738A,1,0,0,5,0
3987708VK3738F,1,0,0,9,0
4188957VK3748G,1,0,0,13,0
3082714VK3738C,1,0,0,19,0
3082715VK3738C,1,0,0,2,0
4088105VK3748G,1,0,0,6,0
3187122VK3738E,1,0,0,8,0
3682115VK3738B,1,0,0,4,0
4088118VK3748G,1,0,0,6,0
4088121VK3748G,1,0,0,6,0
3582307VK3738D,1,0,0,4,0
3582310VK3738D,1,0,0,2,0
4989124VK3748H,1,0,0,73,0
3687718VK3738F,1,0,0,22,0
3281209VK3738A,1,0,0,4,0
4587461VK3748H,1,0,0,84,0
4693448VK3749D,1,0,0,21,0
4693449VK3749D,1,0,0,25,0
4392913VK3749C,1,0,0,14,0
3687748VK3738F,1,0,0,17,0
4693416VK3749D,1,0,0,38,0
4587475VK3748H,1,0,0,48,0
2888431VK3728H,1,0,0,21,0
2693548VK3729D,1,0,0,6,0
2897728VK3729F,1,0,0,10,0
4790732VK3749B,1,0,0,25,0
2891740VK3729B,1,0,0,39,0
5090503VK3759A,1,0,0,316,0
3987712VK3738F,1,0,0,18,0
3196712VK3739E,1,0,0,125,0
3080903VK3738A,1,0,0,12,0
3080906VK3738A,1,0,0,5,0
4581202VK3748B,1,0,0,5,0
4581103VK3748B,1,0,0,5,0
2990647VK3729B,1,0,0,17,0
2990608VK3729B,1,0,0,23,0
2990612VK3729B,1,0,0,19,0
2990655VK3729B,1,0,0,23,0
3188429VK3738G,3,0,0,8,0
4188902VK3748G,1,0,0,11,0
41889B8VK3748G,11,0,0,155,0
4188919VK3748G,1,0,0,64,0
4188990VK3748G,1,0,0,14,0
4188980VK3748G,1,0,0,5,0
4781202VK3748B,1,0,0,34,0
4781104VK3748B,1,0,0,10,0
4781807VK3748B,1,0,0,7,0
4585208VK3748F,1,0,0,59,0
4585209VK3748F,1,0,0,59,0
3188454VK3738G,7,0,0,126,0
2891704VK3729B,1,0,0,16,0
2891710VK3729B,1,0,0,46,0
2891712VK3729B,1,0,0,47,0
2891716VK3729B,1,0,0,39,0
2891722VK3729B,1,0,0,44,0
2891723VK3729B,1,0,0,25,0
3091311VK3739A,1,0,0,26,0
3091306VK3739A,1,0,0,12,0
4881913VK3748B,1,0,0,17,0
4288608VK3748H,1,0,0,35,0
3189206VK3738G,1,0,0,66,0
3282309VK3738C,1,0,0,6,0
3282107VK3738A,1,0,0,5,0
3487902VK3738E,1,0,0,31,0
3487915VK3738E,1,0,0,30,0
3290507VK3739A,1,0,0,13,0
3290511VK3739A,1,0,0,1,0
41889B1VK3748G,1,0,0,24,0
41889B0VK3748G,1,0,0,24,0
4188999VK3748G,1,0,0,24,0
4981207VK3748B,1,0,0,11,0
3187126VK3738E,1,0,0,103,0
3389807VK3738G,1,0,0,30,0
4190611VK3749A,1,0,0,22,0
4190616VK3749A,1,0,0,15,0
4980211VK2748B,1,0,0,2,0
4980213VK2748B,1,0,0,10,0
2886603VK3728F,1,0,0,32,0
5193412VK3759C,1,0,0,213,0
2790836VK3729B,1,0,0,27,0
2790830VK3729B,1,0,0,25,0
2790842VK3729B,1,0,0,28,0
3384214VK3738C,1,0,0,14,0
3290516VK3739A,1,0,0,15,0
3191919VK3739A,1,0,0,33,0
3191926VK3739A,1,0,0,3,0
2886627VK3728F,1,0,0,6,0
2886628VK3728F,1,0,0,3,0
2886637VK3728F,1,0,0,5,0
2886646VK3728F,1,0,0,43,0
2886647VK3728F,1,0,0,42,0
2897708VK3729F,1,0,0,676,0
3092515VK3739C,1,0,0,10,0
3191930VK3739A,1,0,0,32,0
4991203VK3749B,1,0,0,889,0
4991204VK3749B,1,0,0,249,0
5283202VK3758C,0,1,0,0,0
4084706VK3748C,1,0,0,5,0
5184818VK3758C,1,0,0,25,0
5181304VK3758A,1,0,0,10,0
5181905VK3758A,1,0,0,7,0
5181913VK3758A,1,0,0,4,0
3687708VK3738F,1,0,0,5,0
3787910VK3738F,1,0,0,20,0
3787908VK3738F,1,0,0,9,0
3191904VK3739A,1,0,0,11,0
5184819VK3758C,1,0,0,19,0
4183306VK3748C,1,0,0,5,0
4184206VK3748C,1,0,0,13,0
3687719VK3837F,1,0,0,22,0
3887103VK3738F,1,0,0,7,0
3886505VK3738F,1,0,0,8,0
3394734VK3739C,1,0,0,8,0
3394735VK3739C,1,0,0,8,0
3394739VK3739C,1,0,0,10,0
4093609VK3749C,1,0,0,35,0
4588306VK3748G,1,0,0,62,0
4193407VK3749C,1,0,0,14,0
4184718VK3748C,1,0,0,1,0
4284117VK3748C,1,0,0,5,0
4284101VK3748C,1,0,0,8,0
4284817VK3748C,1,0,0,8,0
3887129VK3738F,1,0,0,24,0
5182705VK3758A,1,0,0,5,0
3687737VK3738F,1,0,0,1,0
3493810VK3739C,1,0,0,2,0
3494637VK3739C,1,0,0,12,0
3494622VK3739C,1,0,0,30,0
3494615VK3739C,1,0,0,35,0
3494612VK3739C,1,0,0,35,0
2398205VK3729G,1,0,0,140,0
4384203VK3748C,1,0,0,7,0
4283605VK3748C,1,0,0,5,0
4383204VK3748C,1,0,0,22,0
4383201VK3748C,1,0,0,5,0
2988801VK3728H,1,0,0,30,0
2987302VK3728H,1,0,0,26,0
3593706VK3739D,1,0,0,24,0
3593708VK3739D,1,0,0,31,0
3593711VK3739D,1,0,0,34,0
3693606VK3739D,1,0,0,53,0
3792608VK3739B,1,0,0,19,0
3095907VK3739E,1,0,0,40,0
3095911VK3739E,1,0,0,41,0
3095914VK3739E,1,0,0,104,0
4383905VK3748C,1,0,0,1,0
4383906VK3748C,1,0,0,1,0
4587437VK3748H,1,0,0,87,0
4587409VK3748H,1,0,0,33,0
4587414VK3748H,1,0,0,10,0
4587453VK3748H,1,0,0,94,0
5281901VK3758A,1,0,0,13,0
2986404VK3728F,1,0,0,1,0
5281506VK3758A,1,0,0,36,0
5281510VK3758A,1,0,0,9,0
3892806VK3739B,1,0,0,4,0
3892808VK3739B,1,0,0,6,0
4483304VK3748C,1,0,0,11,0
4692705VK3749B,1,0,0,63,0
4790708VK3749B,1,0,0,72,0
4381907VK3748A,1,0,0,2,0
3688511VK3738H,1,0,0,48,0
4381905VK3748A,1,0,0,52,0
3688516VK3738H,1,0,0,24,0
4381502VK3748A,1,0,0,7,0
4381508VK3748A,1,0,0,12,0
4381708VK3748B,1,0,0,5,0
4481402VK3748A,1,0,0,3,0
4481401VK3748A,1,0,0,3,0
3990222VK3739B,1,0,0,4,0
3682105VK3738B,1,0,0,4,0
3682113VK3738B,1,0,0,4,0
4582304VK3748C,1,0,0,5,0
4094804VK3749C,1,0,0,43,0
4194308VK3749C,1,0,0,27,0
4194309VK3749C,1,0,0,29,0
4194310VK3749C,1,0,0,35,0
4194312VK3749C,1,0,0,39,0
4294413VK3749C,2,0,0,16,0
4286902VK3748E,1,0,0,3,0
4286915VK3748E,1,0,0,3,0
4683702VK3748D,1,0,0,27,0
4682502VK3748D,1,0,0,22,0
4782404VK3748B,1,0,0,23,0
4782405VK3748B,1,0,0,8,0
4782407VK3748B,1,0,0,21,0
4983105VK3748D,1,0,0,11,0
2789808VK3728H,1,0,0,7,0
4394509VK3749C,1,0,0,38,0
4391459VK3749A,1,0,0,31,0
4391465VK3749A,4,0,0,48,0
4391470VK3749A,1,0,0,26,0
4391404VK3749A,1,0,0,54,0
3983812VK3738D,1,0,0,80,0
3882721VK3738B,1,0,0,14,0
2888419VK3728H,1,0,0,3,0
2888403VK3728H,1,0,0,1,0
2888421VK3728H,1,0,0,3,0
2888402VK3728H,2,0,0,43,0
2990619VK3729B,1,0,0,20,0
2990629VK3729B,1,0,0,25,0
2990632VK3729B,1,0,0,25,0
4391485VK3749A,1,0,0,29,0
4391413VK3749A,1,0,0,31,0
4391424VK3749A,1,0,0,39,0
5491402VK3759A,1,0,0,45,0
3886514VK3738F,5,0,0,15,0
3887114VK3738F,1,0,0,6,0
3079304VK3737G,1,0,0,25,0
3079302VK3737G,1,0,0,21,0
2897716VK3729F,1,0,0,49,0
2897717VK3729F,1,0,0,55,0
3582410VK3738D,1,0,0,16,0
5290808VK3759B,1,0,0,108,0
3389831VK3738G,1,0,0,14,0
4588305VK3748G,1,0,0,75,0
5490801VK3759B,1,0,0,70,0
5290801VK3759B,1,0,0,62,0
4682401VK3748D,1,0,0,4,0
4781206VK3748B,1,0,0,18,0
4294416VK3749C,1,0,0,25,0
4880404VK3748B,1,0,0,6,0
4188953VK3748G,1,0,0,14,0
4188966VK3748G,1,0,0,5,0
4981906VK3748B,1,0,0,10,0
2693518VK3729D,1,0,0,54,0
3687714VK3738F,1,0,0,23,0
3688513VK3738H,1,0,0,39,0
5180302VK3758A,1,0,0,3,0
4991216VK3749B,1,0,0,58,0
4991216VK4749B,1,0,0,44,0
2790826VK3729B,1,0,0,3,0
4391430VK3749A,1,0,0,31,0
3687735VK3738F,1,0,0,1,0
3882711VK3738B,1,0,0,18,0
3892812VK3739B,1,0,0,61,0
2789818VK3728H,1,0,0,11,0
4989107VK3748H,2,0,0,64,0
4989106VK3748H,2,0,0,64,0
4693408VK3749D,2,0,0,85,0
2891724VK3729B,1,0,0,25,0
4693402VK3749D,2,0,0,96,0
2990618VK3729B,1,0,0,24,0
2990656VK3729B,1,0,0,17,0
4188955VK3748G,1,0,0,13,0
4293708VK3749C,1,0,0,21,0
4294408VK3749C,1,0,0,30,0
4186905VK3748E,1,0,0,10,0
3188483VK3738G,1,0,0,26,0
4483808VK3748C,1,0,0,5,0
3092540VK3739C,1,0,0,20,0
2693524VK3729D,24,0,0,188,0
3589118VK3738H,1,0,0,11,0
4590345VK3749B,1,0,0,29,0
3290528VK3739A,1,0,0,30,0
2790851VK3729B,3,0,0,85,0
2789835VK3728H,1,0,0,13,0
3688523VK3738H,1,0,0,17,0
2897727VK3729F,1,0,0,56,0
73231X4VK3772C,1,0,0,8,0
7130229VK3773A,1,0,0,70,0
8130304VK3783A,1,0,0,40,0
7130235VK3773A,1,0,0,124,0
7130226VK3773A,1,0,0,233,0
7735717VK3773F,1,0,0,97,0
8035706VK3783E,1,0,0,80,0
8442411VK3784C,1,0,0,907,0
8035408VK3783E,1,0,0,28,0
7831310VK3773B,1,0,0,34,0
7935703VK3773F,1,0,0,53,0
7933316VK3773D,1,0,0,126,0
7940626VK3774B,1,0,0,55,0
7433715VK3773C,1,0,0,112,0
7232414VK3773C,1,0,0,299,0
7233211VK3773C,1,0,0,21,0
7938524VK3773H,1,0,0,87,0
7234604VK3773C,1,0,0,1078,0
7635604VK3773F,2,0,0,137,0
7832618VK3773B,1,0,0,34,0
7832622VK3773B,1,0,0,34,0
7832623VK3773B,1,0,0,34,0
7638701VK3773H,1,0,0,219,0
8340602VK3784A,1,0,0,118,0
8440502VK3784A,1,0,0,174,0
7832612VK3773B,1,0,0,34,0
8539620VK3783H,1,0,0,244,0
7633442VK3773D,1,0,0,10,0
6823104VK3762D,1,0,0,48,0
6827404VK3762H,1,0,0,141,0
6227110VK3762E,1,0,0,27,0
6227105VK3762E,1,0,0,17,0
6732109VK3763B,1,0,0,680,0
6823103VK3762D,1,0,0,48,0
7017123VK3771E,1,0,0,894,0
5818303VK3751H,1,0,0,28,0
6012428VK3761C,1,0,0,281,0
2500812VK3720B,1,0,0,19,0
3921702VK3732B,1,0,0,17,0
4117523VK3741G,1,0,0,107,0
4117508VK3741G,1,0,0,9,0
3002502VK3730C,1,0,0,161,0
4405868VK3740E,0,0,1,0,126
4004901VK4840C,1,0,0,15,0
4004910VK4840C,1,0,0,17,0
4900610VK3740B,0,1,0,65,0
45091D3VK3740H,1,0,0,7,0
45091C0VK3740H,1,0,0,8,0
7614908VK3771D,0,0,1,0,32
5037442VK4753G,0,0,1,0,90
4730403VK4743B,0,0,1,0,71
4033903VK4743C,1,0,0,14,0
4661716VK4746B,1,0,0,132,0
4759618VK4745H,1,0,0,256,0
4558404VK4745H,1,0,0,183,0
4355801VK4745E,0,1,0,82,0
5765513VK4756F,1,0,0,94,0
5660903VK4756B,1,0,0,156,0
6650805VK4765B,0,0,1,0,138
6650803VK4765B,0,0,1,0,268
5757811VK4755F,0,2,0,166,0
5860111VK4756B,1,0,0,33,0
5463619VK4756C,1,0,0,225,0
4663401VK4746D,1,0,0,362,0
4562907VK4746B,1,0,0,12,0
5266202VK4756E,1,0,0,50,0
5266109VK4756E,1,0,0,108,0
5464310VK4756C,1,0,0,67,0
5766903VK4756F,1,0,0,206,0
5667905VK4756H,0,0,1,0,61
5568007VK4756E,1,0,0,62,0
5270125VK4757A,1,0,0,27,0
5370826VK4757A,1,0,0,15,0
5269926VK4756G,1,0,0,10,0
5272802VK4757A,1,0,0,13,0
5471404VK4757A,1,0,0,27,0
5270303VK4757A,1,0,0,52,0
5271755VK4757A,1,0,0,7,0
5270126VK4757A,1,0,0,17,0
5370848VK4757A,1,0,0,3,0
5471422VK4757A,1,0,0,224,0
5872422VK4757D,1,0,0,26,0
5376310VK4757E,1,0,0,56,0
4976614VK4747F,1,0,0,15,0
4279020VK4847G,0,1,0,39,0
4687032VK4748H,5,0,0,90,0
4781001VK4848B,0,0,1,0,162
4087218VK4848E,1,0,0,47,0
4288827VK4848G,1,0,0,41,0
4491202VK4849A,1,0,0,17,0
4288826VK4848G,1,0,0,98,0
3607015VK4830F,1,0,0,4,0
3403935VK4830C,1,0,0,34,0
3208013VK4830G,0,0,1,0,147
8584013VK4788D,1,0,0,1,0
8086128VK4788E,1,0,0,16,0
8482322VK4788C,1,0,0,38,0
7784811VK4778D,1,0,0,21,0
8185018VK4788E,1,0,0,26,0
8183905VK4788C,1,0,0,10,0
8183906VK4788C,1,0,0,7,0
8183908VK4788C,1,0,0,10,0
8183913VK4788C,1,0,0,11,0
8084009VK4788C,1,0,0,44,0
8283820VK4788C,1,0,0,40,0
8382004VK4788A,1,0,0,6,0
8182609VK4788C,1,0,0,24,0
8182604VK4788C,1,0,0,11,0
8084007VK4788C,1,0,0,13,0
8083421VK4788C,1,0,0,12,0
8086116VK4788E,1,0,0,26,0
8086110VK4788E,1,0,0,49,0
8185404VK4788E,1,0,0,15,0
8185403VK4788E,1,0,0,15,0
8383419VK4788C,1,0,0,16,0
8383422VK4788C,1,0,0,18,0
8383623VK4788C,1,0,0,25,0
8383627VK4788C,1,0,0,61,0
8185025VK4788E,1,0,0,28,0
8084022VK4788C,1,0,0,1,0
8182607VK4788C,1,0,0,29,0
8083447VK4788C,1,0,0,43,0
7282411VK4778C,1,0,0,47,0
7383805VK4778C,1,0,0,14,0
7383806VK4778C,1,0,0,14,0
7383819VK4778C,1,0,0,14,0
7383820VK4778C,1,0,0,15,0
7383826VK4778C,1,0,0,14,0
8481015VK4788A,1,0,0,21,0
8481016VK4788A,1,0,0,26,0
7383827VK4778C,1,0,0,14,0
5783068VK4758D,1,0,0,73,0
60920K3VK4759B,1,0,0,51,0
4986611VK4748F,1,0,0,12,0
4986613VK4748F,1,0,0,46,0
4987702VK4748F,1,0,0,13,0
6092030VK4759B,1,0,0,12,0
6092028VK4759B,1,0,0,15,0
4985405VK4748F,1,0,0,29,0
4985416VK4748F,1,0,0,24,0
5686071VK4758F,1,0,0,53,0
5686003VK4758F,1,0,0,431,0
60920E0VK4759B,1,0,0,41,0
60920E3VK4759B,1,0,0,46,0
60920E7VK4759B,1,0,0,32,0
60920F4VK4759B,1,0,0,14,0
60920G1VK4759B,1,0,0,14,0
5484040VK4758D,1,0,0,88,0
5484077VK4758D,2,0,0,63,0
5484084VK4758D,1,0,0,52,0
5484059VK4758D,1,0,0,47,0
5484063VK4758D,1,0,0,40,0
60920C3VK4759B,1,0,0,67,0
6092003VK4759B,1,0,0,24,0
6092005VK4759B,1,0,0,28,0
6092023VK4759B,1,0,0,11,0
6092024VK4759B,1,0,0,15,0
6092027VK4759B,1,0,0,12,0
5992004VK4759B,1,0,0,40,0
5992009VK4759B,1,0,0,44,0
5484071VK4758D,1,0,0,42,0
54840A0VK4758C,1,0,0,36,0
5484078VK4758D,1,0,0,29,0
5484081VK4758D,1,0,0,38,0
5484007VK4758D,1,0,0,76,0
4787507VK4748H,1,0,0,20,0
4788405VK4748H,1,0,0,33,0
5783029VK4758D,1,0,0,23,0
4788608VK4748H,1,0,0,32,0
4788618VK4748H,1,0,0,2,0
5186931VK4758E,1,0,0,28,0
5186933VK4758E,1,0,0,49,0
6391218VK4769A,1,0,0,17,0
6293202VK4769C,1,0,0,1421,0
5084934VK4758C,1,0,0,15,0
5084922VK4758C,1,0,0,62,0
5486301VK4758E,1,0,0,21,0
6190912VK4769A,1,0,0,163,0
6190939VK4769A,1,0,0,263,0
6190932VK4769A,1,0,0,23,0
6190937VK4769A,1,0,0,24,0
6190941VK4769A,1,0,0,12,0
4984414VK4748D,1,0,0,21,0
5985019VK4758F,2,0,0,84,0
6085013VK4758F,1,0,0,37,0
6085024VK4758F,1,0,0,63,0
6092044VK4759B,1,0,0,23,0
6085043VK4758F,1,0,0,20,0
6487213VK4768G,1,0,0,51,0
6085007VK4758F,1,0,0,46,0
6085010VK4758F,1,0,0,107,0
6485004VK4768E,1,0,0,52,0
6485006VK4768E,1,0,0,58,0
6485009VK4768E,1,0,0,61,0
6683054VK4768F,1,0,0,25,0
6085003VK4758F,1,0,0,29,0
5987323VK4768G,1,0,0,340,0
5987324VK4768G,1,0,0,41,0
5987330VK4768G,1,0,0,85,0
5987328VK4768G,1,0,0,18,0
5987305VK4768G,1,0,0,31,0
5987307VK4768G,1,0,0,18,0
5987334VK4768G,1,0,0,31,0
5987341VK4758H,1,0,0,30,0
5788702VK4758H,1,0,0,48,0
5484001VK4758D,1,0,0,80,0
6487222VK4768G,1,0,0,52,0
60920J3VK4759B,1,0,0,58,0
60920J6VK4759B,1,0,0,17,0
60920A2VK4759B,1,0,0,111,0
6092066VK4759B,1,0,0,561,0
6683010VK4768F,1,0,0,41,0
6683013VK4768F,1,0,0,17,0
6683004VK4768F,1,0,0,17,0
6683002VK4768F,1,0,0,42,0
6683023VK4768F,1,0,0,22,0
6683029VK4768F,1,0,0,63,0
6683062VK4768F,1,0,0,35,0
4887622VK4748H,1,0,0,34,0
5586202VK4758E,1,0,0,47,0
5586203VK4758E,1,0,0,47,0
5586208VK4758E,1,0,0,48,0
6588630VK4768H,1,0,0,52,0
6588622VK4768H,1,0,0,66,0
6588625VK4768H,1,0,0,80,0
6588628VK4768H,1,0,0,65,0
6588632VK4768H,1,0,0,20,0
6789101VK4768H,1,0,0,18,0
6789140VK4768H,1,0,0,84,0
6890008VK4769B,1,0,0,32,0
6890016VK4769B,1,0,0,35,0
6890022VK4769B,1,0,0,22,0
5085602VK4758E,1,0,0,14,0
5287902VK4758E,1,0,0,28,0
5287904VK4758E,1,0,0,14,0
6590509VK4769B,1,0,0,16,0
6590517VK4769B,1,0,0,15,0
6590524VK4769B,1,0,0,10,0
6588614VK4768H,1,0,0,31,0
60920F6VK4759B,1,0,0,14,0
60920H5VK4759B,1,0,0,22,0
5287923VK4758E,1,0,0,15,0
6987405VK4778G,1,0,0,13,0
6987406VK4778G,1,0,0,13,0
6190906VK4769A,1,0,0,1,0
5686014VK4758F,1,0,0,32,0
6588606VK4768H,1,0,0,62,0
6588607VK4768H,1,0,0,39,0
6588609VK4768H,1,0,0,40,0
6588615VK4768H,1,0,0,31,0
6789135VK4768H,1,0,0,35,0
5987346VK4768G,1,0,0,27,0
5288814VK4758G,1,0,0,39,0
60920K7VK4759B,1,0,0,35,0
6485067VK4768E,1,0,0,48,0
5484079VK4758D,1,0,0,22,0
6092014VK4759B,1,0,0,32,0
6386942VK4768E,1,0,0,71,0
6485018VK4768E,1,0,0,31,0
6588633VK4768H,1,0,0,22,0
6683072VK4768F,1,0,0,47,0
4985415VK4748F,1,0,0,25,0
5084923VK4758C,1,0,0,39,0
6386947VK4768E,1,0,0,25,0
6485057VK4768E,1,0,0,22,0
6683086VK4768F,1,0,0,47,0
4787521VK4748H,1,0,0,31,0
4787525VK4748H,1,0,0,9,0
4787527VK4748H,1,0,0,9,0
5985021VK4758F,1,0,0,71,0
5992013VK4759B,1,0,0,57,0
5484034VK4758D,1,0,0,6,0
60920A8VK4759B,1,0,0,38,0
4985430VK4748F,1,0,0,33,0
54840A5VK4758D,1,0,0,24,0
54840A8VK4758D,1,0,0,21,0
54840B3VK4758D,1,0,0,30,0
4988614VK4748H,1,0,0,14,0
4988615VK4748H,1,0,0,12,0
6588640VK4768H,1,0,0,21,0
54840B6VK4758D,1,0,0,26,0
4592732VK4749D,1,0,0,18,0
4593211VK4749D,1,0,0,20,0
5292428VK4759C,1,0,0,5,0
4690308VK4749B,1,0,0,102,0
4692909VK4749B,1,0,0,45,0
5098409VK4759G,1,0,0,24,0
5895304VK3659F,1,0,0,74,0
4990419VK4749B,1,0,0,2,0
4990804VK4749B,1,0,0,16,0
4991222VK4749B,1,0,0,30,0
4991223VK4749B,1,0,0,32,0
5389306VK4758G,1,0,0,46,0
4791903VK4749B,1,0,0,9,0
4791908VK4749B,1,0,0,9,0
4992560VK4749D,1,0,0,26,0
5189312VK4758G,1,0,0,22,0
4799116VK4749H,1,0,0,31,0
5190113VK4759A,1,0,0,10,0
5190314VK4759A,2,0,0,8,0
5190316VK4759A,1,0,0,24,0
5193601VK4759C,1,0,0,3,0
4492910VK4749A,1,0,0,23,0
4492922VK4749A,1,0,0,2,0
4493216VK4749C,1,0,0,12,0
4493230VK4749C,1,0,0,22,0
4494306VK4749C,1,0,0,13,0
4494308VK4749C,1,0,0,15,0
4999502VK4749H,1,0,0,104,0
4889207VK4748H,1,0,0,8,0
4889212VK4748H,1,0,0,12,0
5198304VK4759G,1,0,0,240,0
4893115VK4749D,1,0,0,6,0
4893124VK4749D,1,0,0,6,0
4893126VK4749D,1,0,0,6,0
4893131VK4749D,1,0,0,6,0
4893134VK4749D,1,0,0,6,0
4893136VK4749D,1,0,0,6,0
4592106VK4749B,1,0,0,4,0
4592112VK4749B,1,0,0,13,0
5289210VK4758G,1,0,0,22,0
5289309VK4758G,1,0,0,157,0
4394113VK4749C,1,0,0,39,0
4990813VK4749B,1,0,0,16,0
5198313VK4759G,1,0,0,34,0
4799623VK4749H,1,0,0,22,0
4200058VK4840C,1,0,0,35,0
4901513VK4840B,1,0,0,7,0
4901503VK4840B,1,0,0,2,0
3900901VK4830B,1,0,0,19,0
4200040VK4840C,1,0,0,26,0
4200026VK4840C,1,0,0,18,0
3999511VK4739H,1,0,0,16,0
4801710VK4840B,1,0,0,29,0
4802115VK4840B,1,0,0,2,0
4802128VK4840B,1,0,0,2,0
5001111VK4850A,1,0,0,15,0
5002111VK4850A,1,0,0,17,0
5608025VK4850H,1,0,0,45,0
5002113VK4850A,1,0,0,10,0
4800202VK4840B,1,0,0,1,0
4900314VK4840B,1,0,0,2,0
4110903VK4841A,1,0,0,79,0
3908407VK4830H,1,0,0,7,0
3804207VK4830D,1,0,0,19,0
3804601VK4830D,1,0,0,34,0
3904304VK4830D,1,0,0,17,0
3904314VK4830D,1,0,0,32,0
3904315VK4830D,1,0,0,15,0
3904316VK4830D,1,0,0,21,0
3904507VK4830D,1,0,0,18,0
4005204VK4840E,1,0,0,15,0
4005219VK4840E,1,0,0,31,0
3803923VK4830D,1,0,0,21,0
3903908VK4830D,1,0,0,19,0
3903514VK4830D,1,0,0,11,0
4103911VK4840C,1,0,0,25,0
4103915VK4840C,1,0,0,30,0
3804212VK4830D,1,0,0,2,0
3903914VK4830D,1,0,0,23,0
4103918VK4840C,1,0,0,22,0
3904308VK4830D,1,0,0,40,0
3904508VK4830D,1,0,0,20,0
6319505VK4861G,1,0,0,16,0
6319508VK4861G,1,0,0,19,0
6704902VK4860D,0,0,1,0,93
6812708VK4861B,1,0,0,52,0
6218615VK4861G,1,0,0,592,0
6317311VK4861G,1,0,0,35,0
6517122VK4861F,1,0,0,23,0
6516214VK4861F,1,0,0,16,0
6416813VK4861E,1,0,0,24,0
6516213VK4861F,1,0,0,29,0
6515504VK4861F,1,0,0,13,0
6515516VK4861F,1,0,0,8,0
6044201VK4854D,36,0,0,1261,0
6543905VK4864D,1,0,0,20,0
6515916VK4861F,1,0,0,8,0
6441903VK4864A,1,0,0,32,0
6441907VK4864A,1,0,0,52,0
6340704VK4863G,1,0,0,67,0
6340713VK4863G,1,0,0,66,0
6340712VK4863G,1,0,0,66,0
6540322VK4864B,1,0,0,50,0
6540320VK4864B,1,0,0,31,0
6909110VK4860H,1,0,0,4,0
6440312VK4864A,1,0,0,43,0
6514309VK4861D,1,0,0,6,0
6713908VK4861D,1,0,0,8,0
6713914VK4861D,1,0,0,21,0
6317815VK4861E,1,0,0,31,0
6913925VK4861D,1,0,0,90,0
6810227VK4860H,1,0,0,20,0
6810235VK4860H,1,0,0,23,0
6514302VK4861D,1,0,0,416,0
6712921VK4861B,1,0,0,6,0
6712920VK4861B,1,0,0,6,0
6615705VK4861F,1,0,0,11,0
6214625VK4861C,1,0,0,5,0
6214605VK4861C,1,0,0,5,0
6214603VK4861C,1,0,0,5,0
6810204VK4861B,1,0,0,24,0
6214618VK4861C,1,0,0,5,0
6214622VK4861C,1,0,0,5,0
6419004VK4861G,1,0,0,35,0
6315415VK4861E,1,0,0,1,0
6913813VK4861D,1,0,0,22,0
6115547VK4861E,1,0,0,1,0
6315418VK4861E,1,0,0,1,0
6220927VK4862A,1,0,0,62,0
6808722VK4860H,1,0,0,13,0
6214638VK4861C,1,0,0,17,0
6214642VK4861C,1,0,0,2,0
6214643VK4861C,1,0,0,17,0
6214647VK4861C,1,0,0,17,0
6214650VK4861C,1,0,0,17,0
7007216VK4870E,1,0,0,19,0
6218604VK4861G,1,0,0,26,0
6809429VK4861B,1,0,0,6,0
6813918VK4861D,1,0,0,39,0
6614416VK4861F,1,0,0,18,0
6614417VK4861F,1,0,0,17,0
6615709VK4861F,1,0,0,11,0
6216404VK4861E,1,0,0,51,0
6139615VK4861G,1,0,0,14,0
6129910VK4861G,1,0,0,69,0
6219107VK4861G,1,0,0,30,0
6219110VK4861G,1,0,0,30,0
6416818VK4861E,1,0,0,31,0
6416820VK4861E,1,0,0,23,0
7011121VK4871A,1,0,0,20,0
7011110VK4871A,1,0,0,16,0
6417542VK4861G,1,0,0,20,0
6812106VK4861B,1,0,0,12,0
6809714VK4860H,1,0,0,11,0
7007205VK4870E,1,0,0,3,0
7007206VK4870E,1,0,0,3,0
6216408VK4861E,1,0,0,24,0
6219303VK4861G,1,0,0,18,0
6319517VK4861G,1,0,0,15,0
6320619VK4862A,1,0,0,12,0
6320631VK4862A,1,0,0,15,0
6320614VK4862A,1,0,0,18,0
6220907VK4862A,1,0,0,7,0
6220912VK4862A,1,0,0,7,0
4732107VK4843A,1,0,0,15,0
6418916VK4861G,1,0,0,27,0
6813722VK4861D,1,0,0,16,0
6717216VK4861F,1,0,0,21,0
6717217VK4861F,1,0,0,3,0
7011128VK4871A,1,0,0,9,0
6717214VK4861F,1,0,0,11,0
0269301VK4606G,0,0,12,0,508
9466414VK3696E,0,0,10,0,272
9863802VK3696D,1,0,0,75,0
9863807VK3696D,1,0,0,160,0
9861105VK3696B,1,0,0,878,0
0366504VK4606E,1,0,0,123,0
0065213VK4606E,1,0,0,78,0
9565911VK3696F,1,0,0,39,0
9465707VK3696C,0,0,1,0,268
9566411VK3696F,1,0,0,95,0
2271913VK4626G,0,0,1,0,2164
1569903VK4616H,1,0,0,13,0
1972803VK5717B,1,0,0,87,0
0671814VK4607B,1,0,0,28,0
1180806VK4618A,1,0,0,51,0
0975610VK4607F,1,0,0,578,0
0864205VK4606D,1,0,0,324,0
8884245VK4688D,1,0,0,8,0
8884250VK4688D,1,0,0,9,0
0177639VK5607G,1,0,0,3,0
0276942VK5607E,1,0,0,2,0
0276944VK5607E,1,0,0,2,0
8683921VK4688D,1,0,0,15,0
8198811VK4689G,1,0,0,57,0
5594911VK4659D,0,0,1,0,109
0276978VK5607E,1,0,0,1,0
0276982VK5607E,1,0,0,1,0
8198803VK4689G,1,0,0,30,0
5096606VK4659E,0,0,1,0,235
8096506VK4689E,1,0,0,33,0
8884213VK4688D,1,0,0,15,0
0480421VK5608A,1,0,0,4,0
0480426VK5608A,1,0,0,24,0
0582323VK5608D,1,0,0,22,0
0582324VK5608D,1,0,0,49,0
8983926VK4688D,1,0,0,11,0
8983927VK4688D,1,0,0,33,0
9379927VK4697G,1,0,0,20,0
0077124VK5607E,1,0,0,18,0
8683943VK4688D,1,0,0,19,0
8683928VK4688D,1,0,0,19,0
8683929VK4688D,1,0,0,2,0
8683930VK4688D,1,0,0,24,0
8683933VK4688D,1,0,0,19,0
0483217VK5608C,1,0,0,32,0
9976739VK4697F,1,0,0,18,0
7685936VK4678F,1,0,0,44,0
0582339VK5608D,1,0,0,19,0
0582340VK5608D,0,1,0,0,0
0276969VK5607E,1,0,0,2,0
9278606VK4697G,1,0,0,24,0
9976718VK4697F,1,0,0,12,0
8299505VK4689G,1,0,0,5,0
0483210VK5608C,1,0,0,18,0
8288504VK4688G,1,0,0,150,0
7786209VK4678F,1,0,0,16,0
7786215VK4678F,1,0,0,11,0
0379552VK5607G,1,0,0,5,0
0177612VK5607G,1,0,0,4,0
8096113VK4689E,1,0,0,43,0
0379519VK5607G,1,0,0,5,0
0379531VK5607G,1,0,0,5,0
0379532VK5607G,1,0,0,5,0
0379537VK5607G,1,0,0,5,0
0276916VK5607E,1,0,0,20,0
0276917VK5607E,1,0,0,29,0
0276922VK5607E,1,0,0,20,0
9976734VK4697F,1,0,0,17,0
8527914VK4782H,1,0,0,16,0
8428112VK4782G,1,0,0,94,0
7929719VK4772H,1,0,0,21,0
7630902VK4773B,0,0,1,0,90
8029318VK4782G,1,0,0,23,0
3724604VK5732D,1,0,0,6,0
3724614VK5732D,1,0,0,6,0
3724627VK5732D,1,0,0,6,0
3724631VK5732D,1,0,0,6,0
3621940VK5732B,1,0,0,6,0
3621937VK5732B,1,0,0,6,0
3621908VK5732B,1,0,0,6,0
3621907VK5732B,1,0,0,6,0
3727725VK5732F,1,0,0,38,0
3727714VK5732F,1,0,0,41,0
3727710VK5732F,1,0,0,41,0
3727705VK5732F,1,0,0,41,0
3519227VK5731H,1,0,0,5,0
3519229VK5731H,1,0,0,5,0
3219605VK4731G,1,0,0,35,0
3219605VK5731G,1,0,0,9,0
3219615VK5731G,1,0,0,9,0
3219616VK5731G,1,0,0,9,0
3219619VK5731G,1,0,0,9,0
3219640VK5731G,1,0,0,9,0
2622641VK5722D,1,0,0,5,0
2622657VK5722D,1,0,0,5,0
2622664VK5722D,1,0,0,5,0
2622666VK5722D,1,0,0,5,0
2622624VK5722D,1,0,0,5,0
2622630VK5722D,1,0,0,5,0
2622635VK5722D,1,0,0,5,0
2622637VK5722D,1,0,0,5,0
2734622VK5723D,1,0,0,13,0
2622608VK5722D,1,0,0,5,0
3319905VK5731G,1,0,0,9,0
3319909VK5731G,1,0,0,9,0
3319919VK5731G,1,0,0,9,0
3319931VK5731G,1,0,0,9,0
3725515VK5732F,1,0,0,9,0
3725520VK5732F,1,0,0,9,0
3725523VK5732F,1,0,0,9,0
3725528VK5732F,1,0,0,9,0
3725532VK5732F,1,0,0,9,0
3725536VK5732F,1,0,0,9,0
3319933VK5731G,1,0,0,9,0
3319943VK5731G,1,0,0,9,0
3727527VK5732H,1,0,0,4,0
3727525VK5732H,1,0,0,4,0
3727520VK5732H,1,0,0,4,0
3727505VK5732H,1,0,0,4,0
3727502VK5732H,1,0,0,4,0
3631433VK5733B,1,0,0,1,0
2933423VK5723D,1,0,0,2,0
2523967VK5722D,1,0,0,11,0
2523975VK5722D,1,0,0,12,0
2523978VK5722D,1,0,0,11,0
2523980VK5722D,1,0,0,11,0
2523984VK5722D,1,0,0,11,0
8229632VK4782G,1,0,0,18,0
8229633VK4782G,1,0,0,18,0
3434836VK5733C,1,0,0,13,0
3434837VK5733C,1,0,0,13,0
8229618VK4782G,1,0,0,34,0
2625803VK5722F,1,0,0,704,0
3519207VK5731H,1,0,0,5,0
3519209VK5731H,1,0,0,5,0
2430402VK5723A,1,0,0,881,0
2433405VK5723C,1,0,0,981,0
2225752VK5722E,1,0,0,2,0
3727737VK5732F,1,0,0,40,0
8131823VK4783A,1,0,0,157,0
8832950VK4783B,1,0,0,1,0
6365507VK4766E,1,0,0,472,0
7770409VK4777B,1,0,0,2,0
7770406VK4777B,1,0,0,18,0
7769339VK4776H,1,0,0,25,0
7769332VK4776H,1,0,0,7,0
7769314VK4776H,1,0,0,3,0
7970104VK4777B,1,0,0,43,0
7970122VK4777B,1,0,0,20,0
7869416VK4776H,1,0,0,6,0
7869405VK4776H,1,0,0,29,0
7773104VK4777D,5,0,0,78,0
7773107VK4777D,1,0,0,13,0
7773112VK4777D,1,0,0,17,0
7869435VK4776H,1,0,0,32,0
7869438VK4776H,1,0,0,10,0
7871926VK4777B,1,0,0,12,0
7744803VK4774D,1,0,0,25,0
8246106VK4784E,1,0,0,1,0
8246113VK4784E,1,0,0,14,0
8045932VK4784E,1,0,0,19,0
7744822VK4774D,1,0,0,1,0
7744825VK4774D,1,0,0,11,0
7744831VK4774D,1,0,0,18,0
7744833VK4774D,1,0,0,17,0
7744845VK4774D,1,0,0,1,0
7744849VK4774D,1,0,0,11,0
7744853VK4774D,1,0,0,1,0
7744855VK4774D,1,0,0,1,0
7744806VK4774D,1,0,0,19,0
7744818VK4774D,1,0,0,26,0
8648826VK4784H,1,0,0,4,0
8648825VK4784H,1,0,0,4,0
9256919VK4795E,1,0,0,21,0
8648801VK4784H,11,0,0,49,0
8949201VK4784H,13,0,0,63,0
8547205VK4784H,1,0,0,5,0
9256906VK4795E,1,0,0,20,0
9256911VK4795E,1,0,0,23,0
9256912VK4795E,1,0,0,2,0
8547221VK4784H,1,0,0,2,0
8547222VK4784H,1,0,0,13,0
9256928VK4795E,1,0,0,14,0
1578520VK5717H,1,0,0,12,0
1674704VK5715D,1,0,0,35,0
1674705VK5715D,1,0,0,8,0
1874507VK5717D,1,0,0,117,0
1773502VK5717D,1,0,0,57,0
1973411VK5717D,1,0,0,16,0
1973413VK5717D,1,0,0,6,0
9779902VK4797H,1,0,0,9,0
1577101VK5717H,2,0,0,34,0
1779120VK5717H,1,0,0,8,0
1674708VK5715D,1,0,0,140,0
1674718VK5715D,1,0,0,12,0
1578720VK5717H,1,0,0,25,0
1773815VK5717D,1,0,0,40,0
1675506VK5717F,1,0,0,3,0
1675515VK5717F,1,0,0,28,0
1579718VK5717H,1,0,0,7,0
1578533VK5717H,1,0,0,26,0
1578536VK5717H,1,0,0,26,0
1578538VK5717H,1,0,0,26,0
1578540VK5717H,1,0,0,26,0
1578530VK5717H,1,0,0,7,0
1672714VK5717B,1,0,0,51,0
1873409VK5717D,1,0,0,18,0
1774522VK5717D,1,0,0,16,0
1674406VK5717D,1,0,0,18,0
7776312VK4777F,1,0,0,30,0
7679702VK4777H,1,0,0,23,0
8079913VK4787G,1,0,0,25,0
8079901VK4787G,1,0,0,9,0
8179728VK4787G,1,0,0,76,0
7875403VK4777F,1,0,0,11,0
7875401VK4777F,1,0,0,44,0
8278905VK4787G,1,0,0,36,0
8071119VK4787A,1,0,0,3,0
8071136VK4787A,1,0,0,20,0
7877611VK4777F,1,0,0,31,0
7977404VK4777F,1,0,0,28,0
8071102VK4787A,1,0,0,31,0
8070922VK4787A,1,0,0,28,0
8070925VK4787A,1,0,0,8,0
8178818VK4787G,1,0,0,4,0
8177104VK4787E,1,0,0,23,0
7976601VK4777F,1,0,0,22,0
8778417VK4787H,1,0,0,5,0
7475610VK4777E,1,0,0,25,0
8679722VK4787H,1,0,0,32,0
8578607VK4787H,1,0,0,14,0
8073411VK4787C,1,0,0,1,0
8073402VK4787C,1,0,0,14,0
7972916VK4777B,1,0,0,15,0
7778106VK4777H,1,0,0,40,0
7778110VK4777H,1,0,0,7,0
7778117VK4777H,1,0,0,8,0
7778118VK4777H,1,0,0,8,0
7678803VK4777H,1,0,0,24,0
7972908VK4777B,1,0,0,30,0
7877110VK4777F,1,0,0,9,0
7971505VK4777B,1,0,0,42,0
7971529VK4777B,1,0,0,27,0
8172202VK4787A,1,0,0,11,0
8172217VK4787A,1,0,0,57,0
7677802VK4777F,1,0,0,10,0
7978210VK4777H,1,0,0,14,0
8379920VK4787G,1,0,0,24,0
8278923VK4787G,1,0,0,5,0
8179502VK4787G,1,0,0,17,0
8278924VK4787G,1,0,0,36,0
7972904VK4777B,1,0,0,27,0
8172219VK4787A,1,0,0,25,0
7976633VK4777F,1,0,0,23,0
5677213VK4557F,1,0,0,10,0
6074336VK4767C,1,0,0,1,0
6074310VK4767C,1,0,0,15,0
6074708VK4767C,1,0,0,4,0
6074704VK4767C,1,0,0,4,0
6074733VK4767C,1,0,0,2,0
6074729VK4767C,1,0,0,2,0
6171534VK4767A,1,0,0,27,0
6272707VK4767A,1,0,0,31,0
6371914VK4767A,1,0,0,4,0
6371905VK4767A,1,0,0,5,0
6371910VK4767A,1,0,0,5,0
6472806VK4767A,1,0,0,37,0
6472824VK4767A,1,0,0,19,0
6472825VK4767A,1,0,0,37,0
6472828VK4767A,1,0,0,19,0
6472821VK4767A,1,0,0,26,0
6571103VK4767B,1,0,0,6,0
6571111VK4767B,1,0,0,23,0
6671410VK4767B,1,0,0,3,0
6370141VK4767A,1,0,0,21,0
6171549VK4766G,1,0,0,17,0
6076805VK4767E,1,0,0,3,0
6269308VK4767G,1,0,0,20,0
6571116VK4767B,1,0,0,23,0
6571117VK4767B,1,0,0,23,0
6474621VK4767C,1,0,0,15,0
6373503VK4767C,1,0,0,6,0
6573302VK4767D,1,0,0,2,0
6573331VK4767D,1,0,0,2,0
6076809VK4767E,1,0,0,3,0
6076811VK4767E,1,0,0,3,0
6571118VK4767B,1,0,0,18,0
6571122VK4767B,1,0,0,15,0
6573305VK4767D,1,0,0,16,0
6573308VK4767D,1,0,0,2,0
6573311VK4767D,1,0,0,2,0
6573312VK4767D,1,0,0,2,0
6372202VK4767A,1,0,0,2,0
6372209VK4767A,1,0,0,2,0
6372210VK4767A,1,0,0,2,0
6372211VK4767A,1,0,0,2,0
6372221VK4767A,1,0,0,2,0
6372225VK4767A,1,0,0,2,0
6372227VK4767A,1,0,0,2,0
6372219VK4767A,1,0,0,2,0
6075507VK4767E,1,0,0,8,0
6075509VK4767E,1,0,0,8,0
6075511VK4767E,1,0,0,22,0
6075517VK4767E,1,0,0,8,0
6177710VK4767E,1,0,0,1,0
6177714VK4767E,1,0,0,1,0
6177716VK4767E,1,0,0,1,0
6177717VK4767E,1,0,0,1,0
6175416VK4767E,1,0,0,4,0
6175423VK4767E,1,0,0,4,0
6175405VK4767E,1,0,0,4,0
6377827VK4767E,1,0,0,3,0
6377822VK4767E,1,0,0,3,0
6377806VK4767E,1,0,0,3,0
6377818VK4767E,1,0,0,3,0
6474612VK4767C,1,0,0,4,0
6474623VK4767C,1,0,0,3,0
6373519VK4767C,1,0,0,6,0
6373524VK4767C,1,0,0,6,0
6373527VK4767C,1,0,0,22,0
6373508VK4767C,1,0,0,6,0
6573324VK4767D,1,0,0,20,0
6074720VK4767C,1,0,0,29,0
7679706VK4777H,1,0,0,20,0
7679117VK4777H,1,0,0,20,0
7679111VK4777H,1,0,0,20,0
7679110VK4777H,1,0,0,20,0
7679107VK4777H,1,0,0,20,0
6573319VK4767D,1,0,0,2,0
6573332VK4767D,1,0,0,2,0
6573309VK4767D,1,0,0,12,0
6276208VK4767E,1,0,0,19,0
6276218VK4767E,1,0,0,25,0
6171533VK4767A,1,0,0,28,0
9983405VK4798D,0,1,0,88,0
0592430VK5709D,1,0,0,26,0
9889220VK4798H,1,0,0,12,0
9283706VK4798C,0,0,1,0,65
9283708VK4798C,0,0,1,0,106
9790677VK4799B,1,0,0,17,0
9790616VK4799B,1,0,0,25,0
9790693VK4799B,1,0,0,9,0
1680401VK5718B,1,0,0,844,0
2081202VK5728A,1,0,0,43,0
1006426VK5810E,1,0,0,167,0
1008203VK5810G,1,0,0,483,0
0810839VK5800H,1,0,0,21,0
0911101VK5801B,4,0,0,24,0
1208617VK5810G,1,0,0,47,0
1006408VK5810E,1,0,0,85,0
0810825VK5800H,1,0,0,19,0
0810827VK5800H,1,0,0,21,0
1108602VK5810G,0,0,1,0,114
0810832VK5800H,1,0,0,19,0
9803756VK4890D,1,0,0,25,0
9604542VK4890D,1,0,0,36,0
9504640VK4890D,1,0,0,7,0
9504628VK4890D,1,0,0,17,0
9504642VK4890D,1,0,0,7,0
9805218VK4890F,1,0,0,16,0
9508122VK4890G,1,0,0,14,0
9803750VK4890D,1,0,0,22,0
9803741VK4890D,1,0,0,16,0
9803738VK4890D,1,0,0,13,0
9605525VK4890F,1,0,0,39,0
9803504VK4890D,1,0,0,14,0
9803503VK4890D,1,0,0,30,0
9407526VK4890G,1,0,0,12,0
0602103VK5800B,2,0,0,108,0
0705303VK4700F,1,0,0,25,0
0308403VK4700G,1,0,0,76,0
9803519VK4890D,1,0,0,22,0
0705813VK5800F,1,0,0,109,0
98037F2VK4890D,1,0,0,10,0
98037E1VK4890D,1,0,0,1,0
98037E2VK4890D,1,0,0,1,0
98037E3VK4890D,1,0,0,19,0
9804421VK4890D,1,0,0,4,0
9804422VK4890D,1,0,0,4,0
0604508VK5800F,1,0,0,75,0
9705116VK4890D,1,0,0,14,0
9605537VK4890F,1,0,0,13,0
9803795VK4890D,1,0,0,25,0
0499506VK5709G,1,0,0,21,0
0194411VK5709C,1,0,0,22,0
0194412VK5709C,1,0,0,22,0
0498412VK5709G,1,0,0,13,0
0498402VK5709G,1,0,0,15,0
0497201VK5709G,1,0,0,20,0
0198510VK5709G,1,0,0,14,0
0297405VK5709G,1,0,0,27,0
9800614VK4890B,1,0,0,19,0
9800602VK4890B,1,0,0,2,0
9800604VK4890B,1,0,0,2,0
9800609VK4890B,1,0,0,9,0
9800611VK4890B,1,0,0,4,0
9999412VK4799H,1,0,0,3,0
9999419VK4799H,1,0,0,3,0
9999423VK4799H,1,0,0,3,0
9999711VK4799H,1,0,0,18,0
0097808VK5709E,1,0,0,14,0
0096507VK5709E,1,0,0,2,0
0295107VK5709E,1,0,0,11,0
0096819VK5709E,1,0,0,1,0
0096810VK5709E,1,0,0,1,0
0099009VK5709G,1,0,0,14,0
0197712VK5709E,1,0,0,28,0
0499514VK5709G,1,0,0,30,0
0598303VK5709H,1,0,0,18,0
0497815VK5709E,1,0,0,24,0
0297403VK5709G,1,0,0,13,0
0199811VK5709G,1,0,0,18,0
0197317VK5709G,1,0,0,15,0
0197908VK5709E,1,0,0,25,0
0396511VK5709E,1,0,0,17,0
0396512VK5709E,1,0,0,17,0
17308K2VK5813B,0,0,1,0,580
0020712VK4702A,1,0,0,76,0
9618904VK3791H,1,0,0,158,0
9618908VK3791H,1,0,0,145,0
9620820VK3792B,1,0,0,226,0
9621907VK3792B,1,0,0,162,0
9819505VK3791H,1,0,0,376,0
9919707VK3791H,1,0,0,72,0
9316714VK3791E,1,0,0,103,0
8415812VK3781E,1,0,0,18,0
8716612VK3781F,1,0,0,99,0
8616928VK3781F,1,0,0,72,0
9013521VK3791C,1,0,0,28,0
9016908VK3791E,1,0,0,123,0
8916611VK3781F,1,0,0,416,0
8915808VK3781F,1,0,0,174,0
8417901VK3781H,1,0,0,144,0
7721602VK3772B,1,0,0,3,0
8519923VK3781H,1,0,0,13,0
7817909VK3771F,1,0,0,84,0
8320603VK3782A,1,0,0,7,0
7820227VK3772B,1,0,0,124,0
7822202VK3772D,1,0,0,136,0
7822913VK3772B,1,0,0,102,0
7823502VK3772D,1,0,0,148,0
8015808VK3781E,1,0,0,263,0
7618708VK3771H,1,0,0,402,0
9224804VK3792C,1,0,0,383,0
7108102VK3770G,1,0,0,8055,0
6906301VK3760F,0,0,1,0,669
7115622VK3771E,1,0,0,75,0
7209817VK3770G,1,0,0,57,0
7014210VK3771C,1,0,0,28,0
7014211VK3771C,1,0,0,363,0
6701412VK3760B,1,0,0,48,0
6801907VK3760B,1,0,0,49,0
7100720VK3770A,1,0,0,54,0
6903231VK3760D,1,0,0,32,0
6903236VK3760D,1,0,0,24,0
6500608VK3760B,1,0,0,33,0
6601402VK3760B,1,0,0,30,0
8006319VK3780E,1,0,0,226,0
6701201VK3760B,1,0,0,31,0
8210305VK3781A,1,0,0,295,0
5593308VK3659D,1,0,0,74,0
6295406VK3669E,1,0,0,49,0
5689410VK3658H,1,0,0,56,0
5689412VK3658H,1,0,0,13,0
6297418VK3669G,1,0,0,53,0
5689479VK3658H,1,0,0,21,0
5796106VK3659F,1,0,0,68,0
6688501VK3668H,0,0,1,0,191
8206403VK3780E,1,0,0,109,0
9094934VK3699C,0,0,1,0,112
1104103VK4710C,0,0,1,0,177
1397805VK4619E,1,0,0,15,0
0905501VK4700F,1,0,0,296,0
0611707VK4701B,1,0,0,84,0
0506138VK4700F,1,0,0,48,0
0805310VK4700F,1,0,0,43,0
0309511VK4700G,1,0,0,177,0
0206614VK4700E,1,0,0,36,0
9812106VK3791D,1,0,0,39,0
0117601VK4701E,1,0,0,2192,0
0115619VK4701E,1,0,0,110,0
0110513VK4701A,1,0,0,200,0
9810116VK3791B,1,0,0,50,0
9304706VK3790C,1,0,0,18,0
9406923VK3790E,1,0,0,13,0
9407216VK3790G,0,0,1,0,85
0004406VK4700C,1,0,0,51,0
9708502VK3790H,1,0,0,96,0
0009509VK4700G,1,0,0,163,0
0108621VK4700G,1,0,0,66,0
9907214VK3790H,1,0,0,210,0
3001590VK4730A,1,0,0,4,0
37709C1VK4730B,1,0,0,21,0
2704103VK4720D,10,0,0,20,0
2503845VK4720D,10,0,0,20,0
3201817VK4730A,1,0,0,6,0
36001A1VK4730B,1,0,0,10,0
3995517VK4639F,1,0,0,10,0
3699924VK4639H,1,0,0,8,0
3995536VK4639F,1,0,0,2,0
3102976VK4730A,1,0,0,4,0
3102955VK4730A,1,0,0,4,0
3102964VK4730A,1,0,0,8,0
3997726VK4639F,1,0,0,3,0
3997711VK4639F,1,0,0,3,0
3995505VK4639F,1,0,0,10,0
3995514VK4639F,1,0,0,10,0
3995518VK4639F,1,0,0,10,0
3102924VK4730A,1,0,0,4,0
3995560VK4639F,1,0,0,8,0
3899367VK4639H,1,0,0,6,0
3402225VK4730C,1,0,0,4,0
3501326VK4730B,1,0,0,6,0
3501351VK4730B,1,0,0,11,0
3899386VK4639H,1,0,0,9,0
3899391VK4639H,1,0,0,8,0
3999774VK4639H,1,0,0,8,0
37709C0VK4730B,1,0,0,11,0
37709C3VK4730B,1,0,0,8,0
37709A9VK4730B,1,0,0,8,0
3999728VK4639H,1,0,0,8,0
3999717VK4639H,1,0,0,12,0
3600150VK4730B,1,0,0,6,0
28035J7VK4720D,1,0,0,7,0
3501861VK4730B,1,0,0,8,0
4297106VK4649E,14,0,0,70,0
36001C1VK4730B,1,0,0,14,0
36001D7VK4730B,1,0,0,6,0
3201828VK4730A,1,0,0,4,0
3600179VK4730B,1,0,0,10,0
3600185VK4730B,1,0,0,12,0
4294208VK4649C,1,0,0,9,0
30015E1VK4730A,1,0,0,4,0
3005508VK4730E,1,0,0,57,0
4293507VK4649C,1,0,0,2,0
4293540VK4649C,1,0,0,2,0
4293552VK4649C,1,0,0,2,0
3001577VK4730A,1,0,0,8,0
3001586VK4730A,1,0,0,4,0
3001588VK4730A,1,0,0,8,0
3001592VK4730A,1,0,0,8,0
3402269VK4730C,1,0,0,4,0
3999718VK4639H,1,0,0,12,0
3001581VK4730A,1,0,0,9,0
3001593VK4730A,1,0,0,8,0
3997710VK4639F,1,0,0,3,0
3999727VK4639H,1,0,0,6,0
2902964VK4720D,1,0,0,4,0
36001B4VK4730B,1,0,0,8,0
3321204VK4732A,1,0,0,237,0
3422910VK4732A,1,0,0,45,0
3621109VK4732B,1,0,0,97,0
3621110VK4732B,1,0,0,64,0
3520229VK4732B,1,0,0,114,0
3520225VK4732B,1,0,0,508,0
3310712VK4731A,1,0,0,229,0
3409405VK4730G,1,0,0,83,0
3312201VK4731A,1,0,0,229,0
3115214VK4731E,1,0,0,238,0
3209308VK4730G,1,0,0,65,0
3614210VK4731D,1,0,0,161,0
3219506VK4731G,1,0,0,48,0
3518307VK4731H,1,0,0,68,0
3314521VK4731C,1,0,0,66,0
3319828VK4731G,1,0,0,181,0
3415622VK4731E,1,0,0,44,0
3118831VK4731G,1,0,0,81,0
3420808VK4732A,1,0,0,174,0
3515715VK4731F,1,0,0,62,0
3819603VK4731H,1,0,0,50,0
3710741VK4731B,1,0,0,32,0
5506803VK4750F,1,0,0,107,0
4914409VK4741D,1,0,0,44,0
5013608VK4751C,1,0,0,150,0
4811310VK4741B,1,0,0,47,0
3722202VK4732B,1,0,0,118,0
3920815VK4732B,1,0,0,164,0
3525824VK4732F,1,0,0,200,0
3423202VK4732C,1,0,0,359,0
3830824VK4733B,1,0,0,64,0
3722910VK4732D,1,0,0,160,0
3723703VK4732D,1,0,0,91,0
1459513VK4615G,0,0,10,0,582
8884234VK4688D,1,0,0,22,0
7510128VK4771B,0,0,1,0,37
8096513VK4689E,1,0,0,17,0
9840808VK3794B,1,0,0,70,0
9539206VK3793H,1,0,0,51,0
9849430VK3794H,1,0,0,40,0
0040102VK4704A,1,0,0,109,0
9648614VK3794H,1,0,0,42,0
0049805VK4704G,1,0,0,135,0
9736301VK3793F,1,0,0,249,0
9738106VK3793H,1,0,0,144,0
9943006VK3794D,1,0,0,155,0
9745911VK3794F,1,0,0,720,0
9945811VK3794F,1,0,0,94,0
9748602VK3794H,0,1,0,106,0
9750402VK3795B,1,0,0,155,0
9947618VK3794F,1,0,0,439,0
9637415VK3793H,1,0,0,239,0
1335203VK4713E,1,0,0,175,0
9834418VK3793D,1,0,0,162,0
0532707VK4703B,1,0,0,335,0
0837216VK4703H,1,0,0,17,0
0233301VK4703C,1,0,0,402,0
0235505VK4703E,1,0,0,30,0
0539212VK4703G,1,0,0,488,0
0037812VK4703E,1,0,0,894,0
0236516VK4703E,1,0,0,147,0
0237919VK4703E,0,0,3,0,264
0436335VK4703E,1,0,0,68,0
0737203VK4803E,1,0,0,5,0
9936809VK3793F,1,0,0,24,0
0240410VK4704A,0,0,3,0,188
0437514VK4703G,1,0,0,35,0
0437811VK4703E,1,0,0,85,0
0135604VK4703E,1,0,0,43,0
0135621VK4703E,1,0,0,108,0
0136405VK4703E,1,0,0,112,0
0634306VK4703D,1,0,0,171,0
0937608VK4703H,1,0,0,59,0
0636323VK4703F,1,0,0,20,0
0639802VK4703H,1,0,0,68,0
0640809VK4704B,1,0,0,61,0
0135613VK4703E,1,0,0,18,0
0639816VK4703H,1,0,0,66,0
0643803VK4704D,1,0,0,166,0
0643813VK4704D,2,0,0,282,0
1041217VK4714A,1,0,0,91,0
0841609VK4704B,1,0,0,75,0
0843916VK4704D,1,0,0,142,0
1138208VK4713G,1,0,0,392,0
1138504VK4713G,1,0,0,270,0
1140803VK4714A,1,0,0,123,0
0741405VK4704B,1,0,0,532,0
0743607VK4704D,1,0,0,312,0
0743615VK4704D,1,0,0,157,0
0939407VK4703H,1,0,0,109,0
0641405VK4704B,1,0,0,647,0
0741406VK4704B,1,0,0,360,0
0945101VK4704D,1,0,0,101,0
1139616VK4713G,0,0,1,0,259
0948313VK4704H,1,0,0,669,0
0949311VK4704H,1,0,0,169,0
1254022VK4715C,1,0,0,29,0
0951503VK4705B,3,0,0,285,0
1453005VK4715C,1,0,0,537,0
0955801VK4705F,1,0,0,936,0
1049212VK4714G,1,0,0,519,0
0849803VK4704H,1,0,0,355,0
1055704VK4715E,1,0,0,298,0
0853219VK4705D,0,0,10,0,271
1151809VK4715A,1,0,0,982,0
1154011VK4715C,1,0,0,539,0
0749017VK4704H,1,0,0,27,0
0948302VK4704H,1,0,0,14,0
9757807VK3795F,1,0,0,1335,0
0151507VK4705A,1,0,0,115,0
0455617VK4705E,1,0,0,206,0
0455620VK4705E,1,0,0,12,0
0457104VK4705E,1,0,0,231,0
0152103VK4705A,1,0,0,81,0
0153610VK4705C,1,0,0,59,0
0353212VK4705C,1,0,0,142,0
0353604VK4705C,1,0,0,26,0
0354504VK4705C,1,0,0,109,0
0652209VK4705B,1,0,0,60,0
0653306VK4705D,1,0,0,48,0
9855914VK3795F,1,0,0,50,0
9855915VK3795F,1,0,0,63,0
9659812VK3795H,1,0,0,638,0
0054410VK4705C,1,0,0,74,0
0549702VK4704H,1,0,0,225,0
0549704VK4704H,1,0,0,187,0
0557112VK4705E,1,0,0,168,0
0450102VK4705A,2,0,0,36,0
0452118VK4705A,1,0,0,15,0
0354902VK4705C,1,0,0,202,0
9955503VK3795F,1,0,0,207,0
9853908VK3795D,1,0,0,359,0
0144610VK4704C,1,0,0,117,0
0147903VK4704G,0,0,1,0,26
0643301VK4704D,1,0,0,211,0
0343101VK4704C,1,0,0,427,0
0343113VK4704C,1,0,0,874,0
0345505VK4704E,1,0,0,110,0
0646422VK4704D,1,0,0,77,0
0647807VK4704F,1,0,0,678,0
0044103VK4704C,1,0,0,806,0
0044404VK4704C,1,0,0,205,0
0044409VK4704C,1,0,0,1234,0
0045108VK4704E,1,0,0,614,0
0543903VK4704D,1,0,0,47,0
0545207VK4704F,1,0,0,1716,0
0241512VK4704A,1,0,0,167,0
0244604VK4704C,1,0,0,893,0
0245702VK4704C,1,0,0,435,0
0446103VK4704E,0,0,1,0,330
0446104VK4704E,1,0,0,1030,0
0446105VK4704E,1,0,0,463,0
0142209VK4704A,1,0,0,30,0
0142905VK4704C,1,0,0,92,0
0143502VK4704C,1,0,0,302,0
0143802VK4704C,1,0,0,57,0
0042802VK4704A,3,0,0,251,0
9140311VK3794A,1,0,0,13,0
9632116VK3793D,1,0,0,180,0
8826209VK3782F,1,0,0,2212,0
9027603VK3792E,1,0,0,1973,0
0223703VK4702C,1,0,0,124,0
0223704VK4702C,1,0,0,124,0
0530202VK4703B,1,0,0,198,0
9626403VK3792F,1,0,0,44,0
0722605VK4702B,1,0,0,73,0
1232202VK4713A,1,0,0,108,0
1327209VK4712E,1,0,0,20,0
1332801VK4713A,1,0,0,386,0
1030802VK4713A,1,0,0,32,0
1430417VK4713A,1,0,0,309,0
1129403VK4712G,1,0,0,44,0
1428201VK4712G,1,0,0,37,0
2122206VK4722A,5,0,0,133,0
2333104VK4723C,0,0,1,0,88
2932917VK4723D,1,0,0,115,0
2630514VK4723B,1,0,0,33,0
2632910VK4723B,1,0,0,516,0
2731415VK4723B,1,0,0,250,0
2032902VK4723C,0,0,1,0,203
3328313VK4732G,1,0,0,81,0
3539212VK4733H,1,0,0,10337,0
3645912VK4734F,1,0,0,252,0
2848311VK4724H,1,0,0,38,0
2947411VK4724H,1,0,0,327,0
1441704VK4714A,0,0,1,0,197
1544505VK4714D,1,0,0,256,0
2134916VK4723C,1,0,0,93,0
2135807VK4723E,1,0,0,32,0
3134312VK4733C,1,0,0,19,0
2352401VK4725C,1,0,0,365,0
2354810VK4725C,1,0,0,32,0
1949606VK4714H,1,0,0,2080,0
2057906VK4725E,1,0,0,644,0
2151211VK4725A,1,0,0,276,0
1448806VK4714G,1,0,0,534,0
1548806VK4714H,1,0,0,182,0
1857909VK4715F,1,0,0,149,0
1549310VK4714H,0,1,0,483,0
2851814VK4725B,1,0,0,1108,0
2855715VK4725F,1,0,0,302,0
2951718VK4725B,1,0,0,13,0
2951401VK4725B,1,0,0,302,0
2952402VK4725D,1,0,0,446,0
2752110VK4725B,0,0,1,0,32
2752112VK4725B,1,0,0,26,0
2756412VK4725F,1,0,0,337,0
3954901VK4735D,1,0,0,21,0
3749914VK4734H,1,0,0,15,0
3750607VK4735B,1,0,0,10,0
3752911VK4735D,1,0,0,14,0
3554605VK4735D,1,0,0,7,0
3556206VK4735F,1,0,0,504,0
3758909VK4735H,1,0,0,154,0
3854213VK4735D,1,0,0,170,0
3854220VK4735D,1,0,0,583,0
3450913VK4735A,1,0,0,8,0
3453607VK4735C,1,0,0,133,0
3752972VK4735D,1,0,0,16,0
3668103VK4736H,1,0,0,145,0
3163410VK4736C,1,0,0,849,0
3260209VK4736A,0,0,1,0,1
3266210VK4736E,1,0,0,101,0
2968906VK4726H,1,0,0,173,0
3360638VK4736A,1,0,0,84,0
3065406VK4736E,1,0,0,149,0
3067203VK4736E,1,0,0,2,0
3067213VK4736E,1,0,0,381,0
3067812VK4736E,1,0,0,116,0
3159806VK4735G,1,0,0,384,0
2959216VK4725H,1,0,0,402,0
2959222VK4725H,1,0,0,316,0
2666709VK4726F,1,0,0,69,0
1964104VK4716D,0,0,1,0,1953
2465101VK4726E,1,0,0,304,0
2465103VK4726E,1,0,0,55,0
2062504VK4726C,2,0,0,56,0
1667806VK4716F,1,0,0,754,0
2166301VK4726E,2,0,0,26,0
2166307VK4726E,1,0,0,285,0
1767714VK4716F,2,0,0,40,0
1964103VK4716D,1,0,0,203,0
1877604VK4717H,1,0,0,77,0
1877615VK4717F,1,0,0,21,0
2177104VK4727G,1,0,0,18,0
2178501VK4727G,1,0,0,18,0
1880207VK4718B,1,0,0,30,0
2182912VK4728C,1,0,0,126,0
1970610VK4717B,1,0,0,37,0
2271904VK4727A,1,0,0,26,0
1980417VK4718B,1,0,0,25,0
1980429VK4718B,1,0,0,35,0
2277218VK4727G,1,0,0,9,0
2278813VK4727G,1,0,0,10,0
2280101VK4728A,1,0,0,48,0
2281702VK4728A,1,0,0,21,0
2281707VK4728A,1,0,0,8,0
1673906VK5717D,1,0,0,38,0
1675904VK4717F,1,0,0,40,0
2077207VK4727G,0,2,0,254,0
2078204VK4727G,1,0,0,14,0
1774912VK4717D,1,0,0,18,0
1778601VK4717H,2,0,0,81,0
1778609VK4717H,1,0,0,27,0
2082604VK4728A,0,0,1,0,564
2082610VK4728A,1,0,0,30,0
2082623VK4728A,1,0,0,18,0
1779401VK4717H,2,0,0,26,0
2576310VK4727F,1,0,0,96,0
2576311VK4727F,1,0,0,21,0
2578202VK4727H,1,0,0,23,0
2578211VK4727H,1,0,0,26,0
2170103VK4727A,1,0,0,41,0
2171905VK4727A,1,0,0,101,0
2576312VK4727F,1,0,0,33,0
2082625VK4728A,1,0,0,7,0
2082626VK4728A,1,0,0,298,0
1673903VK4717D,0,1,0,1102,0
1673903VK5717D,1,0,0,15,0
1979306VK4717H,1,0,0,28,0
3276903VK4737E,1,0,0,40,0
3478102VK4737G,0,1,0,43,0
3780308VK4738B,1,0,0,12,0
3780309VK4738B,1,0,0,2,0
3073412VK4737C,1,0,0,228,0
3780319VK4738B,1,0,0,32,0
3878307VK4737H,1,0,0,47,0
3082703VK3738C,1,0,0,2,0
3082704VK3738C,1,0,0,2,0
3082705VK3738C,1,0,0,4,0
3281701VK4738A,1,0,0,28,0
3580315VK4738B,1,0,0,23,0
3581601VK4738D,1,0,0,18,0
3581609VK4738B,1,0,0,5,0
3581614VK4738B,1,0,0,13,0
3583714VK4738D,1,0,0,10,0
3583717VK4738D,1,0,0,34,0
3583720VK4738D,1,0,0,19,0
3381907VK4738A,1,0,0,11,0
3681406VK4738D,1,0,0,9,0
3682301VK3738D,20,0,0,40,0
3183111VK4738C,1,0,0,1,0
3479404VK4737G,0,1,0,45,0
3482502VK3738C,1,0,0,17,0
3482537VK4738C,1,0,0,12,0
3081103VK3738A,1,0,0,35,0
3081103VK4738A,1,0,0,21,0
3081131VK4738A,1,0,0,28,0
2287309VK4728E,1,0,0,24,0
2488802VK4728G,1,0,0,183,0
3488110VK3738G,1,0,0,3,0
2887503VK4728H,1,0,0,211,0
3589701VK4738H,1,0,0,2,0
3687927VK4738F,1,0,0,11,0
3689406VK4738H,1,0,0,10,0
3789301VK4738H,1,0,0,14,0
3488416VK4738G,1,0,0,16,0
2788809VK4728H,1,0,0,254,0
3184543VK4738C,1,0,0,16,0
2089528VK4728G,1,0,0,18,0
3687934VK4738F,1,0,0,9,0
2595421VK4729F,1,0,0,13,0
2191303VK4729C,1,0,0,10,0
2595434VK4729F,1,0,0,12,0
2197115VK4729G,1,0,0,40,0
2199211VK4729G,1,0,0,9,0
2395602VK4729E,1,0,0,12,0
3098908VK4739G,1,0,0,15,0
2997101VK4729F,1,0,0,12,0
2997106VK4729F,1,0,0,12,0
2297811VK4729E,1,0,0,24,0
2299708VK4729G,1,0,0,33,0
2299726VK4729G,2,0,0,64,0
2299733VK4729G,1,0,0,24,0
2098305VK4729G,1,0,0,20,0
2299773VK4729G,1,0,0,11,0
2098307VK4729G,1,0,0,16,0
3096605VK4739E,1,0,0,13,0
3097724VK4739E,1,0,0,10,0
2893510VK4729D,1,0,0,15,0
2893511VK4729D,1,0,0,15,0
3097744VK4739G,1,0,0,72,0
3098901VK4739G,0,0,1,0,154
2993902VK4729D,1,0,0,36,0
3391210VK4739A,1,0,0,37,0
2997705VK4729F,1,0,0,21,0
2997719VK4729F,1,0,0,12,0
2997723VK4729H,1,0,0,13,0
3394701VK3739C,2,0,0,27,0
2793203VK4729D,1,0,0,15,0
2795916VK4729F,1,0,0,11,0
2799108VK4729H,1,0,0,7,0
2197116VK4729E,1,0,0,21,0
3394703VK3739C,1,0,0,30,0
2691515VK4729B,1,0,0,1245,0
2697405VK4729F,1,0,0,61,0
2503915VK4820A,1,0,0,24,0
2503918VK4820A,1,0,0,23,0
2302220VK4820C,1,0,0,3,0
2201501VK4820C,1,0,0,22,0
0083101VK4708C,1,0,0,26,0
9987408VK3798H,1,0,0,13,0
0087956VK4708E,1,0,0,9,0
0087958VK4708E,1,0,0,22,0
0483113VK4708C,1,0,0,31,0
0187806VK4708E,1,0,0,134,0
0281322VK4708A,1,0,0,3,0
9982705VK3798B,1,0,0,114,0
0381118VK4708A,1,0,0,141,0
0184907VK4708C,1,0,0,25,0
0278922VK4707G,1,0,0,258,0
0383413VK4708C,1,0,0,57,0
0380205VK4708A,1,0,0,88,0
0581414VK4708B,1,0,0,79,0
0787307VK4708H,1,0,0,61,0
0579704VK4707H,1,0,0,161,0
0678407VK4707H,1,0,0,165,0
1196512VK4719E,1,0,0,87,0
0994502VK4709D,1,0,0,218,0
0790512VK4709B,1,0,0,186,0
0604416VK4800D,1,0,0,152,0
1506609VK4810F,0,0,1,0,99
1304606VK4810C,1,0,0,40,0
1204312VK4810C,1,0,0,141,0
0901518VK4800B,1,0,0,66,0
0503503VK3800D,1,0,0,31,0
0799907VK4709H,1,0,0,277,0
0603213VK4800D,1,0,0,89,0
0802216VK3800D,1,0,0,22,0
0801211VK4800B,1,0,0,10,0
0499214VK4709G,1,0,0,119,0
0599808VK5709H,1,0,0,27,0
0599816VK4709H,1,0,0,66,0
1097604VK4719E,1,0,0,97,0
0703814VK4800D,0,0,1,0,35
0199405VK4709G,1,0,0,300,0
0798206VK4709H,0,1,0,129,0
0798306VK4709H,1,0,0,121,0
0200809VK4800A,1,0,0,42,0
0802201VK3800D,1,0,0,22,0
0202927VK4800C,1,0,0,42,0
1098209VK4719G,1,0,0,99,0
0297401VK4709G,1,0,0,71,0
0395515VK4709E,0,0,1,0,63
0394511VK4709C,1,0,0,340,0
0494502VK4709C,1,0,0,104,0
0494507VK4709C,1,0,0,107,0
0693403VK4709D,1,0,0,287,0
0693608VK4709D,1,0,0,67,0
0791302VK4709B,1,0,0,221,0
0190213VK4709A,1,0,0,81,0
0295101VK5709E,1,0,0,39,0
0489411VK4708G,1,0,0,113,0
0694314VK4709D,1,0,0,65,0
9562811VK3796B,1,0,0,250,0
9562818VK3796B,1,0,0,80,0
9664504VK3796D,1,0,0,105,0
9765326VK3796F,2,0,0,126,0
9361805VK3796A,1,0,0,475,0
9365513VK3796E,1,0,0,950,0
0260103VK4706A,1,0,0,30,0
0264112VK4706C,1,0,0,50,0
0362203VK4706C,1,0,0,89,0
9760622VK3796B,1,0,0,204,0
9959308VK3795H,1,0,0,195,0
9965908VK3796F,1,0,0,19,0
9968924VK3796H,1,0,0,374,0
0567510VK4706H,1,0,0,61,0
0665125VK4706F,1,0,0,24,0
0361613VK4706A,1,0,0,207,0
0460115VK4706A,1,0,0,202,0
0957303VK4705H,1,0,0,218,0
0858107VK4705H,1,0,0,358,0
0860905VK4706B,1,0,0,404,0
1356301VK4715E,1,0,0,38,0
1563803VK4716D,7,0,0,84,0
1565901VK4716F,1,0,0,83,0
1062415VK4716C,1,0,0,272,0
1167213VK4716E,1,0,0,130,0
1257308VK4715G,1,0,0,787,0
1259204VK4715G,1,0,0,16,0
1260108VK4716A,0,0,1,0,131
0865708VK4706F,1,0,0,604,0
0867706VK4706F,1,0,0,504,0
1165107VK4716E,1,0,0,128,0
1263111VK4716C,1,0,0,13,0
0474901VK4707C,1,0,0,271,0
0870618VK4707B,1,0,0,45,0
0975214VK4707F,1,0,0,168,0
1073113VK4717C,1,0,0,95,0
0771227VK4707B,1,0,0,405,0
0774915VK4707D,1,0,0,18,0
0171807VK4707A,1,0,0,311,0
0177606VK5607G,1,0,0,5,0
9277909VK3797G,1,0,0,138,0
9371108VK3797A,0,1,0,359,0
9869408VK3796H,1,0,0,168,0
9475105VK3797E,1,0,0,14,0
9475108VK3797C,1,0,0,37,0
4358304VK3845G,1,0,0,36,0
6510520VK3861B,1,0,0,36,0
7316103VK3871E,1,0,0,48,0
7315812VK3871C,1,0,0,37,0
7315815VK3871E,1,0,0,29,0
6810111VK3861B,1,0,0,37,0
6810110VK3861B,1,0,0,37,0
6810108VK3860H,1,0,0,37,0
6810106VK3860H,1,0,0,37,0
6510503VK3861B,1,0,0,27,0
6510508VK3861B,1,0,0,58,0
7315808VK3871E,1,0,0,37,0
6510509VK3861B,1,0,0,82,0
7316114VK3871E,1,0,0,66,0
8214213VK3881C,1,0,0,15,0
8113317VK3881C,1,0,0,9,0
8410719VK3881A,1,0,0,9,0
7813302VK3871D,1,0,0,9,0
7812921VK3871D,1,0,0,29,0
7812917VK3871D,1,0,0,38,0
7812916VK3871D,1,0,0,112,0
8113310VK3881C,1,0,0,20,0
7613599VK3871D,1,0,0,12,0
8214620VK3881C,1,0,0,25,0
8214624VK3881C,1,0,0,17,0
8214625VK3881C,1,0,0,17,0
8112620VK3881C,1,0,0,16,0
7711915VK3871B,1,0,0,1,0
7711916VK3871B,1,0,0,1,0
8416752VK3881E,1,0,0,20,0
8416764VK3881E,1,0,0,12,0
8412532VK3881C,1,0,0,9,0
7816116VK3871F,1,0,0,21,0
7909509VK3870H,1,0,0,12,0
8213104VK3881C,1,0,0,34,0
7812629VK3871B,1,0,0,10,0
7815516VK3871F,1,0,0,21,0
7815514VK3871F,1,0,0,21,0
7815511VK3871F,1,0,0,18,0
7815505VK3871F,1,0,0,22,0
7815501VK3871F,1,0,0,32,0
7815535VK3871F,1,0,0,33,0
7909806VK3870H,1,0,0,26,0
8008408VK3880G,1,0,0,18,0
7912708VK3871S,1,0,0,24,0
8011706VK3881A,1,0,0,28,0
8010730VK3881A,1,0,0,4,0
8112601VK3881C,1,0,0,13,0
8112603VK3881C,1,0,0,34,0
8213609VK3881C,1,0,0,20,0
8214101VK3881C,1,0,0,15,0
8214103VK3881C,1,0,0,30,0
7712910VK3871B,1,0,0,23,0
7712923VK3871D,1,0,0,30,0
8111611VK3881A,1,0,0,37,0
8109408VK3880G,1,0,0,32,0
8216105VK3881E,1,0,0,26,0
8108420VK3880G,1,0,0,5,0
8209908VK3880G,3,0,0,66,0
8217615VK3881E,1,0,0,17,0
8217603VK3881E,1,0,0,17,0
7811105VK3871B,1,0,0,22,0
7711903VK3871B,1,0,0,15,0
8309403VK3880G,1,0,0,23,0
8309407VK3880G,1,0,0,14,0
7711908VK3871B,1,0,0,15,0
8309430VK3880G,1,0,0,17,0
8310505VK3881A,1,0,0,56,0
8412305VK3881C,1,0,0,2,0
8412302VK3881C,1,0,0,16,0
8514109VK3881D,1,0,0,47,0
8417804VK3881E,1,0,0,8,0
8509206VK3880H,1,0,0,38,0
8509207VK3880H,1,0,0,39,0
8614214VK3881D,1,0,0,27,0
8410715VK3881A,1,0,0,37,0
8411701VK3881A,1,0,0,47,0
8411702VK3881A,1,0,0,22,0
8412706VK3881A,1,0,0,31,0
8513810VK3881D,1,0,0,29,0
8512710VK3881B,1,0,0,19,0
8511710VK3881B,1,0,0,21,0
7611902VK3771B,1,0,0,66,0
7611902VK3871B,1,0,0,27,0
7511917VK3871B,1,0,0,25,0
8710103VK3881B,1,0,0,10,0
8710110VK3881B,1,0,0,8,0
8710111VK3881B,1,0,0,10,0
7610101VK3871B,1,0,0,21,0
7610104VK3870H,1,0,0,22,0
8710123VK3881B,1,0,0,28,0
8710107VK3881B,1,0,0,6,0
8711117VK3881B,1,0,0,74,0
8711123VK3881B,1,0,0,19,0
7613523VK3871D,1,0,0,7,0
8612701VK3881B,1,0,0,17,0
8612702VK3881B,1,0,0,6,0
7613538VK3871D,1,0,0,15,0
7613584VK3871D,1,0,0,14,0
7613560VK3871D,1,0,0,31,0
7818941VK3871H,1,0,0,8,0
7818936VK3871H,1,0,0,8,0
7818911VK3871H,1,0,0,12,0
7610303VK3871B,1,0,0,17,0
7710203VK3871B,1,0,0,23,0
7809205VK3870H,1,0,0,2,0
8811306VK3881B,1,0,0,22,0
7816101VK3871F,1,0,0,10,0
7810213VK3871B,1,0,0,28,0
8812303VK3881B,1,0,0,24,0
8813107VK3881D,1,0,0,21,0
8309402VK3880G,1,0,0,19,0
7912723VK3871D,1,0,0,21,0
8214617VK3881C,1,0,0,12,0
8316415VK3881E,1,0,0,22,0
8411711VK3881A,1,0,0,21,0
7611911VK3771B,1,0,0,126,0
7816114VK3871F,1,0,0,28,0
8112617VK3881C,1,0,0,21,0
8415214VK3881E,1,0,0,22,0
8216117VK3881E,1,0,0,21,0
7712927VK3871B,1,0,0,13,0
8511721VK3881B,1,0,0,3,0
8316317VK3881E,1,0,0,25,0
8415219VK3881E,1,0,0,26,0
8420301VK3882A,0,0,1,0,1182
8416774VK3881E,1,0,0,13,0
7710219VK3871B,1,0,0,30,0
9708138VK3890H,0,0,1,0,37
9708142VK3890H,0,0,1,0,85
0412929VK3890H,0,0,1,0,105
02129G2VK4801A,1,0,0,27,0
9613923VK3891D,1,0,0,53,0
1110627VK4801B,2,0,0,8,0
1225117VK4812E,0,0,1,0,712
1630107VK4813B,1,0,0,39,0
1630120VK4813B,1,0,0,16,0
1630122VK4813B,1,0,0,25,0
1630127VK4813B,1,0,0,56,0
1729212VK4812H,1,0,0,168,0
1643121VK4814D,1,0,0,25,0
1643117VK4814D,1,0,0,40,0
1942305VK4814D,1,0,0,316,0
1643155VK4814D,1,0,0,70,0
1643144VK4814D,1,0,0,82,0
1643141VK4814D,1,0,0,39,0
1738118VK4813H,1,0,0,8,0
1738315VK4813H,1,0,0,3,0
1738317VK4813H,1,0,0,3,0
1738321VK4813H,1,0,0,3,0
1643128VK4814D,1,0,0,47,0
1643126VK4814D,1,0,0,60,0
1643124VK4814D,1,0,0,65,0
1738837VK4813H,1,0,0,40,0
1635803VK4813F,1,0,0,115,0
1540704VK4814B,1,0,0,4,0
1540709VK4814B,1,0,0,4,0
1933303VK4813D,1,0,0,9,0
1929508VK4812H,0,0,1,0,87
1738852VK4814B,1,0,0,41,0
1738848VK4814B,1,0,0,28,0
1441812VK4814D,1,0,0,39,0
1441816VK4813B,1,0,0,45,0
1830106VK4813B,1,0,0,68,0
1831901VK4813B,1,0,0,101,0
1832632VK4813D,1,0,0,17,0
1436504VK4813E,1,0,0,7,0
1436521VK4813E,1,0,0,7,0
1436530VK4813E,1,0,0,33,0
1733920VK4813D,1,0,0,19,0
1537812VK4813F,1,0,0,11,0
1636901VK4813F,1,0,0,6,0
1737102VK4813F,1,0,0,7,0
1737106VK4813F,1,0,0,4,0
2028902VK4822G,1,0,0,128,0
1643157VK4814D,1,0,0,59,0
1744618VK4814D,1,0,0,67,0
1729631VK4812H,1,0,0,69,0
8223403VK3882C,1,0,0,77,0
0537543VK4803H,1,0,0,12,0
8525611VK3882E,1,0,0,25,0
9827133VK3892F,1,0,0,24,0
9827133VK3982H,1,0,0,62,0
9626221VK3892F,1,0,0,25,0
9724310VK3892F,1,0,0,49,0
0424210VK4802C,1,0,0,41,0
9621303VK3892B,1,0,0,48,0
0438514VK4083H,1,0,0,18,0
9528477VK3893A,1,0,0,20,0
8522801VK3882A,26,0,0,156,0
8925906VK3882F,1,0,0,5,0
0638136VK4803H,1,0,0,9,0
0726113VK4802F,1,0,0,39,0
9724321VK3892F,1,0,0,45,0
9022461VK3882D,1,0,0,12,0
9022451VK3882D,1,0,0,12,0
9022447VK3882D,1,0,0,12,0
0237518VK4083H,1,0,0,25,0
0237522VK4083H,1,0,0,25,0
0237524VK4083H,1,0,0,25,0
0239716VK4083H,1,0,0,5,0
9823314VK3892D,1,0,0,150,0
9823309VK3892D,1,0,0,43,0
9823307VK3892D,1,0,0,39,0
9823313VK3892D,1,0,0,43,0
9621331VK3892B,1,0,0,34,0
9721606VK3892B,1,0,0,36,0
9619606VK3892B,1,0,0,12,0
0330819VK4803A,1,0,0,33,0
0330826VK4803A,1,0,0,22,0
0330827VK4803A,1,0,0,29,0
9921225VK3892B,1,0,0,62,0
9823329VK3892D,1,0,0,75,0
0330831VK4803A,1,0,0,28,0
0330848VK4803A,1,0,0,23,0
0130302VK4803A,1,0,0,50,0
0130313VK4803A,1,0,0,26,0
0028704VK4802G,1,0,0,81,0
8825718VK3882F,1,0,0,5,0
8925604VK3882F,1,0,0,2,0
8925606VK3882F,1,0,0,2,0
0429837VK4802G,1,0,0,5,0
0429824VK4802G,1,0,0,13,0
0628107VK4802H,1,0,0,46,0
0628119VK4802H,1,0,0,27,0
8925653VK3882F,1,0,0,2,0
8925656VK3882F,1,0,0,13,0
0727116VK4802F,1,0,0,152,0
0727119VK4802H,1,0,0,138,0
0715602VK4802F,1,0,0,26,0
0726104VK4802F,1,0,0,120,0
0726110VK4802F,1,0,0,33,0
0527914VK4802F,1,0,0,29,0
8925916VK3882F,1,0,0,5,0
8925932VK3882F,1,0,0,1,0
9023450VK3892C,1,0,0,2,0
9023438VK3882D,1,0,0,2,0
9023414VK3882D,1,0,0,8,0
9023410VK3882D,1,0,0,13,0
9827106VK3892F,1,0,0,123,0
0426601VK4802E,1,0,0,25,0
0426630VK4802E,1,0,0,53,0
0426634VK4802E,1,0,0,119,0
9927111VK3892F,1,0,0,87,0
0527923VK4802G,1,0,0,30,0
0324908VK4802C,1,0,0,37,0
0715606VK4802F,1,0,0,37,0
0125401VK4802E,1,0,0,29,0
0525715VK4802D,1,0,0,39,0
0525716VK4802D,1,0,0,33,0
0525717VK4802D,1,0,0,27,0
0525721VK4802D,1,0,0,32,0
0424203VK4802E,1,0,0,48,0
0424217VK4802C,1,0,0,33,0
0424219VK4802C,1,0,0,36,0
9823304VK3892D,1,0,0,61,0
0426625VK4802F,1,0,0,28,0
0638903VK4803H,1,0,0,20,0
0227620VK4802E,1,0,0,43,0
0127803VK4802G,1,0,0,86,0
0127807VK4802E,1,0,0,37,0
9928218VK3892H,1,0,0,96,0
0027102VK3892H,1,0,0,33,0
8623501VK3882D,33,0,0,95,0
0125424VK4802E,1,0,0,31,0
0125427VK4802E,1,0,0,31,0
0125436VK4802E,1,0,0,3,0
0224323VK4802C,1,0,0,28,0
0324903VK4802E,1,0,0,14,0
0324917VK4802C,1,0,0,32,0
9827102VK3892H,1,0,0,104,0
9827111VK3892F,1,0,0,51,0
9827128VK3892F,1,0,0,41,0
9925903VK3892F,1,0,0,31,0
9925909VK3892F,1,0,0,27,0
9925935VK3892F,1,0,0,11,0
0024806VK4802C,1,0,0,38,0
0024823VK4802D,1,0,0,30,0
0222416VK4802C,1,0,0,32,0
0222428VK4802C,1,0,0,50,0
9724315VK3892D,1,0,0,96,0
0429832VK4802G,1,0,0,2,0
0027110VK4802E,1,0,0,22,0
8925940VK3882F,1,0,0,3,0
8825712VK3882F,1,0,0,5,0
9823325VK3892D,1,0,0,29,0
0227622VK4802E,1,0,0,26,0
0237507VK4083H,1,0,0,15,0
0237511VK4083H,1,0,0,15,0
9822217VK3892D,1,0,0,43,0
0736219VK4083E,1,0,0,14,0
0736237VK4083E,1,0,0,12,0
0239753VK4083H,1,0,0,1,0
1651120VK4185A,1,0,0,22,0
1651124VK4185A,1,0,0,29,0
1651137VK4185A,1,0,0,23,0
1651141VK4185A,1,0,0,28,0
1651142VK4185A,1,0,0,28,0
1651144VK4185A,1,0,0,23,0
1651145VK4185A,1,0,0,23,0
1450204VK4815A,1,0,0,7,0
1851702VK4185B,1,0,0,27,0
1851704VK4185B,1,0,0,26,0
1851756VK4185B,1,0,0,12,0
1851761VK4185B,1,0,0,12,0
9997707VK3899F,1,0,0,19,0
0097804VK4809E,1,0,0,14,0
9997702VK3899F,1,0,0,6,0
0096405VK4809E,1,0,0,2,0
0096804VK5709E,1,0,0,1,0
0095303VK4809E,1,0,0,4,0
1853922VK4815D,1,0,0,33,0
1853926VK4815D,1,0,0,33,0
1853927VK4815D,1,0,0,33,0
1853929VK4815D,1,0,0,33,0
1853935VK4815D,1,0,0,33,0
1853940VK4815D,1,0,0,33,0
1853947VK4815D,1,0,0,24,0
1853970VK4815D,1,0,0,15,0
1853979VK4815D,1,0,0,15,0
1853995VK4815D,1,0,0,15,0
7659505VK3775H,1,0,0,3,0
7759406VK3775H,1,0,0,13,0
7659504VK3775H,1,0,0,3,0
7659507VK3775H,1,0,0,2,0
7658501VK3775H,1,0,0,3,0
7757515VK3775H,1,0,0,8,0
7757905VK3775H,1,0,0,7,0
7757907VK3775H,1,0,0,8,0
7956419VK3775F,1,0,0,68,0
8959507VK3785H,1,0,0,22,0
9060903VK3796A,2,0,0,52,0
8958313VK3785H,1,0,0,70,0
9059113VK3795G,3,0,0,18,0
9155904VK3795E,1,0,0,580,0
9456107VK3795E,1,0,0,128,0
9554311VK3795D,1,0,0,33,0
9653208VK3795D,1,0,0,171,0
9160316VK3796A,1,0,0,87,0
7398164VK3779G,1,0,0,40,0
8003302VK3880C,1,0,0,63,0
7803845VK3870D,1,0,0,106,0
7803849VK3870D,1,0,0,31,0
7803851VK3870D,1,0,0,75,0
9388870VK3798G,1,0,0,5,0
8699459VK3789H,1,0,0,53,0
9388817VK3798G,1,0,0,2,0
8699413VK3789H,1,0,0,31,0
8699437VK3789H,1,0,0,7,0
8699448VK3789H,1,0,0,18,0
8799215VK3789H,1,0,0,1,0
8799220VK3789H,1,0,0,74,0
8799232VK3789H,1,0,0,20,0
8695511VK3789F,1,0,0,23,0
8695513VK3789F,1,0,0,9,0
8695514VK3789F,1,0,0,3,0
9780206VK3798B,1,0,0,270,0
8896330VK3789F,1,0,0,7,0
9779117VK3797H,1,0,0,294,0
8394712VK3789C,1,0,0,56,0
8394713VK3789C,1,0,0,64,0
8397606VK3789G,1,0,0,24,0
8397602VK3789G,1,0,0,36,0
8394707VK3789C,1,0,0,100,0
8394705VK3789C,1,0,0,423,0
8396702VK3789E,1,0,0,130,0
8695322VK3789F,1,0,0,2,0
8695338VK3789F,1,0,0,2,0
8695339VK3789F,1,0,0,2,0
8695343VK3789F,1,0,0,2,0
8795738VK3789F,1,0,0,14,0
8795711VK3789F,1,0,0,31,0
8695365VK3789F,1,0,0,44,0
8595302VK3789F,1,0,0,92,0
8695314VK3789F,1,0,0,8,0
8695312VK3789F,1,0,0,7,0
8695374VK3789F,8,0,0,80,0
8501209VK3880B,1,0,0,26,0
8501211VK3880B,1,0,0,33,0
8501230VK3880B,1,0,0,13,0
8103406VK3880C,1,0,0,70,0
8103410VK3880C,1,0,0,460,0
8103413VK3880C,1,0,0,68,0
8301405VK3880A,1,0,0,5,0
8301417VK3880A,1,0,0,107,0
8399404VK3789G,1,0,0,384,0
8299409VK3789G,1,0,0,197,0
7398103VK3779G,1,0,0,617,0
7398129VK3779G,1,0,0,64,0
7398132VK3779G,1,0,0,168,0
8199904VK3789G,1,0,0,59,0
8199905VK3789G,1,0,0,107,0
7803827VK3870D,1,0,0,11,0
8003312VK3880C,1,0,0,64,0
6707312VK3860F,1,0,0,21,0
6806218VK3860F,1,0,0,8,0
7398155VK3779G,1,0,0,56,0
8695327VK3789F,1,0,0,2,0
8695347VK3789F,1,0,0,2,0
7803808VK3870D,1,0,0,44,0
9388863VK3798G,1,0,0,42,0
9386417VK3798E,1,0,0,4,0
8399431VK3789G,1,0,0,19,0
8595333VK3789F,1,0,0,17,0
8299410VK3789G,1,0,0,57,0
8299411VK3789G,1,0,0,56,0
6707325VK3860F,1,0,0,10,0
6707330VK3860F,1,0,0,20,0
7398187VK3779G,1,0,0,24,0
7398188VK3779G,1,0,0,24,0
7398190VK3779G,1,0,0,24,0
73981A6VK3779G,1,0,0,24,0
73981A7VK3779G,1,0,0,23,0
9799418VK3799H,1,0,0,8,0
9799417VK3799H,1,0,0,8,0
9799414VK3799H,1,0,0,8,0
9798615VK3799H,1,0,0,3,0
9798620VK3799H,1,0,0,6,0
8998120VK3789H,1,0,0,2,0
9698303VK3799H,1,0,0,4,0
9698304VK3799H,1,0,0,3,0
9799403VK3799H,1,0,0,8,0
9699703VK3799H,1,0,0,6,0
9699712VK3799H,1,0,0,8,0
9097104VK3799E,1,0,0,121,0
8603810VK3880D,1,0,0,3,0
8701601VK3880B,1,0,0,4,0
8700407VK3880B,1,0,0,17,0
8799707VK3789H,1,0,0,25,0
8799708VK3789H,1,0,0,1,0
8799710VK3789H,1,0,0,2,0
8898317VK3789H,1,0,0,6,0
8898322VK3789H,1,0,0,1,0
8703707VK3880D,1,0,0,21,0
8603831VK3880D,1,0,0,16,0
2803915VK3820D,1,0,0,69,0
3105515VK3830E,1,0,0,60,0
5201274VK3850A,1,0,0,25,0
5201285VK3850A,1,0,0,16,0
5201256VK3850A,1,0,0,22,0
4798228VK3749H,1,0,0,32,0
4798224VK3749H,1,0,0,39,0
44993C5VK3840A,1,0,0,40,0
44993D1VK3840A,1,0,0,45,0
44993B3VK3840A,1,0,0,38,0
3100926VK3830A,1,0,0,40,0
44993G4VK3840A,1,0,0,33,0
44993H5VK3840A,1,0,0,37,0
44993I4VK3840A,1,0,0,9,0
4597805VK3749F,1,0,0,32,0
3105511VK3830E,1,0,0,46,0
4508436VK3840H,1,0,0,73,0
4508458VK3840H,1,0,0,15,0
4508405VK3840H,1,0,0,285,0
4508433VK3840H,1,0,0,83,0
4508420VK3840H,1,0,0,93,0
2502501VK3820D,0,0,1,0,394
3905914VK3830F,1,0,0,789,0
3905915VK3830F,1,0,0,610,0
3905917VK3830F,1,0,0,271,0
3905903VK3830F,1,0,0,127,0
3905904VK3830F,1,0,0,236,0
3905905VK3830F,1,0,0,262,0
3905920VK3830F,1,0,0,178,0
3905902VK3830F,1,0,0,60,0
4804303VK3840D,1,0,0,332,0
2702703VK3820B,1,0,0,289,0
4507604VK3840H,1,0,0,52,0
4499310VK3840A,1,0,0,644,0
4499334VK3840A,1,0,0,84,0
3398403VK3739G,0,0,1,0,509
3801501VK3830B,1,0,0,87,0
4201906VK3840A,1,0,0,191,0
2402302VK3820C,1,0,0,634,0
5201211VK3850A,1,0,0,20,0
5299402VK3759G,1,0,0,31,0
3997508VK3739H,1,0,0,75,0
4703207VK3840D,1,0,0,543,0
4703204VK3840D,1,0,0,121,0
4703206VK3840D,1,0,0,283,0
3202701VK3830A,5,0,0,158,0
3305402VK3830E,1,0,0,88,0
2803911VK3820D,1,0,0,271,0
4508425VK3840H,1,0,0,46,0
4508489VK3840H,1,0,0,37,0
4508497VK3840H,1,0,0,37,0
45084A9VK3840H,1,0,0,37,0
2803919VK3820D,1,0,0,445,0
4499382VK3840A,1,0,0,62,0
3605704VK3830F,1,0,0,275,0
5098927VK3749H,1,0,0,25,0
45084C5VK3840H,1,0,0,134,0
45084C8VK3840H,1,0,0,134,0
45084E0VK3840H,1,0,0,307,0
2001255VK3820A,1,0,0,117,0
4497510VK3749G,1,0,0,32,0
4497523VK3749G,1,0,0,28,0
4497524VK3749G,1,0,0,28,0
4497526VK3749G,1,0,0,28,0
4497527VK3749G,1,0,0,28,0
4598603VK3749H,1,0,0,54,0
4598608VK3749H,1,0,0,54,0
5098907VK3759G,1,0,0,62,0
4897203VK3749F,1,0,0,62,0
4896506VK3749F,1,0,0,63,0
4996301VK3749F,1,0,0,76,0
4996305VK3749F,1,0,0,53,0
5096709VK3759E,1,0,0,21,0
5196307VK3759E,1,0,0,36,0
4697616VK3749F,1,0,0,76,0
3105526VK3830E,1,0,0,75,0
45084D0VK3840H,1,0,0,134,0
4499394VK3840A,1,0,0,11,0
44993A8VK3840A,1,0,0,11,0
44993A1VK3840A,1,0,0,29,0
5096712VK3759E,1,0,0,22,0
5201218VK3850A,1,0,0,28,0
5296925VK3759E,8,0,0,192,0
0905905VK3800F,1,0,0,345,0
2001267VK3820A,1,0,0,46,0
9608582VK2890H,1,0,0,7,0
9608587VK2890H,1,0,0,7,0
0206313VK3800E,1,0,0,4,0
0206315VK3800E,1,0,0,2,0
0206323VK3800E,1,0,0,25,0
0007211VK3800E,1,0,0,6,0
9807707VK2890F,1,0,0,10,0
0305405VK3800E,1,0,0,24,0
0305416VK3800E,1,0,0,1,0
0305115VK3800E,1,0,0,28,0
1305102VK3810E,1,0,0,80,0
0905908VK3800F,1,0,0,120,0
9707105VK2890F,1,0,0,1,0
1007442VK3810G,1,0,0,38,0
1007438VK3810G,1,0,0,86,0
1007430VK3810G,1,0,0,78,0
1007426VK3810G,1,0,0,1303,0
1007421VK3810G,1,0,0,89,0
1007417VK3810G,1,0,0,85,0
1007414VK3810G,1,0,0,57,0
1007412VK3810G,1,0,0,275,0
1007410VK3810G,1,0,0,131,0
1007403VK3810G,1,0,0,536,0
9213408VK2891C,1,0,0,75,0
9213408VK2941C,1,0,0,88,0
9213413VK2891C,1,0,0,5,0
9213414VK2891C,1,0,0,68,0
1704701VK3810D,1,0,0,160,0
1704706VK3810D,1,0,0,152,0
1704709VK3810D,1,0,0,51,0
1704712VK3810D,1,0,0,447,0
1902302VK3810D,1,0,0,59,0
1902310VK3810D,1,0,0,105,0
1303501VK3810C,1,0,0,281,0
1303805VK3810C,1,0,0,46,0
1203806VK3810C,1,0,0,154,0
1202203VK3810C,1,0,0,117,0
1899201VK3719H,0,0,1,0,138
9312108VK2891A,1,0,0,186,0
9512502VK2891D,1,0,0,74,0
9512507VK2891D,1,0,0,63,0
9512509VK2891D,1,0,0,73,0
9512512VK2891D,1,0,0,58,0
0109812VK3800G,1,0,0,93,0
0508514VK3800H,1,0,0,105,0
0707709VK3800F,1,0,0,65,0
0707702VK3800F,1,0,0,57,0
0707705VK3800F,1,0,0,760,0
0707706VK3800F,1,0,0,92,0
0707708VK3800F,1,0,0,55,0
0804903VK3800D,1,0,0,409,0
9608505VK2890H,1,0,0,65,0
9209708VK2890G,1,0,0,29,0
9208505VK2890G,1,0,0,28,0
9208509VK2890G,1,0,0,24,0
9208517VK2890G,1,0,0,19,0
9208201VK2890G,1,0,0,33,0
9208209VK2890G,1,0,0,4,0
9508101VK4890G,1,0,0,53,0
9508103VK2890H,1,0,0,27,0
9508103VK4890G,1,0,0,22,0
9512514VK2891D,1,0,0,83,0
1007453VK3810G,1,0,0,205,0
1007433VK3810G,1,0,0,58,0
1704707VK3810D,1,0,0,78,0
9512511VK2891D,1,0,0,69,0
0010910VK3801A,1,0,0,50,0
9208516VK2890G,1,0,0,31,0
0305414VK3800E,1,0,0,18,0
0304503VK3800C,1,0,0,24,0
9312117VK2891A,1,0,0,528,0
9410402VK2891A,1,0,0,60,0
9608559VK2890H,1,0,0,18,0
0505246VK3800F,1,0,0,15,0
0505255VK3800F,1,0,0,15,0
1007466VK3810G,1,0,0,61,0
4590363VK3749B,1,0,0,67,0
4693412VK3749D,2,0,0,86,0
5491403VK3759A,1,0,0,190,0
5491407VK3759A,1,0,0,18,0
3187140VK3738E,1,0,0,25,0
3187141VK3738E,1,0,0,24,0
4391456VK3749A,1,0,0,20,0
3080602VK3738A,1,0,0,9,0
3194504VK3739C,1,0,0,25,0
4392904VK3749C,1,0,0,31,0
4093602VK3749C,1,0,0,20,0
5188307VK3758G,1,0,0,16,0
5188307VK4758G,1,0,0,151,0
3188484VK3738G,1,0,0,24,0
3791109VK3739B,1,0,0,13,0
4294406VK3749C,1,0,0,24,0
3687720VK3738F,1,0,0,17,0
4184711VK3748C,1,0,0,3,0
4283901VK3748C,1,0,0,8,0
4587413VK3748H,1,0,0,49,0
4582506VK3748C,1,0,0,17,0
3188428VK3738G,1,0,0,28,0
5391405VK3759C,1,0,0,39,0
3382501VK3738C,1,0,0,8,0
5391402VK3759C,1,0,0,49,0
4187108VK3748E,1,0,0,22,0
3092504VK3739C,1,0,0,8,0
3092505VK3739C,1,0,0,7,0
3092506VK3739C,1,0,0,7,0
4186903VK3748E,1,0,0,18,0
3191911VK3739A,1,0,0,3,0
3092523VK3739C,1,0,0,30,0
3082511VK3738C,1,0,0,9,0
3082113VK3738A,1,0,0,5,0
3987706VK3738F,1,0,0,27,0
4188958VK3748G,1,0,0,13,0
4188960VK3748G,1,0,0,13,0
4188964VK3748G,1,0,0,13,0
4088106VK3748G,1,0,0,6,0
3191924VK3739A,1,0,0,4,0
3187120VK3738E,1,0,0,54,0
3187123VK3738E,1,0,0,8,0
3187132VK3738E,1,0,0,4,0
4088120VK3748G,1,0,0,6,0
4088122VK3748G,1,0,0,6,0
4188977VK3748G,1,0,0,2,0
4188972VK3748G,1,0,0,19,0
4188931VK3748G,1,0,0,37,0
3582308VK3738D,1,0,0,4,0
3882743VK3738B,1,0,0,51,0
3080610VK3738A,1,0,0,9,0
4288611VK3748H,1,0,0,67,0
3081701VK3738A,1,0,0,2,0
3081706VK3738A,1,0,0,16,0
2990601VK3729B,1,0,0,1,0
4587459VK3748H,1,0,0,19,0
4587470VK3748H,1,0,0,91,0
3081710VK3738A,1,0,0,2,0
3292524VK3739C,1,0,0,3,0
5193413VK3759C,1,0,0,63,0
2891727VK3729B,1,0,0,86,0
2891728VK3729B,1,0,0,25,0
2891730VK3729B,1,0,0,32,0
4392911VK3749C,1,0,0,7,0
3687749VK3738F,1,0,0,14,0
4693421VK3749D,1,0,0,26,0
4693417VK3749D,1,0,0,23,0
4693435VK3749D,1,0,0,22,0
4590347VK3749B,1,0,0,34,0
3777932VK3737H,1,0,0,42,0
3189210VK3738G,1,0,0,16,0
3189213VK3738G,1,0,0,16,0
3080904VK3738A,1,0,0,5,0
3882735VK3738B,1,0,0,18,0
4481704VK3748A,1,0,0,5,0
4581801VK3748B,1,0,0,3,0
4681101VK3748B,1,0,0,24,0
2990637VK3729B,1,0,0,25,0
2990643VK3729B,1,0,0,23,0
2990646VK3729B,1,0,0,23,0
4188916VK3748G,1,0,0,50,0
4188920VK3748G,1,0,0,62,0
4188925VK3748G,1,0,0,48,0
4188981VK3748G,1,0,0,5,0
4781205VK3748B,1,0,0,15,0
4781201VK3748B,1,0,0,3,0
4585210VK3748F,1,0,0,70,0
3188433VK3738G,1,0,0,20,0
3188435VK3738G,1,0,0,20,0
3188472VK3738G,1,0,0,31,0
3188481VK3738G,1,0,0,27,0
3188475VK3738G,1,0,0,27,0
3188405VK3738G,1,0,0,26,0
2891732VK3729B,1,0,0,20,0
2891735VK3729B,1,0,0,40,0
2891718VK3729B,1,0,0,38,0
2891719VK3729B,1,0,0,40,0
3091309VK3739A,1,0,0,12,0
4881901VK3748B,1,0,0,23,0
4288602VK3748H,1,0,0,54,0
3188479VK3738G,1,0,0,43,0
3282306VK3738C,1,0,0,6,0
3282308VK3738C,1,0,0,6,0
3282111VK3738A,1,0,0,5,0
3487904VK3738E,1,0,0,31,0
3487918VK3738E,1,0,0,5,0
4190602VK3749A,1,0,0,15,0
41889A8VK3748G,1,0,0,24,0
41889A4VK3748G,1,0,0,24,0
41889A3VK3748G,1,0,0,24,0
4981209VK3748B,1,0,0,16,0
3282116VK3738A,1,0,0,5,0
3481114VK3738A,1,0,0,5,0
3187109VK3738E,1,0,0,5,0
3389832VK3738G,1,0,0,8,0
4981215VK3748B,1,0,0,10,0
4190614VK3749A,1,0,0,15,0
4190617VK3749A,1,0,0,16,0
4980209VK2748B,1,0,0,17,0
5193407VK3759C,1,0,0,56,0
2790810VK3729B,1,0,0,13,0
2790807VK3729B,1,0,0,23,0
2790805VK3729B,1,0,0,25,0
2790804VK3729B,1,0,0,17,0
2790802VK3729B,1,0,0,17,0
2790834VK3729B,1,0,0,31,0
2790832VK3729B,1,0,0,30,0
2790829VK3729B,1,0,0,15,0
2790824VK3729B,1,0,0,33,0
3389812VK3738G,1,0,0,12,0
3290520VK3739A,1,0,0,5,0
3191923VK3739A,1,0,0,4,0
3191921VK3739A,1,0,0,11,0
3191915VK3739A,1,0,0,7,0
2886630VK3728F,1,0,0,6,0
2886650VK3728F,1,0,0,6,0
2886623VK3728F,1,0,0,36,0
2886633VK3728F,1,0,0,8,0
2886643VK3728F,1,0,0,37,0
2790822VK3729B,1,0,0,36,0
3496402VK3739E,1,0,0,113,0
3396904VK3739F,1,0,0,40,0
3194516VK3739C,1,0,0,17,0
3292503VK3739C,1,0,0,6,0
3092534VK3739C,1,0,0,31,0
3092513VK3739C,1,0,0,18,0
3191937VK3739A,1,0,0,10,0
4084711VK3748C,1,0,0,1,0
4084712VK3748C,1,0,0,5,0
5180309VK3758A,1,0,0,18,0
3787924VK3738F,1,0,0,20,0
3787926VK3738F,1,0,0,16,0
3293603VK3739C,1,0,0,16,0
3293618VK3739C,1,0,0,4,0
3293617VK3739C,1,0,0,4,0
3293623VK3739C,1,0,0,6,0
3394707VK3739C,1,0,0,28,0
3394710VK3739C,1,0,0,1,0
3394732VK3739C,1,0,0,74,0
3191909VK3739A,1,0,0,11,0
4293709VK3749C,1,0,0,35,0
4392905VK3749C,1,0,0,22,0
4392907VK3749C,1,0,0,35,0
4282801VK3748C,1,0,0,1145,0
4184202VK3748C,1,0,0,4,0
4184207VK3748C,1,0,0,5,0
3787906VK3738F,1,0,0,2,0
3787905VK3738F,1,0,0,4,0
3384202VK3738C,1,0,0,30,0
5180205VK3758A,1,0,0,3,0
3886503VK3738F,1,0,0,2,0
3394733VK3739C,1,0,0,8,0
3394742VK3739C,1,0,0,47,0
4184719VK3748C,1,0,0,4,0
4184722VK3748C,1,0,0,4,0
4283906VK3748C,1,0,0,17,0
4284805VK3748C,1,0,0,5,0
4284810VK3748C,1,0,0,7,0
4284816VK3748C,1,0,0,8,0
3887120VK3738F,1,0,0,25,0
3687747VK3738F,1,0,0,3,0
3687738VK3738F,1,0,0,1,0
3687734VK3738F,1,0,0,1,0
3687723VK3738F,1,0,0,3,0
3494606VK3739C,1,0,0,23,0
3494624VK3739C,1,0,0,20,0
3494617VK3739C,1,0,0,36,0
3593701VK3739D,1,0,0,31,0
4384201VK3748C,1,0,0,4,0
4384204VK3748C,1,0,0,3,0
4383304VK3748C,1,0,0,6,0
4383310VK3748C,1,0,0,6,0
4383901VK3748C,1,0,0,3,0
4383902VK3748C,1,0,0,22,0
4587403VK3748H,1,0,0,67,0
5281101VK3758A,1,0,0,16,0
2988803VK3728H,1,0,0,5,0
2988806VK3728H,1,0,0,15,0
5282101VK3758A,1,0,0,4,0
3593702VK3739D,1,0,0,32,0
3593709VK3739D,1,0,0,28,0
3593714VK3739D,1,0,0,10,0
3593716VK3739D,1,0,0,21,0
4587466VK3748H,1,0,0,40,0
4587428VK3748H,1,0,0,33,0
5281913VK3758A,1,0,0,21,0
5281503VK3758A,1,0,0,9,0
5281507VK3758A,1,0,0,29,0
2986409VK3728F,1,0,0,25,0
3792616VK3739B,1,0,0,15,0
3792632VK3739B,1,0,0,66,0
5390722VK3759A,1,0,0,6,0
5390721VK3759A,1,0,0,20,0
4587458VK3748H,1,0,0,25,0
4587444VK3748H,1,0,0,212,0
4483306VK3748C,1,0,0,1,0
4483313VK3748C,1,0,0,1,0
4681903VK3748B,1,0,0,4,0
4381503VK3748A,1,0,0,12,0
4381510VK3748A,1,0,0,1,0
3791703VK3739B,1,0,0,119,0
4590313VK3749B,1,0,0,792,0
4590320VK3749B,1,0,0,74,0
4590321VK3749B,1,0,0,44,0
4590323VK3749B,1,0,0,349,0
4590327VK3749B,1,0,0,74,0
4483903VK3748C,1,0,0,5,0
4483905VK3748C,1,0,0,20,0
4381704VK3748B,1,0,0,6,0
4481406VK3748A,1,0,0,4,0
3890214VK3739B,1,0,0,4,0
3682104VK3738B,1,0,0,4,0
3682108VK3738B,1,0,0,4,0
3682112VK3738B,1,0,0,4,0
3682119VK3738B,1,0,0,4,0
4286908VK3748E,1,0,0,3,0
3777911VK3737H,5,0,0,55,0
4483809VK3748C,1,0,0,14,0
4481805VK3748A,1,0,0,5,0
3890210VK3739B,1,0,0,40,0
3990309VK3739B,1,0,0,16,0
4094803VK3749C,1,0,0,31,0
4286928VK3748E,1,0,0,3,0
4286927VK3748E,1,0,0,3,0
4683804VK3748D,1,0,0,15,0
4783804VK3748D,1,0,0,17,0
4394511VK3749C,1,0,0,13,0
4391463VK3749A,1,0,0,9,0
4391473VK3749A,1,0,0,21,0
4982403VK3748D,1,0,0,55,0
3983804VK3738D,1,0,0,13,0
3882708VK3738B,1,0,0,18,0
3882726VK3738B,1,0,0,18,0
2888405VK3728H,1,0,0,3,0
2888425VK3728H,1,0,0,19,0
2888408VK3728H,1,0,0,16,0
2888410VK3728H,1,0,0,48,0
2990621VK3729B,1,0,0,10,0
4391482VK3749A,1,0,0,20,0
4391415VK3749A,1,0,0,25,0
4391417VK3749A,1,0,0,12,0
4391439VK3749A,1,0,0,34,0
3886512VK3738F,1,0,0,6,0
3887122VK3738F,1,0,0,19,0
3887128VK3738F,1,0,0,26,0
3079303VK3737G,1,0,0,4,0
5290802VK3759B,1,0,0,58,0
3394731VK3739C,1,0,0,12,0
3396906VK3739F,1,0,0,53,0
4681603VK3748B,1,0,0,6,0
4880311VK3748B,1,0,0,6,0
4391443VK3749A,8,0,0,144,0
3593717VK3739D,1,0,0,16,0
2693515VK3729D,1,0,0,32,0
4991211VK3749B,1,0,0,66,0
5184820VK3758C,1,0,0,26,0
3887106VK3738F,1,0,0,2,0
3887130VK3738F,1,0,0,9,0
5182703VK3758A,1,0,0,10,0
2891731VK3729B,1,0,0,12,0
4391489VK3749A,1,0,0,96,0
4391447VK3749A,1,0,0,19,0
2986415VK3728F,1,0,0,1,0
5382301VK3758C,1,0,0,50,0
4989132VK3748H,1,0,0,37,0
2891738VK3729B,1,0,0,29,0
4693405VK3749D,2,0,0,96,0
4190615VK3749A,1,0,0,15,0
4284114VK3748C,1,0,0,5,0
4381710VK3748B,1,0,0,5,0
4383907VK3748C,1,0,0,1,0
4186906VK3748E,1,0,0,15,0
3187134VK3738E,1,0,0,45,0
3188438VK3738G,1,0,0,2,0
3188446VK3738G,1,0,0,22,0
4483308VK3748C,1,0,0,18,0
4483602VK3748C,1,0,0,2,0
4483906VK3748C,1,0,0,5,0
4582305VK3748C,1,0,0,12,0
4587472VK3748H,1,0,0,49,0
3293632VK3739C,1,0,0,17,0
3496427VK3739E,1,0,0,15,0
3092545VK3739C,1,0,0,20,0
3589119VK3738H,1,0,0,11,0
5191910VK3759A,1,0,0,79,0
4590358VK3749B,1,0,0,20,0
4590362VK3749B,1,0,0,20,0
4590348VK3749B,1,0,0,104,0
2888429VK3728H,1,0,0,20,0
4693452VK3749D,2,0,0,78,0
4790724VK3749B,1,0,0,48,0
2897723VK3729F,1,0,0,30,0
4293712VK3749C,1,0,0,48,0
7222282VK3772A,1,0,0,10,0
7031108VK3773A,1,0,0,152,0
71209B5VK3772A,1,0,0,6,0
8135106VK3783E,1,0,0,135,0
7232825VK3773A,2,0,0,52,0
7835808VK3773F,1,0,0,36,0
7835610VK3773F,1,0,0,79,0
7934902VK3773D,1,0,0,130,0
8237309VK3783G,1,0,0,63,0
8238205VK3783G,1,0,0,63,0
7933313VK3773D,0,0,1,0,25
8138206VK3783G,1,0,0,56,0
8038504VK3783G,1,0,0,29,0
7536414VK3773F,1,0,0,18,0
7835813VK3773F,0,0,1,0,51
7835819VK3773F,1,0,0,46,0
7940625VK3774B,1,0,0,48,0
7940609VK3774B,1,0,0,82,0
7939102VK3773H,1,0,0,133,0
7635610VK3773F,2,0,0,102,0
7635611VK3773F,1,0,0,37,0
7737406VK3773H,1,0,0,90,0
7832610VK3773B,1,0,0,34,0
8441404VK3784A,1,0,0,334,0
8643907VK3784D,2,0,0,116,0
7538103VK3773H,1,0,0,191,0
8034804VK3783C,1,0,0,69,0
8141617VK3784A,1,0,0,133,0
7633409VK3773D,1,0,0,10,0
6227209VK3762G,1,0,0,4,0
6227109VK3762E,1,0,0,30,0
6227106VK3762E,1,0,0,17,0
6227104VK3762E,1,0,0,17,0
6932906VK3763D,1,0,0,18,0
5214625VK3751C,0,0,1,0,191
5519414VK3751H,1,0,0,24,0
5818309VK3751H,0,1,0,74,0
2601807VK3720B,1,0,0,1,0
4419913VK3741G,1,0,0,61,0
3922621VK4732D,1,0,0,153,0
3922601VK3732B,1,0,0,30,0
4223207VK3742C,1,0,0,11,0
2701305VK3720B,1,0,0,1,0
2601801VK3720B,1,0,0,1,0
2499506VK3629G,1,0,0,26,0
4022803VK3742A,1,0,0,21,0
4021604VK3742A,1,0,0,34,0
3003227VK3730C,1,0,0,123,0
4405841VK3740E,0,0,1,0,68
4509103VK3740H,1,0,0,78,0
6121256VK4762A,0,0,1,0,23
4235244VK4743E,0,0,1,0,85
4033944VK4743C,1,0,0,11,0
4033946VK4743C,1,0,0,6,0
4033950VK4743C,1,0,0,12,0
5633410VK4753D,0,0,2,0,79
4560312VK4746B,1,0,0,77,0
4454113VK4745C,1,0,0,31,0
4961905VK4746B,0,1,0,93,0
5746201VK4754F,0,0,1,0,396
5160425VK4756A,0,0,1,0,17
5864111VK4756D,1,0,0,50,0
5261319VK4756A,0,0,1,0,114
5458306VK4755G,1,0,0,61,0
5466303VK4756E,1,0,0,34,0
5365709VK4756E,1,0,0,50,0
5568609VK4756H,1,0,0,38,0
6069814VK4766G,1,0,0,1923,0
5567517VK4756H,1,0,0,99,0
4663426VK4746D,1,0,0,180,0
4663418VK4746D,1,0,0,235,0
5364805VK4756C,1,0,0,134,0
5367605VK4756E,1,0,0,54,0
5266508VK4756E,1,0,0,2,0
5868201VK4756H,1,0,0,30,0
5370804VK4757A,1,0,0,13,0
5370807VK4757A,1,0,0,20,0
5172501VK4757A,1,0,0,119,0
5472303VK4757C,1,0,0,16,0
5472706VK4757A,1,0,0,18,0
5371910VK4757A,1,0,0,44,0
4767803VK4746F,0,0,1,0,31
4973201VK4747D,0,0,1,0,113
5175704VK4757E,1,0,0,45,0
5177509VK4757G,1,0,0,17,0
4884601VK4848D,1,0,0,6,0
4982002VK4848B,1,0,0,1725,0
4586903VK4848F,1,0,0,47,0
4779801VK4847H,0,0,1,0,45
4080901VK4848A,1,0,0,45,0
3991403VK4839B,1,0,0,110,0
3991417VK4839B,3,0,0,54,0
4288804VK4848G,1,0,0,36,0
4288819VK4848G,1,0,0,19,0
4387209VK4848E,1,0,0,665,0
3795002VK4839F,1,0,0,148,0
8185019VK4788E,1,0,0,66,0
8584014VK4788D,1,0,0,1,0
8584019VK4788D,1,0,0,1,0
8086126VK4788E,1,0,0,24,0
8084208VK4788C,1,0,0,24,0
8185005VK4788E,1,0,0,64,0
8086114VK4788E,1,0,0,19,0
8283817VK4788C,1,0,0,29,0
8283818VK4788C,1,0,0,30,0
8382008VK4788A,1,0,0,58,0
8182014VK4788A,1,0,0,45,0
8084004VK4788C,1,0,0,55,0
8083424VK4788C,1,0,0,21,0
8083415VK4788C,1,0,0,62,0
8083418VK4788C,1,0,0,21,0
8086121VK4788E,1,0,0,53,0
8086118VK4788E,1,0,0,15,0
8086104VK4788E,1,0,0,29,0
8383410VK4788C,1,0,0,22,0
8383407VK4788C,1,0,0,19,0
8383408VK4788C,1,0,0,21,0
8383613VK4788C,1,0,0,32,0
7884517VK4778D,1,0,0,19,0
8182621VK4788C,1,0,0,2,0
8083429VK4788C,1,0,0,20,0
8684207VK4788D,1,0,0,6,0
8183923VK4788C,1,0,0,14,0
8183931VK4788C,1,0,0,33,0
7282428VK4778C,1,0,0,34,0
7282410VK4778C,1,0,0,24,0
7282416VK4778C,1,0,0,35,0
7282417VK4778C,1,0,0,34,0
7282419VK4778C,1,0,0,20,0
7383814VK4778C,1,0,0,14,0
7383825VK4778C,1,0,0,14,0
4988206VK4748H,1,0,0,17,0
4988207VK4748H,1,0,0,28,0
4988210VK4748H,1,0,0,27,0
4788621VK4748H,1,0,0,29,0
6691911VK4769B,1,0,0,11,0
6890202VK4769B,1,0,0,17,0
6890204VK4769B,1,0,0,24,0
4986603VK4748F,1,0,0,32,0
4987703VK4748F,1,0,0,19,0
6092040VK4759B,1,0,0,22,0
4985408VK4748F,1,0,0,20,0
4985411VK4748F,1,0,0,22,0
60920E2VK4759B,1,0,0,26,0
60920D8VK4759B,1,0,0,26,0
60920D9VK4759B,1,0,0,43,0
60920E5VK4759B,1,0,0,28,0
60920C1VK4759B,1,0,0,22,0
60920H3VK4759B,1,0,0,11,0
60920G7VK4759B,1,0,0,13,0
60920H2VK4759B,1,0,0,13,0
60920H0VK4759B,1,0,0,13,0
60920C2VK4759B,1,0,0,56,0
5484044VK4758D,1,0,0,109,0
5484012VK4758D,1,0,0,86,0
5484025VK4758D,2,0,0,125,0
5484026VK4758D,1,0,0,44,0
5484028VK4758D,1,0,0,151,0
5484030VK4758D,1,0,0,103,0
5484091VK4758D,1,0,0,38,0
60920B5VK4759B,1,0,0,29,0
5484074VK4758D,1,0,0,46,0
5484033VK4758D,1,0,0,7,0
5484036VK4758D,1,0,0,5,0
5783033VK4758D,1,0,0,8,0
4787506VK4748H,1,0,0,28,0
4788409VK4748H,1,0,0,25,0
4788603VK4748H,1,0,0,13,0
4788604VK4748H,1,0,0,9,0
5185306VK4758E,1,0,0,23,0
5185312VK4758E,1,0,0,249,0
5185319VK4758E,1,0,0,3,0
5992006VK4759B,1,0,0,45,0
6391207VK4769A,1,0,0,17,0
5783007VK4758D,1,0,0,44,0
6391201VK4769A,1,0,0,27,0
5788707VK4758H,1,0,0,65,0
5987322VK4768G,1,0,0,74,0
5085107VK4758E,1,0,0,23,0
5188121VK4758G,1,0,0,16,0
5188310VK4758G,1,0,0,16,0
5992010VK4759B,1,0,0,37,0
6190910VK4769A,1,0,0,349,0
6190921VK4769A,1,0,0,53,0
4984411VK4748D,1,0,0,11,0
4984409VK4748D,1,0,0,15,0
4986610VK4748F,1,0,0,17,0
6085016VK4758F,1,0,0,12,0
6085018VK4758F,1,0,0,223,0
6092082VK4759B,1,0,0,64,0
6092090VK4759B,1,0,0,44,0
6085029VK4758F,1,0,0,47,0
6085033VK4758F,1,0,0,83,0
6085036VK4758F,1,0,0,62,0
6485035VK4768E,1,0,0,92,0
6487212VK4768G,1,0,0,86,0
6487202VK4768G,1,0,0,29,0
6487204VK4768G,1,0,0,27,0
6386941VK4768E,1,0,0,92,0
6085006VK4758F,1,0,0,54,0
6485041VK4768E,1,0,0,14,0
6683056VK4768F,1,0,0,304,0
6683047VK4768F,1,0,0,27,0
5783016VK4758D,1,0,0,117,0
5783018VK4758D,1,0,0,50,0
6085012VK4758F,1,0,0,84,0
5987333VK4768G,1,0,0,31,0
5484004VK4758D,2,0,0,51,0
6386928VK4768E,1,0,0,41,0
60920J5VK4759B,1,0,0,17,0
60920J1VK4759B,1,0,0,30,0
6092078VK4759B,1,0,0,88,0
6092076VK4759B,1,0,0,25,0
6092075VK4759B,1,0,0,25,0
6683005VK4768F,1,0,0,20,0
6683012VK4768F,1,0,0,32,0
6683014VK4768F,1,0,0,16,0
6683042VK4768F,1,0,0,40,0
6683074VK4768F,1,0,0,93,0
6683020VK4768F,1,0,0,20,0
6683021VK4768F,1,0,0,31,0
6683037VK4768F,1,0,0,23,0
4887609VK4748H,1,0,0,14,0
4887621VK4748H,1,0,0,24,0
5586207VK4758E,1,0,0,108,0
5586212VK4758E,1,0,0,60,0
5586214VK4758E,1,0,0,48,0
5586215VK4758E,1,0,0,76,0
6683016VK4768F,1,0,0,17,0
6487215VK4768G,1,0,0,73,0
6487218VK4768G,1,0,0,88,0
6386919VK4768E,1,0,0,38,0
6588629VK4768H,1,0,0,70,0
6588635VK4768H,1,0,0,92,0
6588636VK4768H,1,0,0,87,0
6588637VK4768H,1,0,0,110,0
6789126VK4768H,1,0,0,89,0
6789142VK4768H,1,0,0,51,0
6890012VK4769B,1,0,0,32,0
6890013VK4769B,1,0,0,34,0
6890024VK4769B,1,0,0,27,0
5085609VK4758E,1,0,0,8,0
6890034VK4769B,1,0,0,16,0
6890037VK4769B,1,0,0,14,0
5287920VK4758E,1,0,0,116,0
60920G5VK4759B,1,0,0,26,0
6683059VK4768F,1,0,0,47,0
6987402VK4778G,1,0,0,13,0
6987408VK4778G,1,0,0,13,0
7087303VK4778G,1,0,0,13,0
7087306VK4778G,1,0,0,13,0
7087307VK4778G,1,0,0,13,0
5187221VK4758E,1,0,0,19,0
5484057VK4758D,1,0,0,75,0
60920K8VK4759B,1,0,0,34,0
6085040VK4758F,1,0,0,93,0
6092070VK4759B,1,0,0,29,0
6285009VK4768C,1,0,0,64,0
6386923VK4768E,1,0,0,43,0
6485039VK4768E,1,0,0,37,0
6487216VK4768G,1,0,0,98,0
6588621VK4768H,1,0,0,32,0
6683018VK4768F,1,0,0,32,0
6683079VK4768F,1,0,0,40,0
6789145VK4768H,1,0,0,55,0
6285002VK4768C,1,0,0,27,0
6683033VK4768F,1,0,0,30,0
6588605VK4768H,1,0,0,62,0
4887631VK4748H,1,0,0,30,0
6789106VK4768H,1,0,0,65,0
4887642VK4748H,1,0,0,20,0
4887643VK4748H,1,0,0,13,0
5386013VK4758E,6,0,0,100,0
5484014VK4758D,1,0,0,24,0
5486304VK4758E,1,0,0,81,0
6485062VK4768E,1,0,0,22,0
6485060VK4768E,1,0,0,20,0
4787520VK4748H,1,0,0,19,0
5783045VK4758D,1,0,0,101,0
4987715VK4748F,1,0,0,15,0
4787538VK4748H,1,0,0,37,0
54840B2VK4758D,1,0,0,37,0
54840B4VK4758D,1,0,0,26,0
54840C0VK4758D,1,0,0,14,0
4693317VK4749D,1,0,0,6,0
4594910VK4749D,1,0,0,16,0
4899504VK4749H,3,0,0,96,0
4899510VK4749H,1,0,0,43,0
4691605VK4749B,1,0,0,23,0
4691612VK4749B,1,0,0,58,0
4899517VK4749H,1,0,0,29,0
4989308VK4748H,1,0,0,21,0
4989309VK4748H,1,0,0,21,0
4989606VK4748H,1,0,0,27,0
4990405VK4749B,1,0,0,18,0
5895302VK3659F,1,0,0,75,0
5099908VK4759G,1,0,0,2,0
4194603VK4749C,1,0,0,21,0
5389307VK4758G,1,0,0,22,0
4789406VK4749B,1,0,0,32,0
4992573VK4749D,1,0,0,13,0
5190305VK4759A,1,0,0,39,0
5490909VK4759A,1,0,0,157,0
4394105VK4749C,1,0,0,2,0
4492912VK4749A,1,0,0,14,0
4997811VK4749F,1,0,0,48,0
4493222VK4749C,1,0,0,17,0
4998511VK4749H,1,0,0,16,0
5197605VK4759E,1,0,0,4,0
4893105VK4749D,1,0,0,6,0
4893113VK4749D,1,0,0,6,0
4893119VK4749D,1,0,0,6,0
4893123VK4749D,1,0,0,6,0
4893127VK4749D,1,0,0,6,0
6499103VK4769G,0,0,1,0,75
4592111VK4749B,1,0,0,14,0
4897432VK4749H,1,0,0,24,0
5091520VK4759A,1,0,0,42,0
5091521VK4759A,1,0,0,23,0
5289209VK4758G,1,0,0,21,0
4394110VK4749C,1,0,0,21,0
4594911VK4749D,1,0,0,19,0
4594904VK4749D,1,0,0,16,0
4493245VK4749C,1,0,0,62,0
4493247VK4749C,1,0,0,57,0
4791923VK4749B,1,0,0,34,0
4791928VK4749B,1,0,0,10,0
4791912VK4749B,1,0,0,25,0
4997801VK4749F,1,0,0,14,0
4990426VK4749B,1,0,0,31,0
5490910VK4759A,1,0,0,29,0
4899519VK4749H,1,0,0,95,0
4200060VK4840C,1,0,0,10,0
4200055VK4840C,1,0,0,48,0
4900312VK4840B,1,0,0,14,0
3999520VK4739H,1,0,0,9,0
3999505VK4739H,1,0,0,4,0
4909902VK4840H,0,0,1,0,1024
5011003VK4841B,1,0,0,435,0
4807031VK4840H,0,1,0,50,0
5001108VK4850A,1,0,0,19,0
5002108VK4850A,1,0,0,15,0
5002109VK4850A,1,0,0,19,0
5608017VK4850H,1,0,0,136,0
5002117VK4850A,1,0,0,18,0
4110208VK4841A,1,0,0,69,0
3805822VK4830F,1,0,0,14,0
3805802VK4830F,1,0,0,29,0
3804203VK4830D,1,0,0,40,0
3804612VK4830D,1,0,0,42,0
3904511VK4830D,1,0,0,36,0
4005207VK4840E,1,0,0,22,0
3803909VK4830D,1,0,0,31,0
3803908VK4830D,1,0,0,20,0
3803906VK4830D,1,0,0,49,0
3903902VK4830D,1,0,0,14,0
3903507VK4830D,1,0,0,22,0
4103904VK4840C,1,0,0,26,0
4009105VK4830H,1,0,0,5,0
6319504VK4861G,1,0,0,16,0
6717205VK4861F,1,0,0,16,0
6516209VK4861F,1,0,0,26,0
6515917VK4861F,1,0,0,7,0
6540303VK4864B,1,0,0,33,0
6713905VK4861D,1,0,0,5,0
6441910VK4864A,1,0,0,53,0
6441908VK4864A,1,0,0,53,0
6441905VK4864A,1,0,0,61,0
6440302VK4864A,1,0,0,70,0
6440310VK4864A,1,0,0,43,0
6813705VK4861D,1,0,0,20,0
6813715VK4861D,1,0,0,1,0
6912116VK4861B,1,0,0,1,0
6540316VK4864B,1,0,0,33,0
6340711VK4863G,1,0,0,82,0
6340710VK4863G,1,0,0,32,0
6042501VK4864C,17,0,0,388,0
6810211VK4860H,1,0,0,27,0
6810216VK4860H,1,0,0,23,0
6317827VK4861E,1,0,0,20,0
6913802VK4861D,1,0,0,23,0
6810226VK4860H,1,0,0,20,0
6810229VK4860H,1,0,0,20,0
6810230VK4860H,1,0,0,23,0
6810237VK4860H,1,0,0,19,0
6913810VK4861D,1,0,0,13,0
6419019VK4861G,1,0,0,13,0
6317310VK4861G,1,0,0,6,0
6214614VK4861C,1,0,0,4,0
6214620VK4861C,1,0,0,4,0
6214609VK4861C,1,0,0,5,0
6717218VK4861F,1,0,0,15,0
6315404VK4861E,1,0,0,1,0
6315407VK4861E,1,0,0,1,0
6314519VK4861C,1,0,0,5,0
6214646VK4861C,1,0,0,2,0
6214651VK4861C,1,0,0,17,0
7007214VK4870E,1,0,0,13,0
6615714VK4861D,1,0,0,16,0
6317813VK4861E,1,0,0,24,0
6340714VK4863G,1,0,0,50,0
6418906VK4861G,1,0,0,25,0
6614422VK4861F,1,0,0,18,0
6614303VK4861D,1,0,0,8,0
6418919VK4861G,1,0,0,81,0
6517120VK4861F,1,0,0,15,0
6713610VK4861D,2,0,0,44,0
6316607VK4861E,1,0,0,19,0
6316611VK4861E,1,0,0,29,0
6316617VK4861E,1,0,0,31,0
6139612VK4861G,1,0,0,28,0
6129909VK4861G,1,0,0,18,0
6129906VK4861G,1,0,0,21,0
6416817VK4861E,1,0,0,30,0
7011120VK4871A,1,0,0,28,0
7011109VK4871A,1,0,0,16,0
7011112VK4871A,1,0,0,16,0
6317801VK4861E,1,0,0,6,0
7007202VK4870E,1,0,0,5,0
7007209VK4870E,1,0,0,14,0
6908603VK4870G,1,0,0,22,0
3320722VK4832A,24,0,0,758,0
6115505VK4861E,13,0,0,229,0
6319511VK4861G,1,0,0,19,0
6319514VK4861G,1,0,0,13,0
6317830VK4861E,1,0,0,16,0
6320627VK4862A,1,0,0,16,0
6320602VK4862A,1,0,0,15,0
6320612VK4862A,1,0,0,15,0
6220906VK4862A,1,0,0,16,0
6220908VK4862A,1,0,0,19,0
6220909VK4862A,1,0,0,7,0
6218616VK4861G,1,0,0,10,0
6317806VK4861E,1,0,0,11,0
6316615VK4861E,1,0,0,49,0
6810202VK4861B,1,0,0,19,0
6614102VK4861D,0,0,1,0,142
7011127VK4871A,1,0,0,9,0
9469901VK3696G,1,0,0,49,0
9870505VK3697B,1,0,0,690,0
0067803VK4606E,1,0,0,85,0
0068707VK4606G,1,0,0,119,0
9553906VK3695D,0,0,1,0,140
0165816VK4606E,0,0,1,0,466
0067804VK4606E,1,0,0,70,0
2472501VK4627C,1,0,0,22,0
1669206VK4616H,1,0,0,59,0
1671502VK4617B,0,0,1,0,316
1370506VK4617A,1,0,0,299,0
1870320VK4617B,1,0,0,40,0
1175609VK4617E,0,1,0,86,0
0276938VK5607E,1,0,0,2,0
0276949VK5607E,1,0,0,2,0
0276929VK5607E,1,0,0,2,0
0276934VK5607E,1,0,0,2,0
0276936VK5607E,1,0,0,2,0
8683919VK4688D,1,0,0,23,0
8683920VK4688D,1,0,0,24,0
8683922VK4688D,1,0,0,49,0
8683923VK4688D,1,0,0,25,0
7203316VK4770C,1,0,0,131,0
7202902VK4770C,1,0,0,135,0
7303203VK4770C,1,0,0,901,0
6702730VK4760B,0,0,1,0,275
8683911VK4688D,1,0,0,62,0
7786250VK4678F,1,0,0,15,0
0480431VK5608A,1,0,0,21,0
9379929VK4697G,1,0,0,21,0
8683947VK4688D,1,0,0,19,0
8683926VK4688D,1,0,0,19,0
8683935VK4688D,1,0,0,19,0
8683941VK4688D,1,0,0,1,0
0276956VK5607E,1,0,0,2,0
0276971VK5607E,1,0,0,2,0
0582348VK5608D,1,0,0,25,0
0077132VK5607E,1,0,0,7,0
0077133VK5607E,1,0,0,20,0
0077138VK5607E,1,0,0,7,0
0077120VK5607E,1,0,0,15,0
9976703VK4697F,1,0,0,18,0
6703209VK4760D,0,0,1,0,60
7685922VK4678F,1,0,0,2,0
0582310VK5608D,1,0,0,1,0
0379504VK5607G,1,0,0,28,0
8096117VK4689E,1,0,0,20,0
8096121VK4689E,1,0,0,16,0
8299544VK4689G,1,0,0,23,0
7786208VK4678F,1,0,0,15,0
7685925VK4678F,1,0,0,17,0
0700893DS1800F,0,0,1,0,208
8299538VK4689G,1,0,0,24,0
8096105VK4689E,1,0,0,20,0
8096107VK4689E,1,0,0,22,0
8096109VK4689E,1,0,0,7,0
8096110VK4689E,1,0,0,7,0
0177632VK5607G,1,0,0,4,0
0379545VK5607G,1,0,0,3,0
0379508VK5607G,1,0,0,5,0
0379513VK5607G,1,0,0,5,0
0379522VK5607G,1,0,0,5,0
0379538VK5607G,1,0,0,5,0
8299509VK4689G,1,0,0,33,0
9976730VK4697F,1,0,0,2,0
0379536VK5607G,1,0,0,5,0
3123107VK5732C,1,0,0,1255,0
2225768VK5722E,1,0,0,2,0
8727103VK4782F,1,0,0,133,0
8627204VK4782H,1,0,0,105,0
8527903VK4782H,1,0,0,80,0
8831220VK4783B,1,0,0,93,0
0230303VK5703A,0,0,1,0,85
3434820VK5733C,1,0,0,2,0
3434824VK5733C,1,0,0,2,0
3434829VK5733C,1,0,0,2,0
3724606VK5732D,1,0,0,6,0
3724610VK5732D,1,0,0,6,0
3724622VK5732D,1,0,0,6,0
3724629VK5732D,1,0,0,6,0
3724632VK5732D,1,0,0,6,0
3724633VK5732D,1,0,0,6,0
3724638VK5732D,1,0,0,6,0
3724639VK5732D,1,0,0,6,0
3724642VK5732D,1,0,0,6,0
3621944VK5732B,1,0,0,6,0
3621943VK5732B,1,0,0,6,0
3621931VK5732B,1,0,0,6,0
3621930VK5732B,1,0,0,6,0
3621929VK5732B,1,0,0,6,0
3621925VK5732B,1,0,0,6,0
3621916VK5732B,1,0,0,6,0
3621914VK5732B,1,0,0,6,0
3727723VK5732F,1,0,0,39,0
3519212VK5731H,1,0,0,5,0
3519217VK5731H,1,0,0,5,0
3519220VK5731H,1,0,0,5,0
3219602VK5731G,1,0,0,9,0
3219609VK5731G,1,0,0,9,0
3219613VK5731G,1,0,0,9,0
3219626VK5731G,1,0,0,9,0
3219633VK5731G,1,0,0,9,0
3219638VK5731G,1,0,0,9,0
2622647VK5722D,1,0,0,5,0
2622650VK5722D,1,0,0,5,0
2622660VK5722D,1,0,0,5,0
2622615VK5722D,1,0,0,5,0
2622616VK5722D,1,0,0,5,0
2622619VK5722D,1,0,0,5,0
2622627VK5722D,1,0,0,5,0
2622628VK5722D,1,0,0,5,0
2622629VK5722D,1,0,0,5,0
2622605VK5722D,1,0,0,5,0
3319906VK5731G,1,0,0,9,0
3319911VK5731G,1,0,0,9,0
3319913VK5731G,1,0,0,9,0
3319914VK5731G,1,0,0,9,0
3319923VK5731G,1,0,0,9,0
3319924VK5731G,1,0,0,9,0
3319925VK5731G,1,0,0,9,0
3319932VK5731G,1,0,0,9,0
3725510VK5732F,1,0,0,9,0
3725511VK5732F,1,0,0,9,0
3725530VK5732F,1,0,0,9,0
3725531VK5732F,1,0,0,9,0
3725537VK5732F,1,0,0,9,0
3725538VK5732F,1,0,0,9,0
3319934VK5731G,1,0,0,9,0
3319938VK5731G,1,0,0,9,0
3727528VK5732H,1,0,0,4,0
3727519VK5732H,1,0,0,4,0
3631432VK5733B,1,0,0,1,0
3631437VK5733B,1,0,0,1,0
3631438VK5733B,1,0,0,1,0
2933425VK5723D,1,0,0,2,0
2523966VK5722D,1,0,0,11,0
2523973VK5722D,1,0,0,9,0
2523974VK5722D,1,0,0,11,0
2523977VK5722D,1,0,0,11,0
8229626VK4782G,1,0,0,18,0
3727745VK5732F,1,0,0,44,0
3627208VK4732F,1,0,0,158,0
9623605VK4792D,0,0,1,0,41
2934907VK5723D,1,0,0,11,0
2934906VK5723D,1,0,0,11,0
2225766VK5722E,1,0,0,2,0
2225764VK5722E,1,0,0,2,0
3519204VK5731H,1,0,0,5,0
3519208VK5731H,1,0,0,5,0
3727730VK5732F,1,0,0,38,0
8137303VK4783G,1,0,0,7,0
7934704VK4773D,0,0,2,0,226
7831409VK4773B,0,0,1,0,65
8131828VK4783A,1,0,0,6,0
8131846VK4783A,1,0,0,18,0
8832911VK4783B,1,0,0,19,0
8832942VK4783B,1,0,0,13,0
6368816VK4766G,1,0,0,88,0
7770408VK4777B,1,0,0,2,0
7769311VK4776H,1,0,0,32,0
7769316VK4776H,1,0,0,56,0
7769318VK4776H,1,0,0,26,0
7769325VK4776H,1,0,0,40,0
7769329VK4776H,1,0,0,6,0
7069902VK4776G,1,0,0,219,0
7970126VK4777B,1,0,0,21,0
7970120VK4777B,1,0,0,25,0
7768503VK4776H,1,0,0,8,0
7768506VK4776H,1,0,0,30,0
7768518VK4776H,1,0,0,36,0
7768522VK4776H,1,0,0,6,0
7768525VK4776H,1,0,0,41,0
7869430VK4776H,1,0,0,13,0
7869427VK4776H,1,0,0,9,0
7869421VK4776H,1,0,0,35,0
7871914VK4777B,1,0,0,6,0
6968522VK4767H,0,0,1,0,109
6968524VK4767H,1,0,0,264,0
6363419VK4766C,1,0,0,299,0
6166605VK4766E,1,0,0,35,0
6955719VK4765F,0,0,1,0,123
6560814VK4766B,0,0,1,0,228
6658201VK4765H,1,0,0,196,0
6955750VK4765F,1,0,0,111,0
7768520VK4776H,1,0,0,36,0
7970123VK4777B,1,0,0,21,0
7869404VK4776H,1,0,0,39,0
7869419VK4776H,1,0,0,23,0
7871927VK4777B,1,0,0,19,0
7970128VK4777B,1,0,0,45,0
8153104VK4785C,0,0,1,0,4200
8045914VK4784E,1,0,0,22,0
8045901VK4784E,1,0,0,94,0
7744850VK4774D,1,0,0,1,0
7753301VK4775D,0,0,1,0,216
7744808VK4774D,1,0,0,29,0
7744807VK4774D,1,0,0,21,0
7744863VK4774D,1,0,0,11,0
7744868VK4774D,1,0,0,18,0
8648834VK4784H,1,0,0,15,0
8648829VK4784H,1,0,0,17,0
8648832VK4784H,1,0,0,4,0
8648833VK4784H,1,0,0,11,0
8547214VK4784H,1,0,0,14,0
9256903VK4795E,1,0,0,2,0
8648807VK4784H,1,0,0,4,0
8547220VK4784H,1,0,0,2,0
8547224VK4784H,1,0,0,13,0
8648820VK4784H,1,0,0,16,0
8949208VK4784H,1,0,0,13,0
8949210VK4784H,1,0,0,12,0
1578521VK5717H,1,0,0,16,0
1674706VK5715D,1,0,0,10,0
1874512VK5717D,1,0,0,30,0
1874505VK5717D,1,0,0,76,0
1874506VK5717D,1,0,0,96,0
2073414VK5727C,1,0,0,21,0
2073803VK5727C,1,0,0,70,0
9480103VK4798A,1,0,0,48,0
2078905VK5727G,1,0,0,157,0
1578507VK5717H,1,0,0,26,0
2077903VK5727G,0,0,1,0,61
2073802VK5727C,1,0,0,4,0
2073808VK5727C,1,0,0,14,0
2676728VK5727F,0,0,1,0,101
1773807VK5717D,1,0,0,1,0
1773809VK5717D,1,0,0,40,0
1779106VK5717H,1,0,0,8,0
1779114VK5717H,1,0,0,8,0
1779122VK5717H,1,0,0,34,0
1674709VK5715D,1,0,0,36,0
1675502VK5717F,1,0,0,3,0
1675505VK5717F,1,0,0,35,0
1675509VK5717F,1,0,0,29,0
1675512VK5717F,1,0,0,3,0
1675518VK5717F,1,0,0,3,0
1675519VK5717F,1,0,0,26,0
1873407VK5751D,1,0,0,23,0
1579727VK5717H,1,0,0,27,0
1873411VK5717D,1,0,0,20,0
1873415VK5717D,1,0,0,28,0
1873416VK5717D,1,0,0,26,0
1774811VK5717D,1,0,0,11,0
7878114VK4777H,1,0,0,18,0
8171913VK4787A,1,0,0,21,0
7875414VK4777F,1,0,0,35,0
7875410VK4777F,1,0,0,41,0
7875411VK4777F,1,0,0,21,0
8378601VK4787G,1,0,0,231,0
8078503VK4787G,1,0,0,32,0
8078508VK4787G,1,0,0,32,0
7978202VK4777H,1,0,0,64,0
7878908VK4777H,1,0,0,21,0
7878902VK4777H,1,0,0,49,0
7877602VK4777F,1,0,0,18,0
7877609VK4777F,1,0,0,6,0
8077303VK4787G,1,0,0,31,0
8077301VK4787G,1,0,0,41,0
8070926VK4787A,1,0,0,26,0
8077407VK4787G,1,0,0,12,0
8578316VK4787H,1,0,0,9,0
8578317VK4787H,1,0,0,8,0
7776802VK4777F,1,0,0,64,0
7876110VK4777F,1,0,0,17,0
8578618VK4787H,1,0,0,17,0
8074909VK4787C,1,0,0,16,0
8074910VK4787C,1,0,0,22,0
8073710VK4787C,1,0,0,2,0
7778111VK4777H,1,0,0,4,0
7778115VK4777H,1,0,0,4,0
7678810VK4777H,1,0,0,12,0
7972928VK4777B,1,0,0,29,0
7972901VK4777B,1,0,0,26,0
7972902VK4777B,1,0,0,35,0
7877103VK4777F,1,0,0,31,0
7877117VK4777F,1,0,0,14,0
7776310VK4777F,1,0,0,3,0
7971525VK4777B,1,0,0,15,0
7971528VK4777B,1,0,0,11,0
8177116VK4787E,1,0,0,1,0
8177117VK4787E,1,0,0,1,0
7778123VK4777H,1,0,0,19,0
7778713VK4777H,1,0,0,32,0
8078507VK4787G,1,0,0,14,0
8578306VK4787H,1,0,0,21,0
8179508VK4787G,1,0,0,12,0
7972909VK4777B,1,0,0,30,0
8071123VK4787A,1,0,0,2,0
8172225VK4787A,1,0,0,45,0
7977408VK4777F,1,0,0,2,0
8073725VK4787C,1,0,0,28,0
8171907VK4787A,1,0,0,23,0
7778709VK4777H,1,0,0,79,0
7778102VK4777H,1,0,0,12,0
8074911VK4787C,1,0,0,22,0
7876120VK4777F,1,0,0,19,0
5677218VK4557F,1,0,0,26,0
6074306VK4767C,1,0,0,4,0
6074309VK4767C,1,0,0,37,0
6074717VK4767C,1,0,0,15,0
6074702VK4767C,1,0,0,11,0
6171516VK4767A,1,0,0,23,0
6171512VK4767A,1,0,0,50,0
6171532VK4767A,1,0,0,29,0
6272704VK4767A,1,0,0,42,0
6370107VK4767A,1,0,0,1,0
6371912VK4767A,1,0,0,5,0
6371913VK4767A,1,0,0,4,0
6371906VK4767A,1,0,0,5,0
6371907VK4767A,1,0,0,5,0
6371908VK4767A,1,0,0,5,0
6472803VK4767A,1,0,0,19,0
6472813VK4767A,1,0,0,30,0
6472817VK4767A,1,0,0,26,0
6571112VK4767B,1,0,0,23,0
6571113VK4767B,1,0,0,23,0
7475604VK4777E,1,0,0,125394,0
6370143VK4767A,1,0,0,21,0
6269313VK4767G,1,0,0,25,0
6171528VK4767A,1,0,0,13,0
6276801VK4767E,30,0,0,60,0
6370101VK4767A,1,0,0,19,0
6176203VK4767E,1,0,0,2,0
6671427VK4767B,1,0,0,13,0
6371925VK4767A,1,0,0,2,0
6474617VK4767C,1,0,0,4,0
6373531VK4767C,1,0,0,6,0
6373501VK4767C,1,0,0,16,0
6573301VK4767D,1,0,0,18,0
6573328VK4767D,1,0,0,2,0
6076813VK4767E,1,0,0,3,0
6076814VK4767E,1,0,0,3,0
6571124VK4767B,1,0,0,3,0
6571126VK4767B,1,0,0,15,0
6269306VK4766G,1,0,0,21,0
6573317VK4767D,1,0,0,14,0
6474602VK4767C,1,0,0,3,0
6474603VK4767C,1,0,0,3,0
6372205VK4767A,1,0,0,2,0
6372206VK4767A,1,0,0,2,0
6372216VK4767A,1,0,0,2,0
6372226VK4767A,1,0,0,2,0
6372207VK4767A,1,0,0,2,0
6269324VK4766G,1,0,0,3,0
6177712VK4767E,1,0,0,1,0
6177719VK4767E,1,0,0,27,0
6177726VK4767E,1,0,0,1,0
6177730VK4767E,1,0,0,1,0
6177701VK4767E,1,0,0,1,0
6076816VK4767E,1,0,0,3,0
6076817VK4767E,1,0,0,2,0
6175422VK4767E,1,0,0,4,0
6175424VK4767E,1,0,0,14,0
6175410VK4767E,1,0,0,4,0
6175406VK4767E,1,0,0,4,0
6177706VK4767E,1,0,0,5,0
6177704VK4767E,1,0,0,5,0
6177702VK4767E,1,0,0,29,0
6377821VK4767E,1,0,0,3,0
6474607VK4767C,1,0,0,4,0
6373518VK4767C,1,0,0,6,0
6573330VK4767D,1,0,0,2,0
6573320VK4767D,1,0,0,2,0
6573323VK4767D,1,0,0,20,0
7679707VK4777H,1,0,0,20,0
7679118VK4777H,1,0,0,20,0
6373521VK4767C,1,0,0,6,0
6474608VK4767C,1,0,0,4,0
6075512VK4767E,1,0,0,8,0
6171550VK4766G,1,0,0,9,0
9889228VK4798H,1,0,0,11,0
9889241VK4798H,1,0,0,23,0
0592402VK5709D,1,0,0,26,0
0291925VK5709A,1,0,0,44,0
9790695VK4799B,1,0,0,50,0
9790698VK4799B,1,0,0,24,0
97906A0VK4799B,1,0,0,27,0
1004208VK5810C,1,0,0,27,0
0800304VK5800B,1,0,0,30,0
1206818VK5810E,1,0,0,38,0
0810814VK5800H,1,0,0,32,0
0810822VK5800H,1,0,0,19,0
0810835VK5800H,1,0,0,20,0
0810833VK5800H,1,0,0,20,0
1110903VK5811A,1,0,0,76,0
0910103VK5801B,1,0,0,60,0
1206801VK5810E,1,0,0,31,0
9604540VK4890D,1,0,0,17,0
9504626VK4890D,1,0,0,16,0
9504645VK4890D,1,0,0,6,0
9803736VK4890D,1,0,0,61,0
9708202VK4890H,1,0,0,10,0
9608711VK4890H,1,0,0,40,0
9407438VK4890E,1,0,0,14,0
9407519VK4890G,1,0,0,14,0
0705315VK5800F,1,0,0,109,0
9608727VK4890H,1,0,0,1,0
98037D7VK4890D,1,0,0,18,0
9804424VK4890D,1,0,0,3,0
9604532VK4890D,1,0,0,22,0
9407446VK4890E,1,0,0,11,0
9803540VK4890D,1,0,0,3,0
9804428VK4890D,1,0,0,2,0
0498709VK5709G,1,0,0,3,0
9699201VK4799H,7,0,0,7,0
0396507VK5709E,1,0,0,39,0
0498706VK5709G,1,0,0,5,0
0598306VK5709H,1,0,0,18,0
0497816VK5709E,1,0,0,21,0
0499101VK5709G,1,0,0,9,0
0297414VK5709G,1,0,0,2,0
9800620VK4890B,1,0,0,2,0
9800605VK4890B,1,0,0,2,0
9999407VK4799H,1,0,0,3,0
9999408VK4799H,1,0,0,1,0
9999418VK4799H,1,0,0,3,0
0196808VK5709E,1,0,0,31,0
0195506VK5709E,1,0,0,8,0
0194404VK5709C,1,0,0,24,0
0099007VK5709G,1,0,0,24,0
0199209VK5709G,1,0,0,10,0
0398910VK5709G,1,0,0,22,0
0198202VK5709G,1,0,0,2,0
0198203VK5709G,1,0,0,17,0
0399416VK5709G,1,0,0,23,0
0499511VK5709G,1,0,0,19,0
6220401VK4862A,1,0,0,188,0
9621105VK3792B,1,0,0,48,0
9621908VK3792B,1,0,0,156,0
9717414VK3791H,1,0,0,94,0
9720411VK3792B,1,0,0,71,0
9920608VK3792B,1,0,0,33,0
9819937VK3791H,1,0,0,49,0
8415911VK3781E,1,0,0,96,0
8114706VK3781C,1,0,0,146,0
8313502VK3781C,1,0,0,15,0
8614406VK3781D,0,0,1,0,796
8616940VK3781F,1,0,0,150,0
8618604VK3781H,1,0,0,112,0
8916624VK3781F,1,0,0,810,0
9013523VK3791C,1,0,0,498,0
9215136VK3791E,0,0,1,0,72
8219515VK3781G,1,0,0,38,0
8219518VK3781G,1,0,0,38,0
7718707VK3771H,1,0,0,162,0
8119516VK3781G,1,0,0,40,0
7816203VK3771F,0,0,1,0,194
8320221VK3782A,1,0,0,17,0
8321116VK3782A,1,0,0,15,0
8015801VK3781E,1,0,0,465,0
8020705VK3782A,0,0,1,0,45
6202627VK3760A,1,0,0,701,0
7713714VK3771D,1,0,0,70,0
7115520VK3771E,1,0,0,164,0
7116612VK3771E,1,0,0,156,0
6913903VK3761D,1,0,0,243,0
7217725VK3771E,1,0,0,71,0
6801905VK3760B,1,0,0,21,0
6903233VK3760D,1,0,0,52,0
7505405VK3770F,0,0,1,0,312
8006305VK3780E,1,0,0,107,0
7005629VK3770E,1,0,0,162,0
6700710VK3760B,1,0,0,193,0
6701202VK3760B,1,0,0,37,0
7905822VK3770F,1,0,0,9,0
8210312VK3781A,1,0,0,56,0
5689407VK3658H,1,0,0,106,0
5689473VK3658H,1,0,0,18,0
5990508VK3659B,1,0,0,72,0
6594828VK3669D,1,0,0,20,0
6192302VK3669C,1,0,0,97,0
5689422VK3658H,1,0,0,30,0
7701217VK3770B,0,0,1,0,69
8304919VK3780C,0,0,1,0,85
8206223VK3780E,1,0,0,24,0
8207916VK3780G,0,1,0,68,0
8208611VK3780G,1,0,0,266,0
0208901VK4700G,1,0,0,87,0
0408206VK4700G,1,0,0,144,0
0611105VK4701B,1,0,0,10,0
0611106VK4701B,1,0,0,66,0
0506139VK4700F,1,0,0,30,0
0306306VK4700E,1,0,0,63,0
0309506VK4700G,1,0,0,96,0
0309509VK4700G,1,0,0,195,0
0410810VK4701A,1,0,0,43,0
0410805VK4701A,1,0,0,42,0
0211705VK4701A,1,0,0,123,0
9709303VK3790H,1,0,0,298,0
0417907VK4701E,1,0,0,50,0
0411204VK4701A,1,0,0,175,0
0110501VK4701A,1,0,0,307,0
9813423VK3791D,1,0,0,21,0
9504801VK3790D,1,0,0,682,0
0109606VK4700G,1,0,0,111,0
0205108VK4700E,0,0,1,0,66
0004514VK4700C,1,0,0,14,0
9903505VK3790D,0,1,0,126,0
37709A0VK4730B,1,0,0,8,0
4093165VK4649C,1,0,0,4,0
2702215VK4720D,10,0,0,20,0
38993A3VK4639H,1,0,0,7,0
38993B1VK4639H,1,0,0,4,0
3997702VK4639F,1,0,0,3,0
3997707VK4639F,1,0,0,14,0
3997709VK4639F,1,0,0,3,0
3995539VK4639F,1,0,0,2,0
3997717VK4639F,1,0,0,3,0
3997718VK4639F,1,0,0,3,0
3995507VK4639F,1,0,0,10,0
3995552VK4639F,1,0,0,2,0
3402266VK4730C,1,0,0,4,0
3995565VK4639F,1,0,0,8,0
3402235VK4730C,1,0,0,8,0
3899366VK4639H,1,0,0,9,0
3899315VK4639H,1,0,0,8,0
3899319VK4639H,1,0,0,8,0
3899398VK4639H,1,0,0,7,0
38993A5VK4639H,1,0,0,8,0
2503842VK4720D,10,0,0,20,0
2503839VK4720D,10,0,0,20,0
3770969VK4730B,1,0,0,12,0
3999755VK4639H,1,0,0,8,0
3999719VK4639H,1,0,0,8,0
3999725VK4639H,1,0,0,8,0
3501809VK4730B,1,0,0,4,0
3501852VK4730B,1,0,0,5,0
3501854VK4730B,1,0,0,3,0
3501860VK4730B,1,0,0,6,0
3501872VK4730B,1,0,0,5,0
3600156VK4730B,1,0,0,8,0
3600121VK4730B,1,0,0,6,0
3600120VK4730B,1,0,0,6,0
28035E1VK4720D,1,0,0,9,0
32018C4VK4730A,1,0,0,6,0
36001D0VK4730B,1,0,0,6,0
36001A2VK4730B,1,0,0,10,0
3600180VK4730B,1,0,0,10,0
4294205VK4649C,1,0,0,9,0
4294211VK4649C,1,0,0,10,0
4294222VK4649C,1,0,0,9,0
30015A7VK4730A,1,0,0,4,0
4293505VK4649C,1,0,0,2,0
4293510VK4649C,1,0,0,8,0
4293532VK4649C,1,0,0,2,0
4293535VK4649C,1,0,0,2,0
4293536VK4649C,1,0,0,2,0
3001510VK4730A,1,0,0,4,0
3105212VK4730E,1,0,0,95,0
4093161VK4649C,1,0,0,16,0
3001567VK4730A,1,0,0,8,0
3001574VK4730A,1,0,0,4,0
28035E2VK4720D,1,0,0,9,0
3997723VK4639F,1,0,0,3,0
3106505VK4730E,1,0,0,38,0
3600153VK4730B,1,0,0,8,0
3600131VK4730B,1,0,0,8,0
3421305VK4732A,1,0,0,52,0
3112605VK4731C,1,0,0,2,0
3308423VK4730G,1,0,0,194,0
3618709VK4731H,1,0,0,48,0
3509108VK4730H,1,0,0,53,0
3512801VK4731B,1,0,0,21,0
3507525VK4730H,1,0,0,37,0
3511515VK4731B,1,0,0,22,0
3611316VK4731B,1,0,0,42,0
3510316VK4731B,1,0,0,142,0
3322506VK4732C,1,0,0,310,0
3322607VK4732C,1,0,0,94,0
3719513VK4731H,1,0,0,153,0
3619934VK4731H,1,0,0,67,0
3112602VK4731C,1,0,0,5,0
3609520VK4730H,1,0,0,240,0
3316112VK4731E,1,0,0,77,0
3221203VK4732A,1,0,0,54,0
3420805VK4732A,1,0,0,167,0
3220415VK4732A,1,0,0,8,0
3220711VK4732A,1,0,0,127,0
3219507VK4731G,1,0,0,155,0
3518805VK4731H,1,0,0,69,0
3218403VK4731G,1,0,0,51,0
3118820VK4731G,1,0,0,56,0
3317801VK4731E,1,0,0,40,0
3611613VK4731B,1,0,0,66,0
3314514VK4731C,1,0,0,64,0
4313762VK4741C,1,0,0,42,0
3817907VK4731F,1,0,0,30,0
4411604VK4741A,1,0,0,102,0
4411605VK4741A,1,0,0,59,0
3714344VK4731D,1,0,0,62,0
4313764VK4741C,1,0,0,21,0
3710740VK4731B,1,0,0,240,0
5506802VK4750F,0,0,1,0,117
6404411VK4760E,0,0,1,0,108
4710906VK4741B,1,0,0,75,0
4810713VK4741B,1,0,0,116,0
3623811VK4732D,1,0,0,62,0
3930820VK4733B,1,0,0,241,0
3920816VK4732B,1,0,0,137,0
3525822VK4732F,1,0,0,296,0
3423407VK4732C,1,0,0,39,0
3728211VK4732H,1,0,0,19,0
3622812VK4732B,1,0,0,850,0
3924307VK4732D,1,0,0,21,0
3826910VK4732F,1,0,0,54,0
3728814VK4732H,0,0,1,0,110
4119901VK4741G,1,0,0,102,0
4019220VK4741G,1,0,0,163,0
8884229VK4688D,1,0,0,20,0
8884238VK4688D,1,0,0,17,0
8884241VK4688D,1,0,0,36,0
8096509VK4689E,1,0,0,24,0
0043513VK4704C,1,0,0,76,0
9837606VK3793H,0,0,1,0,159
9839501VK3793H,1,0,0,29,0
9636406VK3793F,0,0,2,0,2
0041310VK4704A,1,0,0,121,0
9637410VK3793H,1,0,0,25,0
9639503VK3793H,1,0,0,225,0
0049803VK4704G,1,0,0,1146,0
9735906VK3793F,1,0,0,50,0
9939419VK3793H,1,0,0,253,0
9939803VK3793H,1,0,0,147,0
9941108VK3794B,1,0,0,81,0
9943005VK3794D,1,0,0,14,0
0340417VK4704A,1,0,0,1451,0
0833103VK4703D,1,0,0,174,0
0536421VK4703F,1,0,0,264,0
0837212VK4703H,1,0,0,108,0
0538304VK4703H,1,0,0,53,0
0236514VK4703E,1,0,0,92,0
9934308VK3793D,1,0,0,171,0
0037802VK4703E,1,0,0,91,0
0236610VK4703E,1,0,0,38,0
0434803VK4703C,1,0,0,115,0
0435601VK4703E,1,0,0,150,0
0238309VK4703G,1,0,0,651,0
0736903VK4703F,1,0,0,60,0
0736915VK4703F,1,0,0,72,0
0737208VK4803E,1,0,0,4,0
9936805VK3793F,1,0,0,288,0
0738303VK4703H,1,0,0,48,0
0440302VK4704A,1,0,0,2163,0
0440309VK4704A,1,0,0,208,0
0440313VK4704A,1,0,0,479,0
0738609VK4703H,1,0,0,56,0
0738618VK4703H,1,0,0,25,0
0136409VK4703E,1,0,0,315,0
0633601VK4703D,1,0,0,310,0
0140401VK4704A,1,0,0,282,0
0140406VK4704A,1,0,0,360,0
0639909VK4703H,0,1,0,0,0
0035401VK4703E,1,0,0,116,0
0338210VK4703G,1,0,0,23,0
0641809VK4704B,1,0,0,141,0
0643812VK4704D,1,0,0,224,0
0643820VK4704D,1,0,0,393,0
1038915VK4713G,1,0,0,677,0
1041215VK4714A,1,0,0,90,0
1045801VK4714E,1,0,0,484,0
0841607VK4704B,1,0,0,27,0
1140805VK4714A,1,0,0,39,0
1141409VK4714A,2,0,0,177,0
0742704VK4704B,1,0,0,145,0
0743813VK4704D,1,0,0,135,0
0941913VK4704B,1,0,0,281,0
0945115VK4704D,1,0,0,2471,0
0841621VK4704B,1,0,0,77,0
0948507VK4704H,1,0,0,104,0
0954007VK4705D,1,0,0,666,0
0955901VK4705F,0,0,1,0,368
0956201VK4705F,1,0,0,732,0
0648302VK4704H,1,0,0,309,0
0657012VK4705F,1,0,0,39,0
0851111VK4705B,1,0,0,204,0
0854810VK4705D,1,0,0,50,0
1151801VK4715A,1,0,0,116,0
1154305VK4715C,1,0,0,299,0
0749011VK4704H,0,0,1,0,85
0749417VK4704H,1,0,0,192,0
0752509VK4705D,1,0,0,215,0
1154001VK4715C,1,0,0,390,0
0454720VK4705C,1,0,0,93,0
0150507VK4705A,0,1,0,50,0
0457101VK4705G,1,0,0,166,0
0457103VK4705G,1,0,0,120,0
0353201VK4705C,1,0,0,56,0
0353608VK4705C,1,0,0,80,0
9858509VK3795H,1,0,0,190,0
9654503VK3795D,1,0,0,158,0
0050307VK4705A,0,0,1,0,832
0251705VK4705A,1,0,0,202,0
0555316VK4705E,1,0,0,49,0
0252405VK4705C,1,0,0,69,0
0254805VK4705C,1,0,0,159,0
0449407VK4704G,1,0,0,155,0
0451225VK4705A,1,0,0,20,0
9755103VK3795D,1,0,0,125,0
0449405VK4704G,1,0,0,18,0
0551908VK4705B,1,0,0,130,0
0346405VK4704E,1,0,0,481,0
0346409VK4704E,1,0,0,150,0
0543109VK4704D,1,0,0,59,0
0242302VK4704C,1,0,0,24,0
0246312VK4704E,1,0,0,490,0
0142505VK4704C,1,0,0,155,0
9432501VK3793C,0,0,1,0,95
9434901VK3793C,1,0,0,320,0
9531108VK3793B,1,0,0,336,0
0527901VK4802G,1,0,0,47,0
0528307VK4702H,1,0,0,119,0
9730111VK3793B,1,0,0,14,0
0917402VK4701H,1,0,0,33,0
0920838VK4702B,1,0,0,663,0
0922208VK4702B,1,0,0,39,0
0622702VK4702B,0,0,1,0,96
0721414VK4702B,1,0,0,433,0
0721415VK4702B,1,0,0,657,0
0926109VK4702F,1,0,0,66,0
1224945VK4712C,1,0,0,70,0
1224946VK4712C,1,0,0,83,0
0631812VK4703B,1,0,0,197,0
0828406VK4702H,1,0,0,219,0
1232216VK4713A,1,0,0,107,0
1329307VK4712G,1,0,0,117,0
1429309VK4712G,1,0,0,151,0
2331212VK4723A,2,0,0,36,0
3431307VK4733A,1,0,0,2012,0
3129218VK4732G,0,0,1,0,110
2847314VK4724H,1,0,0,325,0
2646508VK4724F,1,0,0,23,0
3045714VK4734E,1,0,0,268,0
1343704VK4714C,1,0,0,91,0
1835816VK4713F,0,0,1,0,98
2135808VK4723E,1,0,0,17,0
2934411VK4723D,1,0,0,9,0
3037905VK4733G,1,0,0,15,0
3043119VK4734C,0,0,1,0,44
3134710VK4733C,1,0,0,883,0
1955408VK4715F,1,0,0,22,0
2053112VK4725C,1,0,0,12,0
2152311VK4725C,1,0,0,548,0
1749406VK4714H,1,0,0,643,0
1756118VK4715F,0,0,1,0,610
2251208VK4725A,1,0,0,708,0
2252410VK4725C,0,0,1,0,37
2255407VK4725E,1,0,0,581,0
2152312VK4725C,1,0,0,372,0
3154416VK4735C,1,0,0,338,0
3156611VK4735E,1,0,0,199,0
2856521VK4725F,2,0,0,30,0
2754102VK4725D,1,0,0,383,0
2754108VK4725D,1,0,0,924,0
3953806VK4735D,1,0,0,24,0
3954504VK4735D,1,0,0,78,0
3749919VK4734H,1,0,0,32,0
3749922VK4734H,1,0,0,13,0
3750210VK4735B,1,0,0,39,0
3752951VK4735D,1,0,0,16,0
3651322VK4735B,1,0,0,23,0
3657905VK4735H,1,0,0,550,0
3854210VK4735D,1,0,0,229,0
3449907VK4734G,1,0,0,13,0
3449908VK4734G,1,0,0,34,0
3965926VK4736F,1,0,0,14,0
3164204VK4736C,1,0,0,752,0
3165205VK4736E,1,0,0,102,0
3166113VK4736E,1,0,0,51,0
3066404VK4736E,1,0,0,216,0
2558205VK4725H,1,0,0,450,0
3058103VK4735G,1,0,0,112,0
1961313VK4716B,1,0,0,1145,0
2465112VK4726E,1,0,0,301,0
2062502VK4726C,1,0,0,80,0
2158510VK4725G,1,0,0,325,0
2264105VK4726C,1,0,0,363,0
1879106VK4717H,1,0,0,9,0
1880203VK4718B,1,0,0,17,0
2376917VK4727E,1,0,0,60,0
2180905VK4728A,1,0,0,36,0
2379222VK4727G,1,0,0,9,0
2380101VK4728A,1,0,0,15,0
2182916VK4728A,1,0,0,16,0
1970608VK4717B,1,0,0,51,0
1970611VK4717B,1,0,0,22,0
1978306VK4717H,1,0,0,15,0
1978307VK4717H,1,0,0,14,0
1978308VK4717H,1,0,0,40,0
1978309VK4717H,1,0,0,22,0
1980206VK4718B,1,0,0,22,0
1980209VK4718B,1,0,0,45,0
1980212VK4718B,1,0,0,6,0
1980405VK4718B,1,0,0,210,0
1980423VK4718B,1,0,0,17,0
2277313VK4727G,1,0,0,10,0
2278821VK4727G,1,0,0,1,0
1678701VK4717H,1,0,0,18,0
2477104VK4727E,1,0,0,10,0
2478104VK4727G,4,0,0,32,0
2071404VK4727A,1,0,0,31,0
2078219VK4727G,1,0,0,16,0
2078220VK4727G,1,0,0,9,0
1775709VK4717F,1,0,0,43,0
2082609VK4728A,1,0,0,10,0
2576301VK4727E,1,0,0,14,0
2578210VK4727G,1,0,0,25,0
1869813VK4716H,1,0,0,50,0
1874612VK4717F,1,0,0,958,0
1874615VK4717D,1,0,0,282,0
1876812VK4717F,1,0,0,9,0
2577206VK4727H,1,0,0,4,0
1673905VK5717D,1,0,0,64,0
3173814VK4737C,0,1,0,45,0
3173821VK4737C,1,0,0,35,0
2971712VK4727B,1,0,0,97,0
2973301VK4727D,1,0,0,186,0
2973302VK4727D,0,1,0,0,0
3474901VK4737C,1,0,0,2540,0
3780302VK4738B,1,0,0,33,0
3878805VK4737H,1,0,0,85,0
3879704VK4737H,0,0,1,0,57
3082702VK3738C,1,0,0,15,0
3082702VK4738C,1,0,0,25,0
3082706VK3738C,1,0,0,12,0
3281208VK3738A,1,0,0,4,0
2877909VK4727F,1,0,0,204,0
3580302VK4738B,1,0,0,15,0
3580316VK4738B,1,0,0,25,0
3583810VK4738D,1,0,0,13,0
3583812VK4738D,1,0,0,18,0
3176206VK4737E,1,0,0,254,0
3181205VK4738A,1,0,0,7,0
3681413VK4738B,1,0,0,10,0
2976603VK4727F,1,0,0,12,0
3181909VK4738A,1,0,0,1,0
2977815VK4727F,1,0,0,150,0
2778417VK4727H,1,0,0,12,0
2778507VK4727H,1,0,0,23,0
3482507VK4738C,1,0,0,7,0
3081107VK3738A,1,0,0,10,0
3081107VK4738A,1,0,0,13,0
3081110VK4738A,1,0,0,20,0
3081128VK4738A,1,0,0,20,0
3580320VK4738B,1,0,0,13,0
2978320VK4727H,1,0,0,28,0
3580319VK4738B,1,0,0,13,0
2386602VK4728E,1,0,0,6,0
2287302VK4728G,5,0,0,59,0
1688603VK4718H,0,1,0,420,0
2089509VK4728G,1,0,0,31,0
3585312VK4738E,1,0,0,28,0
3589720VK4738H,1,0,0,28,0
3685335VK4738F,1,0,0,15,0
3685526VK4738F,1,0,0,11,0
3689409VK4738H,1,0,0,3,0
3689426VK4738H,1,0,0,5,0
2788811VK4728H,1,0,0,94,0
2788812VK4728H,1,0,0,135,0
3485313VK4738E,1,0,0,27,0
3485321VK4738E,1,0,0,40,0
3488105VK3738G,1,0,0,14,0
3488106VK3738G,1,0,0,14,0
3488409VK4738G,1,0,0,10,0
2089527VK4728G,1,0,0,18,0
3589721VK4738H,1,0,0,28,0
2593606VK4729D,1,0,0,17,0
2595406VK4729F,1,0,0,10,0
2595424VK4729F,1,0,0,23,0
2997111VK4729F,1,0,0,22,0
2997103VK4729F,1,0,0,26,0
1995201VK4719F,0,0,1,0,117
2292714VK4729A,1,0,0,30,0
2293102VK4729C,1,0,0,15,0
2294508VK4729C,1,0,0,52,0
2299735VK4729G,1,0,0,31,0
2497102VK4729E,3,0,0,35,0
2093502VK4729C,1,0,0,46,0
2097808VK4729E,1,0,0,61,0
2299786VK4729G,1,0,0,4,0
3094410VK4739C,1,0,0,22,0
3391209VK4739A,1,0,0,91,0
2997701VK4729F,1,0,0,42,0
2997704VK4729F,1,0,0,20,0
2997710VK4729F,1,0,0,19,0
2998201VK4729H,1,0,0,6,0
2793204VK4729D,1,0,0,19,0
2793205VK4729D,1,0,0,42,0
2793211VK4729D,1,0,0,29,0
2795901VK4729F,1,0,0,14,0
2795908VK4729F,1,0,0,2,0
2795915VK4729F,1,0,0,13,0
3196404VK4739E,1,0,0,34,0
3196413VK4739E,1,0,0,19,0
22997A6VK4729G,5,0,0,153,0
3098921VK4739G,1,0,0,14,0
3391220VK4739A,1,0,0,54,0
2395609VK4729E,7,0,0,103,0
3298918VK4739G,1,0,0,18,0
2498907VK4729G,2,0,0,48,0
2601103VK4820B,1,0,0,75,0
2201520VK4820A,1,0,0,27,0
2302210VK4820A,1,0,0,13,0
2303308VK4820C,1,0,0,7,0
9982206VK3798D,1,0,0,166,0
0182315VK4708C,1,0,0,73,0
0183706VK4708C,1,0,0,197,0
0187909VK4708G,1,0,0,92,0
0385511VK4708E,1,0,0,318,0
0382213VK4708C,1,0,0,94,0
0482206VK4708A,1,0,0,233,0
9982712VK3798B,1,0,0,59,0
0280307VK4708A,1,0,0,176,0
0079606VK4707G,1,0,0,42,0
0084204VK4708C,1,0,0,213,0
0286809VK4708E,1,0,0,686,0
0083507VK4708C,1,0,0,55,0
0682829VK4708B,1,0,0,520,0
0581404VK4708B,1,0,0,485,0
0681615VK4708B,1,0,0,161,0
0580202VK4708B,1,0,0,316,0
0580210VK4708B,1,0,0,68,0
0579207VK4707H,1,0,0,114,0
0878403VK4707H,1,0,0,7,0
0685301VK4708F,1,0,0,1486,0
1196518VK4719E,1,0,0,31,0
1196520VK4719E,0,0,1,0,52
1196201VK4719E,1,0,0,439,0
1196207VK4719E,1,0,0,86,0
1196705VK4719E,1,0,0,81,0
1095520VK4719E,1,0,0,48,0
0992101VK4709B,1,0,0,355,0
1395506VK4719E,1,0,0,2255,0
1390111VK4719A,1,0,0,2139,0
0902806VK4800B,1,0,0,117,0
1604415VK4810D,1,0,0,66,0
1000512VK4810A,1,0,0,100,0
1398401VK4719G,0,0,1,0,134
1205810VK4810E,1,0,0,61,0
1506213VK4810F,1,0,0,27,0
1503201VK3810D,1,0,0,50,0
0596419VK4709F,1,0,0,296,0
0700902VK4800B,1,0,0,63,0
0697910VK4709F,0,0,1,0,151
0603214VK4800D,1,0,0,67,0
0802206VK3800D,1,0,0,22,0
0898801VK4709H,1,0,0,210,0
0898505VK4709H,1,0,0,25,0
0599806VK5709H,1,0,0,22,0
0102504VK4800C,1,0,0,48,0
0200836VK4800A,1,0,0,9,0
0194905VK4709C,1,0,0,221,0
0395219VK4709E,1,0,0,70,0
0093213VK4709C,11,0,0,40,0
0693101VK4709D,1,0,0,185,0
0391425VK4709A,1,0,0,90,0
0491803VK4709A,1,0,0,39,0
0487315VK4708G,1,0,0,229,0
9563906VK3796D,1,0,0,169,0
9568620VK3796H,1,0,0,101,0
9664507VK3796F,1,0,0,260,0
9361807VK3796A,1,0,0,164,0
9363615VK3796C,1,0,0,104,0
9364508VK3796C,1,0,0,225,0
9460411VK3796A,1,0,0,625,0
0060105VK4706A,1,0,0,628,0
0064722VK4706C,1,0,0,215,0
0167623VK4706E,1,0,0,63,0
0362207VK4706A,1,0,0,201,0
9760606VK3796B,1,0,0,42,0
9865316VK3796F,1,0,0,223,0
9866406VK3796F,1,0,0,295,0
9964902VK3796D,1,0,0,192,0
9966408VK3796F,1,0,0,72,0
9968905VK3796H,1,0,0,141,0
9968911VK3796H,1,0,0,158,0
0561501VK4706B,1,0,0,150,0
0563701VK4706D,1,0,0,187,0
0462418VK4706C,1,0,0,105,0
0464807VK4706C,1,0,0,39,0
0465203VK4706E,1,0,0,63,0
0559818VK4705H,1,0,0,213,0
1057206VK4715E,2,0,0,14,0
0858104VK4705H,1,0,0,79,0
0862202VK4706D,1,0,0,116,0
0761211VK4706B,1,0,0,214,0
0862505VK4706D,1,0,0,40,0
1357904VK4715G,1,0,0,15,0
1357913VK4715G,1,0,0,202,0
1361506VK4716A,0,0,1,0,114
1456907VK4715E,1,0,0,807,0
1467114VK4716E,1,0,0,21,0
1563801VK4716D,1,0,0,293,0
1565908VK4716F,1,0,0,1945,0
1064813VK4716C,2,0,0,52,0
1166105VK4716E,1,0,0,177,0
1167211VK4716E,1,0,0,210,0
1264811VK4716C,1,0,0,330,0
1267901VK4716E,1,0,0,4036,0
0867101VK4706F,1,0,0,267,0
0867110VK4706F,1,0,0,134,0
1560604VK4716B,0,0,1,0,513
1076403VK4717E,0,0,1,0,7452
1071206VK4717A,1,0,0,374,0
0769918VK4706H,1,0,0,1458,0
1169104VK4716G,8,0,0,56,0
1176101VK4717E,1,0,0,160,0
0171813VK4707A,1,0,0,45,0
0270503VK4707A,0,1,0,0,0
9175505VK3797E,1,0,0,26,0
9769602VK3796H,1,0,0,302,0
9277910VK3797G,1,0,0,14,0
9773721VK3797D,1,0,0,17,0
9777701VK3797F,1,0,0,42,0
9374301VK3797E,1,0,0,84,0
9475111VK3797E,1,0,0,10,0
3971523VK3837B,1,0,0,7,0
4461101VK3846C,0,0,1,0,691
4461104VK3846A,1,0,0,546,0
4461116VK3846A,1,0,0,23,0
4259805VK3845G,1,0,0,154,0
3873510VK3837D,1,0,0,68,0
3873512VK3837D,0,0,1,0,43
3873514VK3837D,1,0,0,48,0
4358308VK3845G,1,0,0,14,0
6810114VK3861B,1,0,0,44,0
6810115VK3860H,1,0,0,98,0
7316108VK3871E,1,0,0,76,0
7316110VK3871E,1,0,0,72,0
7316113VK3871E,1,0,0,76,0
7316111VK3871E,1,0,0,96,0
6512503VK3861D,1,0,0,68,0
7313309VK3871C,1,0,0,17,0
7416724VK3871E,1,0,0,15,0
6810101VK3861B,1,0,0,54,0
6810104VK3860H,1,0,0,127,0
6810109VK3860H,1,0,0,37,0
6611902VK3861B,1,0,0,66,0
6811307VK3861B,1,0,0,414,0
7316109VK3871E,1,0,0,49,0
7316129VK3871C,1,0,0,46,0
8113319VK3881C,1,0,0,15,0
8114309VK3881C,1,0,0,15,0
7912222VK3871D,1,0,0,32,0
7812922VK3871D,1,0,0,6,0
8212510VK3881D,1,0,0,2,0
7710217VK3871B,1,0,0,30,0
76135A2VK3871D,1,0,0,19,0
8214623VK3881C,1,0,0,17,0
8315918VK3881E,1,0,0,14,0
8112619VK3881C,1,0,0,16,0
7711913VK3871B,1,0,0,4,0
8416750VK3881E,1,0,0,20,0
8416760VK3881E,1,0,0,17,0
8416761VK3881E,1,0,0,20,0
8511719VK3881B,1,0,0,21,0
8510704VK3881B,1,0,0,18,0
7909510VK3870H,1,0,0,13,0
7909515VK3870H,1,0,0,30,0
7909516VK3870H,1,0,0,32,0
7812622VK3871B,1,0,0,26,0
7812614VK3871B,1,0,0,38,0
7815509VK3871F,1,0,0,29,0
7815517VK3871F,1,0,0,16,0
7815512VK3871F,1,0,0,21,0
7909817VK3870H,1,0,0,10,0
8112205VK3881A,1,0,0,13,0
8316306VK3881E,1,0,0,19,0
8010706VK3881A,1,0,0,11,0
8112602VK3881C,0,0,1,0,84
8112607VK3881C,1,0,0,22,0
7712903VK3871D,1,0,0,21,0
7712905VK3771D,1,0,0,70,0
7712905VK3871D,1,0,0,16,0
7712922VK3871D,1,0,0,16,0
8109404VK3880G,1,0,0,31,0
8108401VK3880G,1,0,0,5,0
8115708VK3881E,1,0,0,21,0
8115601VK3881E,1,0,0,20,0
8315305VK3881E,1,0,0,25,0
8108402VK3880G,1,0,0,5,0
8216912VK3881E,1,0,0,40,0
8216910VK3881E,1,0,0,21,0
8217614VK3881E,1,0,0,33,0
8217604VK3881E,1,0,0,17,0
9118121VK3891G,1,0,0,67,0
7811108VK3871B,1,0,0,22,0
8211928VK3881A,1,0,0,25,0
8309416VK3880G,1,0,0,32,0
8314916VK3881S,1,0,0,14,0
8216109VK3881E,1,0,0,27,0
7711907VK3871B,1,0,0,15,0
8309425VK3880G,1,0,0,16,0
8309432VK3880G,1,0,0,19,0
8411103VK3881A,1,0,0,19,0
8409202VK3880G,1,0,0,10,0
8514605VK3881D,1,0,0,25,0
8515905VK3881F,1,0,0,8,0
8515911VK3881F,1,0,0,20,0
8417811VK3881E,1,0,0,8,0
8409205VK3880G,1,0,0,19,0
8509216VK3880H,1,0,0,41,0
8509226VK3880H,1,0,0,25,0
8509227VK3880H,1,0,0,351,0
8515605VK3881F,1,0,0,15,0
8411707VK3881A,1,0,0,30,0
8412501VK3881C,1,0,0,18,0
8512709VK3881B,1,0,0,21,0
8512712VK3881B,1,0,0,36,0
8512702VK3881B,1,0,0,21,0
8511704VK3881B,1,0,0,25,0
8511707VK3881B,1,0,0,33,0
8511708VK3881B,1,0,0,35,0
7611904VK3871B,1,0,0,7,0
7611905VK3771B,1,0,0,34,0
8510706VK3881B,1,0,0,21,0
8510709VK3881B,1,0,0,16,0
8508509VK3880H,1,0,0,15,0
8508511VK3880H,1,0,0,35,0
8710109VK3881B,1,0,0,10,0
7511910VK3871B,1,0,0,13,0
7511908VK3871B,1,0,0,28,0
8710120VK3881B,1,0,0,16,0
8710122VK3881B,1,0,0,26,0
8711103VK3881B,1,0,0,15,0
8113302VK3881C,1,0,0,51,0
7820110VK3871H,1,0,0,26,0
7613543VK3871D,1,0,0,26,0
7613544VK3871D,1,0,0,21,0
8810113VK3881B,1,0,0,13,0
7818940VK3871H,1,0,0,5,0
7610301VK3871B,1,0,0,2,0
7609510VK3890H,1,0,0,39,0
8714709VK3881D,1,0,0,22,0
7610316VK3871B,1,0,0,23,0
7610317VK3871B,1,0,0,24,0
7610319VK3871B,1,0,0,26,0
8314914VK3881S,1,0,0,29,0
8416708VK3881E,1,0,0,2,0
8614204VK3881D,1,0,0,26,0
8614209VK3881D,1,0,0,32,0
7913306VK3871D,1,0,0,20,0
7912722VK3871D,1,0,0,21,0
7813312VK3871D,1,0,0,33,0
7610121VK3871B,1,0,0,13,0
7913310VK3871D,1,0,0,21,0
8317910VK3881G,1,0,0,54,0
7712911VK3871B,1,0,0,40,0
7712921VK3871B,1,0,0,10,0
7812620VK3871D,1,0,0,20,0
7818935VK3871H,1,0,0,3,0
7820122VK3872B,1,0,0,27,0
8811131VK3881B,1,0,0,18,0
8415210VK3881E,1,0,0,13,0
8216116VK3881E,1,0,0,21,0
8214110VK3881C,1,0,0,23,0
8316316VK3881E,1,0,0,11,0
8612718VK3881B,1,0,0,80,0
8310510VK3881A,1,0,0,5,0
0010903VK3801A,1,0,0,4,0
9806534VK3890H,1,0,0,35,0
0413001VK3890H,1,0,0,1085,0
1631834VK4813B,1,0,0,36,0
1643167VK4814D,1,0,0,43,0
1636703VK4813F,1,0,0,2,0
1742512VK4814D,1,0,0,37,0
3945107VK4384F,1,0,0,930,0
1631815VK4813B,1,0,0,45,0
1631832VK4813B,1,0,0,2,0
1630113VK4813B,1,0,0,2,0
1529520VK4812H,1,0,0,39,0
1643103VK4814D,1,0,0,56,0
1738306VK4813H,1,0,0,9,0
1643110VK4814D,1,0,0,82,0
1643130VK4814D,1,0,0,51,0
1738815VK4813F,1,0,0,44,0
1738816VK4813F,1,0,0,54,0
1738821VK4813F,1,0,0,10,0
1441804VK4814D,1,0,0,38,0
1540714VK4814B,1,0,0,4,0
1540715VK4814B,1,0,0,4,0
1738850VK4814B,1,0,0,36,0
1441808VK4814D,1,0,0,60,0
1441811VK4814D,1,0,0,95,0
1441830VK4813G,1,0,0,8,0
1639515VK4813H,1,0,0,2,0
1639519VK4813H,1,0,0,2,0
1742502VK4814D,1,0,0,55,0
1641807VK4814B,1,0,0,9,0
1641810VK4814B,1,0,0,30,0
1840409VK4814B,1,0,0,51,0
1830101VK4813B,1,0,0,202,0
1830108VK4813B,1,0,0,94,0
1832608VK4813D,1,0,0,66,0
1829705VK4812H,1,0,0,41,0
1436519VK4813E,1,0,0,7,0
1436529VK4813E,1,0,0,33,0
1537801VK4813F,1,0,0,37,0
1537817VK4813F,1,0,0,6,0
1537822VK4813F,1,0,0,7,0
1536605VK4813F,1,0,0,11,0
1536608VK4813F,1,0,0,2,0
1536611VK4813F,1,0,0,2,0
1533901VK4813D,1,0,0,24,0
1930416VK4813B,1,0,0,45,0
1636710VK4813F,1,0,0,1,0
1737108VK4813F,1,0,0,3,0
1737113VK4813F,1,0,0,7,0
1737117VK4813F,1,0,0,3,0
1737118VK4813F,1,0,0,6,0
1746205VK4184E,1,0,0,21,0
1537814VK4813F,1,0,0,10,0
1744619VK4814D,1,0,0,117,0
1844407VK4184D,1,0,0,37,0
3455705VK4385F,0,0,1,0,46
0637608VK4803H,1,0,0,29,0
8525610VK3882E,1,0,0,26,0
0527908VK4802H,1,0,0,56,0
0628108VK4802H,1,0,0,15,0
0222429VK4802C,1,0,0,14,0
9827131VK3892F,1,0,0,137,0
0438516VK4083H,1,0,0,18,0
0639702VK4083G,12,0,0,26,0
9528468VK3893A,1,0,0,28,0
9528474VK3893A,1,0,0,21,0
8925915VK3882F,1,0,0,5,0
8925912VK3882F,1,0,0,5,0
0125423VK4802E,1,0,0,18,0
9823331VK3892D,1,0,0,33,0
0738904VK4083G,1,0,0,5,0
8925942VK3882F,1,0,0,4,0
7925218VK3872F,1,0,0,69,0
9923914VK3892D,1,0,0,5,0
9022448VK3882D,1,0,0,12,0
0237517VK4083H,1,0,0,26,0
0239729VK4083H,1,0,0,23,0
9823322VK3892D,1,0,0,63,0
9923904VK3892D,1,0,0,128,0
0022806VK4802C,1,0,0,64,0
9822201VK3892D,1,0,0,58,0
9921207VK3892B,1,0,0,22,0
9921215VK3892B,1,0,0,82,0
9921217VK3892B,1,0,0,40,0
9921224VK3892B,1,0,0,40,0
9921227VK3892B,1,0,0,33,0
0130315VK4803A,1,0,0,40,0
0028710VK4802G,1,0,0,15,0
0028705VK4802G,1,0,0,53,0
8825714VK3882F,1,0,0,5,0
8825715VK3882F,1,0,0,5,0
8825720VK3882F,1,0,0,5,0
8925603VK3882F,1,0,0,2,0
0429806VK4802G,1,0,0,23,0
0429810VK4802G,1,0,0,18,0
0429823VK4802G,1,0,0,33,0
8925609VK3882F,1,0,0,5,0
8925611VK3882F,1,0,0,22,0
0727107VK4802F,1,0,0,54,0
0715601VK4802F,1,0,0,30,0
0715603VK4802F,1,0,0,16,0
0726102VK4802F,5,0,0,45,0
0726107VK4802F,1,0,0,32,0
8925903VK3882F,1,0,0,2,0
8925930VK3882F,1,0,0,2,0
9023448VK3882D,1,0,0,2,0
9023437VK3882D,1,0,0,2,0
9023415VK3882D,1,0,0,25,0
9023413VK3882D,1,0,0,9,0
9827107VK3892F,1,0,0,51,0
0426605VK4802E,1,0,0,27,0
0426610VK4802F,1,0,0,20,0
0426617VK4802F,1,0,0,30,0
0426626VK4802F,1,0,0,43,0
0426627VK4802E,1,0,0,23,0
0426632VK4802E,1,0,0,27,0
0426639VK4802E,1,0,0,26,0
0426640VK4802E,1,0,0,33,0
0426642VK4802E,1,0,0,36,0
0525701VK4802F,1,0,0,43,0
0525702VK4802F,1,0,0,42,0
0525707VK4802F,1,0,0,25,0
0424209VK4802C,1,0,0,68,0
0424211VK4802C,1,0,0,21,0
0424212VK4802C,1,0,0,35,0
0424223VK4802E,1,0,0,38,0
8524927VK3882C,1,0,0,11,0
9823305VK3892D,1,0,0,53,0
0537529VK4803H,0,0,1,0,33
0227611VK4802E,1,0,0,55,0
0227612VK4802E,1,0,0,32,0
0227619VK4802E,1,0,0,48,0
9928203VK3892H,1,0,0,38,0
0125411VK4802E,1,0,0,20,0
0125426VK4802E,1,0,0,34,0
0125432VK4802E,1,0,0,28,0
0224320VK4802C,1,0,0,26,0
0324919VK4802C,1,0,0,31,0
8623761VK3882D,1,0,0,2,0
8623756VK3882D,1,0,0,2,0
9827112VK3892F,1,0,0,49,0
9827114VK3892F,1,0,0,83,0
9927109VK3892F,1,0,0,84,0
9927114VK3892H,1,0,0,36,0
9925901VK3892F,1,0,0,41,0
9925906VK3892F,1,0,0,83,0
9925930VK3892F,1,0,0,34,0
0024818VK4802C,1,0,0,30,0
0222402VK4802C,1,0,0,39,0
0222408VK4802C,1,0,0,29,0
0222417VK4802C,1,0,0,17,0
0027116VK4802G,1,0,0,36,0
0537535VK4803H,1,0,0,26,0
0537536VK4803H,1,0,0,1,0
9923907VK3892D,1,0,0,51,0
0538410VK4803H,1,0,0,15,0
0736239VK4083E,1,0,0,29,0
0736240VK4083E,1,0,0,29,0
9822216VK3892D,1,0,0,43,0
9822219VK3892D,1,0,0,43,0
0736213VK4083E,1,0,0,20,0
0736216VK4083E,1,0,0,17,0
1450201VK4815A,1,0,0,5,0
1450208VK4815A,1,0,0,5,0
1851724VK4185B,1,0,0,12,0
1851750VK4185B,1,0,0,25,0
1851763VK4185B,1,0,0,12,0
0096702VK4809E,1,0,0,2,0
0096703VK4809E,1,0,0,10,0
0590201VK4809B,1,0,0,37,0
1853919VK4815D,1,0,0,33,0
1853920VK4815D,1,0,0,33,0
1853923VK4815D,1,0,0,33,0
1853925VK4815D,1,0,0,33,0
1853931VK4815D,1,0,0,33,0
1853941VK4815D,1,0,0,33,0
1853949VK4815D,1,0,0,24,0
1853958VK4815D,1,0,0,35,0
1853962VK4815D,1,0,0,35,0
1853986VK4815D,1,0,0,40,0
1853993VK4815D,1,0,0,15,0
7659501VK3775H,1,0,0,2,0
7759103VK3775H,1,0,0,21,0
7759807VK3775H,1,0,0,2,0
7859203VK3775H,1,0,0,4,0
7858304VK3775H,1,0,0,5,0
9358701VK3795G,1,0,0,1170,0
9450111VK3795A,1,0,0,457,0
8960310VK3786B,1,0,0,31,0
9355103VK3795E,1,0,0,104,0
9554307VK3795D,1,0,0,103,0
9450109VK3795A,1,0,0,237,0
6806205VK3860F,1,0,0,100,0
7398161VK3779G,1,0,0,24,0
7803815VK3870D,1,0,0,58,0
8297410VK3789G,1,0,0,43,0
8103402VK3880C,1,0,0,40,0
7803860VK3870D,1,0,0,36,0
9388873VK3798G,1,0,0,5,0
9388871VK3798G,1,0,0,5,0
6806219VK3860F,1,0,0,55,0
8103427VK3880C,1,0,0,64,0
7398184VK3779G,1,0,0,87,0
8601219VK3880B,1,0,0,37,0
8699451VK3789H,1,0,0,12,0
8799226VK3789H,1,0,0,4,0
8695507VK3789F,1,0,0,22,0
8695533VK3789F,1,0,0,22,0
8796303VK3789F,1,0,0,85,0
8896301VK3789F,1,0,0,55,0
9678301VK3797H,0,0,1,0,200
9583108VK3798D,0,0,1,0,226
8297407VK3789G,1,0,0,31,0
8695323VK3789F,1,0,0,2,0
8695333VK3789F,1,0,0,5,0
8695332VK3789F,1,0,0,8,0
8695342VK3789F,1,0,0,2,0
8695369VK3789F,1,0,0,22,0
8795733VK3789F,1,0,0,10,0
8795736VK3789F,1,0,0,15,0
8795737VK3789F,1,0,0,17,0
8595319VK3789F,1,0,0,6,0
8501222VK3880B,1,0,0,29,0
8301418VK3880A,1,0,0,221,0
8399418VK3789G,3,0,0,78,0
8399415VK3789G,1,0,0,19,0
8399421VK3789G,1,0,0,22,0
8399429VK3789G,1,0,0,85,0
8299406VK3789G,1,0,0,44,0
7398109VK3779G,1,0,0,79,0
7398117VK3779G,1,0,0,44,0
7398122VK3779G,1,0,0,94,0
7803820VK3870D,1,0,0,62,0
7803822VK3870D,1,0,0,108,0
7803837VK3870D,1,0,0,141,0
8003310VK3880C,1,0,0,34,0
8003313VK3880C,1,0,0,44,0
8003314VK3880C,1,0,0,32,0
6806209VK3860F,1,0,0,54,0
7398134VK3779G,1,0,0,35,0
8894409VK3789D,1,0,0,25,0
8595328VK3789F,8,0,0,196,0
8695337VK3789F,1,0,0,2,0
8796305VK3789F,1,0,0,10,0
8799222VK3789H,1,0,0,15,0
9286111VK3798E,1,0,0,26,0
9286112VK3798E,1,0,0,17,0
7803831VK3870D,1,0,0,304,0
8695549VK3789F,1,0,0,16,0
8103425VK3880C,1,0,0,36,0
8399433VK3789G,1,0,0,50,0
6707328VK3860F,1,0,0,18,0
7398186VK3779G,1,0,0,24,0
7398191VK3779G,1,0,0,24,0
7398193VK3779G,1,0,0,24,0
9700205VK3890B,1,0,0,7,0
9700208VK3890B,1,0,0,12,0
9700212VK3890B,1,0,0,12,0
9700214VK3890B,1,0,0,12,0
9700215VK3890B,1,0,0,12,0
9799416VK3799H,1,0,0,8,0
9798618VK3799H,1,0,0,6,0
9798619VK3799H,1,0,0,6,0
8799727VK3789H,1,0,0,2,0
8799732VK3789H,1,0,0,27,0
8603844VK3880D,1,0,0,31,0
8603842VK3880D,1,0,0,36,0
9799402VK3799H,1,0,0,7,0
9799404VK3799H,1,0,0,8,0
9799410VK3799H,1,0,0,8,0
9699610VK3799H,1,0,0,6,0
9699604VK3799H,1,0,0,4,0
9699603VK3799H,1,0,0,4,0
8505619VK3880F,1,0,0,3,0
8603811VK3880D,1,0,0,22,0
8998112VK3789H,1,0,0,18,0
8998113VK3789H,1,0,0,5,0
8799717VK3789H,1,0,0,155,0
8704701VK3880D,1,0,0,9,0
8703512VK3880D,1,0,0,10,0
8703511VK3880D,1,0,0,10,0
8703510VK3880D,1,0,0,10,0
44993E3VK3840A,1,0,0,48,0
44993E4VK3840A,1,0,0,46,0
5201277VK3850A,1,0,0,16,0
5201281VK3850A,1,0,0,17,0
5201290VK3850A,1,0,0,16,0
5201264VK3850A,1,0,0,25,0
5201255VK3850A,1,0,0,22,0
4798232VK3749H,1,0,0,34,0
4798231VK3749H,1,0,0,33,0
44993C8VK3840A,1,0,0,40,0
44993D4VK3840A,1,0,0,40,0
45084P9VK3840H,1,0,0,36,0
44993B6VK3840A,1,0,0,11,0
45084N8VK3840H,1,0,0,51,0
44993E9VK3840A,1,0,0,28,0
3299921VK3739G,1,0,0,91,0
3100923VK3830A,1,0,0,40,0
3100927VK3830A,1,0,0,34,0
45084P4VK3840H,1,0,0,86,0
45084P7VK3840H,1,0,0,111,0
4499386VK3840A,1,0,0,11,0
4499387VK3840A,1,0,0,29,0
4499388VK3840A,1,0,0,11,0
4508411VK3840H,1,0,0,304,0
4508451VK3840H,1,0,0,552,0
5002305VK4850C,1,0,0,19,0
4508417VK3840H,1,0,0,85,0
4508424VK3840H,1,0,0,56,0
4508423VK3840H,1,0,0,315,0
3905923VK3830F,1,0,0,73,0
2803912VK3820D,1,0,0,50,0
4507601VK3840H,1,0,0,171,0
4499301VK3840A,1,0,0,214,0
4506604VK3840F,1,0,0,55,0
3801517VK3830B,1,0,0,243,0
3801503VK3830B,1,0,0,709,0
4101205VK3840A,1,0,0,86,0
4203106VK3840C,1,0,0,68,0
4403403VK3840C,1,0,0,89,0
4403406VK3840C,1,0,0,283,0
5201207VK3850A,1,0,0,128,0
4508474VK3840H,1,0,0,32,0
3602906VK3830B,6,0,0,66,0
4508445VK3840H,1,0,0,71,0
4508410VK3840H,1,0,0,158,0
4508462VK3840H,1,0,0,53,0
4798208VK3749H,1,0,0,644,0
4508480VK3840H,1,0,0,37,0
4508484VK3840H,1,0,0,37,0
4508491VK3840H,1,0,0,37,0
4508495VK3840H,1,0,0,37,0
45084A5VK3840H,1,0,0,37,0
45084A8VK3840H,1,0,0,37,0
3602901VK3830B,4,0,0,119,0
3504101VK3830D,6,0,0,151,0
3504106VK3830D,4,0,0,112,0
45084C4VK3840H,1,0,0,134,0
45084C7VK3840H,1,0,0,134,0
45084D8VK3840H,1,0,0,134,0
45084E3VK3840H,1,0,0,113,0
45084E9VK3840H,1,0,0,320,0
2001254VK3820A,1,0,0,109,0
4497506VK3749G,1,0,0,32,0
4497518VK3749G,1,0,0,32,0
4497519VK3749G,1,0,0,32,0
4497525VK3749G,1,0,0,28,0
5098913VK3759G,1,0,0,54,0
5098920VK3759G,1,0,0,14,0
5098922VK3759G,1,0,0,57,0
4996306VK3749F,1,0,0,55,0
4996308VK3749F,1,0,0,22,0
5196306VK3759E,1,0,0,22,0
5196312VK3759E,1,0,0,24,0
5196313VK3759E,1,0,0,22,0
5196317VK3759E,1,0,0,24,0
5196325VK3759E,1,0,0,36,0
5196326VK3759E,1,0,0,36,0
5196327VK3759E,1,0,0,36,0
4804316VK3840D,1,0,0,142,0
4697604VK3749F,1,0,0,20,0
4697620VK3749F,1,0,0,77,0
4507610VK3840H,1,0,0,80,0
5201214VK3850A,1,0,0,54,0
4301708VK3840A,1,0,0,32,0
9213416VK2891C,1,0,0,2,0
1603907VK3810D,1,0,0,119,0
2001223VK3820A,1,0,0,70,0
1402505VK3810D,1,0,0,60,0
0504106VK3800D,1,0,0,14,0
0404908VK3800C,1,0,0,11,0
2001262VK3820A,1,0,0,46,0
2001264VK3820A,1,0,0,46,0
2001266VK3820A,1,0,0,46,0
1303806VK3810C,1,0,0,274,0
9608585VK2890H,1,0,0,7,0
0007207VK3800E,1,0,0,5,0
9807703VK2890F,1,0,0,6,0
9906604VK2890F,1,0,0,15,0
0505204VK3800F,1,0,0,29,0
0505209VK3800F,1,0,0,30,0
0505248VK3800F,1,0,0,49,0
0505228VK3800F,1,0,0,114,0
0505230VK3800F,1,0,0,53,0
0505216VK3800F,7,0,0,118,0
0505242VK3800F,1,0,0,18,0
0305118VK3800E,1,0,0,33,0
0305119VK3800E,1,0,0,37,0
0305104VK3800E,1,0,0,31,0
0305104VK5800E,1,0,0,80,0
0404903VK3800C,1,0,0,36,0
0703107VK3800D,1,0,0,23,0
0802208VK3800D,1,0,0,22,0
0304509VK3800C,1,0,0,2,0
0405201VK3800E,1,0,0,3,0
0107104VK3800E,1,0,0,27,0
0105401VK3800E,6,0,0,176,0
0905903VK3800F,1,0,0,171,0
9507603VK2890H,1,0,0,23,0
9507606VK2890H,1,0,0,45,0
1007459VK3810G,1,0,0,66,0
1007437VK3810G,1,0,0,655,0
1007435VK3810G,1,0,0,111,0
1007420VK3810G,1,0,0,130,0
1007418VK3810G,1,0,0,300,0
1007402VK3810G,1,0,0,39,0
1104602VK3810C,1,0,0,157,0
1404201VK3810C,1,0,0,47,0
2103801VK3820C,1,0,0,80,0
2001203VK3820A,1,0,0,103,0
1303502VK3810C,1,0,0,456,0
1501102VK3810B,1,0,0,29,0
9312103VK2891A,1,0,0,116,0
9512505VK2891D,1,0,0,136,0
9512506VK2891D,1,0,0,84,0
0010913VK3801A,1,0,0,71,0
0109807VK3800G,1,0,0,53,0
0508502VK3800H,1,0,0,125,0
0508512VK3800H,1,0,0,74,0
0508513VK3800H,1,0,0,14,0
0508516VK3800H,1,0,0,400,0
0508517VK3800H,1,0,0,563,0
0407504VK3800G,1,0,0,91,0
0806611VK3800F,1,0,0,36,0
0806605VK3800F,1,0,0,151,0
0806607VK3800F,1,0,0,93,0
0806609VK3800F,1,0,0,48,0
1004902VK3810C,1,0,0,114,0
1104202VK3810C,1,0,0,373,0
9509131VK2890H,1,0,0,41,0
9208502VK2890G,1,0,0,42,0
9208518VK2890G,1,0,0,17,0
9308101VK2890G,1,0,0,16,0
9308103VK2890G,1,0,0,14,0
9307501VK2890G,3,0,0,48,0
9507201VK2890H,1,0,0,47,0
9607301VK2890H,1,0,0,29,0
1007428VK3810G,1,0,0,341,0
1007413VK3810G,1,0,0,32,0
1007406VK3810G,1,0,0,39,0
1104601VK3810C,1,0,0,87,0
1704702VK3810D,1,0,0,133,0
9312102VK2891A,2,0,0,95,0
9711701VK2891B,6,0,0,262,0
0407509VK3800G,1,0,0,440,0
0806608VK3800F,1,0,0,100,0
9208207VK2890G,1,0,0,3,0
9507203VK2890H,1,0,0,27,0
0206307VK3800E,1,0,0,7,0
0007204VK3800E,1,0,0,2,0
0505208VK3800F,1,0,0,18,0
0703112VK3800D,1,0,0,25,0
0405203VK3800E,1,0,0,7,0
0405210VK3800E,1,0,0,1,0
0205303VK3800E,1,0,0,14,0
9608558VK2890H,1,0,0,19,0
0105304VK3800E,1,0,0,2,0
0505256VK3800F,1,0,0,15,0
0505257VK3800F,1,0,0,15,0
1200604VK3810A,1,0,0,82,0
9312120VK2891A,1,0,0,98,0
4590330VK3749B,1,0,0,51,0
5491405VK3759A,1,0,0,79,0
4391457VK3749A,1,0,0,20,0
3194508VK3739C,1,0,0,31,0
3091307VK3739A,1,0,0,12,0
4581802VK3748B,1,0,0,8,0
4881909VK3748B,1,0,0,5,0
5180306VK3758A,1,0,0,3,0
5180307VK3758A,1,0,0,4,0
2987310VK3728H,1,0,0,20,0
5281910VK3758A,1,0,0,7,0
4284705VK3748C,1,0,0,5,0
4383205VK3748C,1,0,0,5,0
3882704VK3738B,1,0,0,13,0
3882716VK3738B,1,0,0,18,0
3188449VK3738G,1,0,0,25,0
5391406VK3759C,1,0,0,77,0
5391404VK3759C,1,0,0,37,0
3582805VK3738B,1,0,0,2,0
5292904VK3759A,1,0,0,37,0
4187103VK3748E,1,0,0,28,0
3092514VK3739C,1,0,0,16,0
3082716VK3738C,1,0,0,2,0
4088110VK3748G,1,0,0,6,0
4088114VK3748G,1,0,0,6,0
3191925VK3739A,1,0,0,18,0
3187103VK3738E,1,0,0,52,0
4188974VK3748G,1,0,0,2,0
3482701VK3738A,20,0,0,302,0
4790710VK3749B,1,0,0,22,0
3582303VK3738D,1,0,0,4,0
3384204VK3738C,1,0,0,5,0
3080605VK3738A,1,0,0,9,0
3080608VK3738A,1,0,0,1,0
3082101VK3738A,1,0,0,5,0
3081702VK3738A,1,0,0,2,0
2990603VK3729B,1,0,0,4,0
3081717VK3738A,1,0,0,11,0
3582112VK3738B,1,0,0,5,0
4693441VK3749D,1,0,0,25,0
4693447VK3749D,1,0,0,20,0
4693446VK3749D,1,0,0,25,0
3294819VK3739C,1,0,0,44,0
4693419VK3749D,1,0,0,26,0
4790734VK3749B,1,0,0,27,0
2693544VK3729D,1,0,0,6,0
4294428VK3749C,1,0,0,21,0
5090505VK3759A,1,0,0,68,0
3189212VK3738G,1,0,0,16,0
3987713VK3738F,1,0,0,17,0
3882728VK3738B,1,0,0,18,0
3882729VK3738B,1,0,0,14,0
4581904VK3748B,1,0,0,5,0
4681103VK3748B,1,0,0,10,0
2990648VK3729B,1,0,0,3,0
2990606VK3729B,1,0,0,23,0
4188915VK3748G,1,0,0,9,0
4188923VK3748G,1,0,0,95,0
4188991VK3748G,1,0,0,54,0
4781103VK3748B,1,0,0,5,0
4781101VK3748B,1,0,0,4,0
4781803VK3748B,1,0,0,5,0
4881204VK3748B,1,0,0,19,0
4881206VK3748B,1,0,0,8,0
3188486VK3738G,1,0,0,28,0
3188473VK3738G,1,0,0,27,0
3188452VK3738G,1,0,0,30,0
3188403VK3738G,1,0,0,9,0
3188409VK3738G,1,0,0,117,0
4188934VK3748G,1,0,0,5,0
4188935VK3748G,1,0,0,5,0
4188937VK3748G,1,0,0,5,0
4188938VK3748G,1,0,0,5,0
4188939VK3748G,1,0,0,5,0
2891705VK3729B,1,0,0,45,0
2891713VK3729B,1,0,0,44,0
3091301VK3739A,1,0,0,48,0
4585212VK3748F,1,0,0,128,0
4881910VK3748B,1,0,0,3,0
4881917VK3748B,1,0,0,3,0
4288614VK3748H,1,0,0,47,0
3188467VK3738G,1,0,0,54,0
3282101VK3738A,1,0,0,5,0
3282108VK3738A,1,0,0,5,0
3290505VK3739A,1,0,0,10,0
3290508VK3739A,1,0,0,22,0
3290509VK3739A,1,0,0,30,0
3290510VK3739A,1,0,0,34,0
4288612VK3748H,1,0,0,28,0
4880608VK3748B,1,0,0,5,0
4880611VK3748B,1,0,0,10,0
4190601VK3749A,1,0,0,15,0
41889A6VK3748G,1,0,0,24,0
41889A1VK3748G,1,0,0,24,0
41889A0VK3748G,1,0,0,24,0
4190606VK3749A,1,0,0,15,0
3187128VK3738E,1,0,0,56,0
3187139VK3738E,1,0,0,80,0
3187102VK3738E,1,0,0,27,0
3187117VK3738E,1,0,0,42,0
3389830VK3738G,1,0,0,112,0
2886605VK3728F,1,0,0,2,0
2886608VK3728F,1,0,0,9,0
2886612VK3728F,1,0,0,18,0
2886613VK3728F,1,0,0,2,0
2790806VK3729B,1,0,0,26,0
2790840VK3729B,1,0,0,24,0
2790815VK3729B,1,0,0,41,0
2790820VK3729B,1,0,0,35,0
3389817VK3738G,1,0,0,14,0
2886615VK3728F,1,0,0,16,0
2886616VK3728F,1,0,0,2,0
2886645VK3728F,1,0,0,6,0
2897712VK3729F,1,0,0,242,0
3196702VK3739E,1,0,0,79,0
3396902VK3739F,1,0,0,67,0
3396903VK3739F,1,0,0,74,0
3194515VK3739C,1,0,0,43,0
3194502VK3739C,1,0,0,44,0
3194507VK3739C,1,0,0,3,0
3092520VK3739C,1,0,0,2,0
4991209VK3749B,1,0,0,39,0
4991209VK4749B,1,0,0,6,0
5292911VK3759A,1,0,0,55,0
4084708VK3748C,1,0,0,5,0
5181301VK3758A,1,0,0,16,0
3687704VK3738F,1,0,0,26,0
3787911VK3738F,1,0,0,20,0
3787912VK3738F,1,0,0,20,0
3787913VK3738F,1,0,0,20,0
3787927VK3738F,1,0,0,16,0
3294812VK3739C,1,0,0,2,0
3294816VK3739C,1,0,0,29,0
3293619VK3739C,1,0,0,4,0
3293611VK3739C,1,0,0,7,0
3293606VK3739C,1,0,0,3,0
3394714VK3739C,1,0,0,5,0
3394729VK3739C,2,0,0,46,0
3191907VK3739A,1,0,0,11,0
3092530VK3739C,1,0,0,39,0
3092531VK3739C,1,0,0,38,0
4392502VK3749F,1,0,0,21,0
4183308VK3748C,1,0,0,5,0
4183311VK3748C,1,0,0,5,0
4184705VK3748C,1,0,0,3,0
4184710VK3748C,1,0,0,3,0
5180206VK3758A,1,0,0,8,0
5180203VK3758A,1,0,0,6,0
3886508VK3738F,1,0,0,8,0
3394738VK3739C,1,0,0,10,0
3394737VK3739C,1,0,0,10,0
4283902VK3748C,1,0,0,6,0
4284803VK3748C,1,0,0,5,0
5182708VK3758A,1,0,0,10,0
3687733VK3738F,1,0,0,3,0
3494602VK3739C,1,0,0,24,0
3494628VK3739C,1,0,0,32,0
2398208VK3729G,1,0,0,58,0
4284702VK3748C,1,0,0,22,0
4384202VK3748C,1,0,0,5,0
4383305VK3748C,1,0,0,6,0
4283603VK3748C,1,0,0,21,0
5181712VK3758A,1,0,0,8,0
5281114VK3758A,1,0,0,1,0
5282807VK3758A,1,0,0,29,0
5282807VK4758A,1,0,0,19,0
3593712VK3739D,1,0,0,28,0
3693603VK3739D,1,0,0,57,0
3693608VK3739D,1,0,0,48,0
3693610VK3739D,1,0,0,52,0
3095904VK3739E,1,0,0,77,0
3095905VK3739E,1,0,0,85,0
3095910VK3739E,1,0,0,56,0
4587460VK3748H,1,0,0,38,0
4587407VK3748H,1,0,0,57,0
4587447VK3748H,1,0,0,112,0
5281907VK3758A,1,0,0,10,0
2986408VK3728F,1,0,0,6,0
2986413VK3728F,1,0,0,24,0
3792609VK3739B,1,0,0,17,0
3792610VK3739B,1,0,0,33,0
5390727VK3759A,1,0,0,15,0
4587442VK3748H,1,0,0,263,0
4587445VK3748H,1,0,0,46,0
4483303VK3748C,1,0,0,17,0
4483311VK3748C,1,0,0,4,0
4989129VK3748H,1,0,0,291,0
4790705VK3749B,1,0,0,77,0
4681901VK3748B,1,0,0,7,0
3688508VK3738H,1,0,0,37,0
3791103VK3739B,1,0,0,14,0
3791108VK3739B,1,0,0,41,0
3791707VK3739B,1,0,0,45,0
3791710VK3739B,1,0,0,45,0
4590319VK3749B,1,0,0,69,0
4590308VK3749B,1,0,0,19,0
4381709VK3748B,1,0,0,9,0
4381703VK3748B,1,0,0,3,0
3990209VK3739B,1,0,0,4,0
3990219VK3739B,1,0,0,15,0
4481803VK3748A,1,0,0,8,0
3992205VK3739B,0,0,3,0,222
3992701VK3739B,1,0,0,50,0
3682103VK3738B,1,0,0,4,0
3682106VK3738B,1,0,0,4,0
3682107VK3738B,1,0,0,4,0
4286914VK3748E,1,0,0,22,0
4286912VK3748E,1,0,0,3,0
4286906VK3748E,1,0,0,3,0
4583101VK3748D,1,0,0,5,0
4481807VK3748A,1,0,0,15,0
4091106VK3749A,1,0,0,7,0
4194321VK3749C,1,0,0,40,0
4294401VK3749C,18,0,0,54,0
4286924VK3748E,1,0,0,3,0
4286923VK3748E,1,0,0,4,0
4286920VK3748E,1,0,0,3,0
4286918VK3748E,1,0,0,3,0
4286916VK3748E,1,0,0,3,0
4683101VK3748D,1,0,0,4,0
4682503VK3748D,1,0,0,47,0
4782406VK3748B,1,0,0,21,0
4783808VK3748D,1,0,0,7,0
4983801VK3748D,1,0,0,51,0
2789813VK3728H,1,0,0,13,0
2789814VK3728H,1,0,0,13,0
4595105VK3749F,1,0,0,2,0
4394508VK3749C,1,0,0,361,0
4394512VK3749C,4,0,0,193,0
4391460VK3749A,1,0,0,8,0
3983810VK3738D,1,0,0,58,0
3983806VK3738D,1,0,0,17,0
3882710VK3738B,1,0,0,18,0
3882714VK3738B,1,0,0,18,0
2888417VK3728H,1,0,0,25,0
2888404VK3728H,1,0,0,3,0
2990624VK3729B,1,0,0,52,0
4391412VK3749A,1,0,0,28,0
4391419VK3749A,1,0,0,40,0
3887112VK3738F,1,0,0,6,0
3887121VK3738F,1,0,0,16,0
5281505VK3758A,1,0,0,3,0
2897715VK3729F,1,0,0,40,0
2897719VK3729F,1,0,0,46,0
4681204VK3748B,1,0,0,5,0
4781802VK3748B,1,0,0,4,0
3389813VK3738G,1,0,0,14,0
4587439VK3748H,1,0,0,34,0
3494618VK3739C,1,0,0,35,0
3983808VK3738D,1,0,0,17,0
3886507VK3738F,1,0,0,65,0
2986411VK3728F,1,0,0,14,0
3782108VK3738B,1,0,0,309,0
4991217VK3749B,1,0,0,40,0
4991217VK4749B,1,0,0,74,0
4391453VK3749A,1,0,0,2,0
5088407VK3758G,1,0,0,16,0
2986418VK3728F,1,0,0,17,0
3892809VK3739B,1,0,0,43,0
5282804VK3758A,1,0,0,6,0
5282812VK3758A,1,0,0,24,0
2789807VK3728H,4,0,0,39,0
4989101VK3748H,2,0,0,51,0
4693403VK3749D,2,0,0,96,0
2888407VK3728H,1,0,0,23,0
2888418VK3728H,1,0,0,19,0
4693404VK3749D,2,0,0,96,0
4693406VK3749D,2,0,0,96,0
4190605VK3749A,1,0,0,2,0
4193401VK3749C,1,0,0,81,0
4186912VK3748E,1,0,0,19,0
4590305VK3749B,1,0,0,49,0
3290501VK3739A,1,0,0,154,0
3188426VK3738G,3,0,0,48,0
3188458VK3738G,1,0,0,9,0
41889C7VK3748G,1,0,0,18,0
41889C9VK3748G,1,0,0,64,0
3092536VK3739C,1,0,0,20,0
3092537VK3739C,1,0,0,20,0
4590369VK3749B,1,0,0,58,0
3290527VK3739A,1,0,0,31,0
3294820VK3739C,1,0,0,25,0
4590339VK3749B,1,0,0,18,0
4790725VK3749B,1,0,0,48,0
4790722VK3749B,1,0,0,52,0
4093613VK3749C,3,0,0,62,0
3792645VK3739B,1,0,0,106,0
3688525VK3738H,1,0,0,24,0
3688529VK3738H,1,0,0,22,0
4391493VK3749A,1,0,0,19,0
73231X2VK3772C,1,0,0,10,0
8030213VK3783A,1,0,0,64,0
7930706VK3773B,1,0,0,168,0
7130228VK3773A,1,0,0,64,0
8638602VK3783H,1,0,0,273,0
8239301VK3783G,1,0,0,100,0
7935501VK3773F,1,0,0,61,0
7935501VK4773F,0,0,1,0,77
7835501VK3773E,1,0,0,77,0
8239219VK3783G,1,0,0,77,0
7831303VK3773B,1,0,0,34,0
7436708VK3773E,1,0,0,11,0
7436715VK3773E,1,0,0,4,0
7833902VK3773D,0,0,1,0,35
7536402VK3773F,1,0,0,224,0
7634503VK3773D,1,0,0,10,0
8039609VK3783G,1,0,0,5,0
7940615VK3774B,1,0,0,324,0
7940604VK3774B,1,0,0,198,0
7939112VK3773H,1,0,0,140,0
7232404VK3773C,1,0,0,87,0
7232407VK3773C,1,0,0,164,0
7635612VK3773F,1,0,0,37,0
7732911VK3773D,1,0,0,4,0
7232822VK3773A,1,0,0,143,0
7737409VK3773H,1,0,0,161,0
7832614VK3773B,1,0,0,34,0
7832621VK3773B,1,0,0,34,0
7637208VK3773H,1,0,0,100,0
7537601VK3773F,1,0,0,272,0
8135708VK3783E,1,0,0,20,0
7832611VK3773B,1,0,0,34,0
8339502VK3783G,1,0,0,164,0
8141609VK3784A,1,0,0,114,0
6227114VK3762E,1,0,0,17,0
6227108VK3762E,1,0,0,17,0
6232601VK3763A,1,0,0,1704,0
6823113VK3762D,1,0,0,48,0
7134202VK3773C,1,0,0,27,0
7133109VK3773C,1,0,0,38,0
6916906VK3761F,0,1,0,277,0
6517204VK3761F,0,0,1,0,2957
5910644VK3751B,0,0,1,0,91
3922616VK4732D,0,1,0,0,0
2701304VK3720B,1,0,0,2,0
4023702VK3742C,1,0,0,8,0
4023712VK3742C,1,0,0,14,0
4620907VK3742B,1,0,0,49,0
2701303VK3720B,1,0,0,5,0
3919304VK4732B,1,0,0,536,0
4886202VK3648F,0,0,1,0,80
4509149VK3740H,0,0,1,0,33
4509177VK3740H,1,0,0,9,0
4509183VK3740H,1,0,0,13,0
4716312VK3741F,1,0,0,8,0
4716310VK3741F,1,0,0,20,0
45091C9VK3740H,1,0,0,52,0
45091B1VK3740H,1,0,0,8,0
4302103VK3740A,0,0,1,0,480
5826291VK4752F,0,0,1,0,79
52287E6VK4752G,1,0,0,34,0
5530313VK4753B,0,0,1,0,40
5059307VK4755G,1,0,0,43,0
5059809VK4755G,0,1,0,264,0
4555806VK4745F,0,0,1,0,36
4259212VK4745G,1,0,0,192,0
5060601VK4756A,1,0,0,48,0
5862402VK4756D,0,0,1,0,91
5663502VK4756D,2,0,0,26,0
6151905VK4765A,0,0,1,0,71
6159907VK4765G,1,0,0,24,0
5657203VK4755F,1,0,0,107,0
6150801VK4765A,0,0,1,0,49
5560307VK4756B,4,0,0,62,0
5362426VK4756C,1,0,0,1312,0
5560306VK4756B,1,0,0,148,0
5866718VK4756F,1,0,0,402,0
4663409VK4746D,1,0,0,75,0
4561506VK4746B,1,0,0,263,0
5367610VK4756E,1,0,0,649,0
5567527VK4756H,1,0,0,116,0
5566401VK4756F,1,0,0,10,0
5269928VK4756G,1,0,0,22,0
5575705VK4757F,1,0,0,32,0
5872410VK4757D,1,0,0,41,0
5872411VK4757D,1,0,0,19,0
5370805VK4757A,1,0,0,13,0
5370824VK4757A,1,0,0,43,0
5472306VK4757C,1,0,0,12,0
5371904VK4757A,1,0,0,66,0
5078701VK4757G,1,0,0,24,0
4366607VK4746E,1,0,0,293,0
5178503VK4757G,1,0,0,9,0
4567601VK4746H,0,0,1,0,424
4567602VK4746H,0,0,1,0,82
4585008VK4848F,1,0,0,84,0
4387217VK4848E,1,0,0,19,0
4491813VK4849A,1,0,0,31,0
3994419VK4839D,2,0,0,26,0
4187724VK4848E,1,0,0,23,0
4390727VK4849A,1,0,0,25,0
3896303VK4839F,1,0,0,22,0
3403914VK4830C,1,0,0,188,0
3403920VK4830C,1,0,0,107,0
3508306VK4830H,1,0,0,18,0
3700402VK4830B,1,0,0,5,0
8281904VK4788A,1,0,0,16,0
8281910VK4788A,1,0,0,18,0
7784836VK4778D,1,0,0,24,0
8084203VK4788C,1,0,0,8,0
8084206VK4788C,1,0,0,17,0
8183909VK4788C,1,0,0,10,0
8283807VK4788C,1,0,0,35,0
8283819VK4788C,1,0,0,36,0
8182605VK4788C,1,0,0,33,0
8182006VK4788A,1,0,0,21,0
8083409VK4788C,1,0,0,9,0
8083414VK4788C,1,0,0,62,0
8383427VK4788C,1,0,0,15,0
8383402VK4788C,1,0,0,18,0
8383614VK4788C,1,0,0,29,0
7884512VK4778D,1,0,0,21,0
7584601VK4778D,17,0,0,306,0
8584001VK4788D,10,0,0,80,0
8381003VK4788A,1,0,0,13,0
8381004VK4788A,1,0,0,16,0
8086143VK4788E,1,0,0,17,0
8381002VK4788A,1,0,0,26,0
8084026VK4788C,1,0,0,35,0
8382017VK4788A,1,0,0,53,0
8684203VK4788D,9,0,0,18,0
8182010VK4788A,1,0,0,31,0
8182613VK4788C,1,0,0,29,0
8185008VK4788E,1,0,0,13,0
8083422VK4788C,1,0,0,16,0
7584607VK4778D,1,0,0,17,0
7282418VK4778C,1,0,0,20,0
7282420VK4778C,1,0,0,39,0
8382022VK4788A,1,0,0,24,0
7383818VK4778C,1,0,0,14,0
7383824VK4778C,1,0,0,14,0
7886602VK4778F,1,0,0,40,0
5783069VK4758D,1,0,0,91,0
5783065VK4758D,1,0,0,26,0
6691912VK4769B,1,0,0,62,0
6890205VK4769B,1,0,0,20,0
6092059VK4759B,1,0,0,37,0
6092061VK4759B,1,0,0,49,0
4986601VK4748F,1,0,0,21,0
6092031VK4759B,1,0,0,15,0
6092029VK4759B,1,0,0,11,0
4985404VK4748F,1,0,0,24,0
4985410VK4748F,1,0,0,17,0
4985419VK4748F,1,0,0,12,0
4985421VK4748F,1,0,0,16,0
5686010VK4758F,1,0,0,86,0
60920G9VK4759B,1,0,0,13,0
60920G8VK4759B,1,0,0,12,0
60920G6VK4759B,1,0,0,13,0
60920G2VK4759B,1,0,0,20,0
5686012VK4758F,1,0,0,69,0
5484046VK4758D,1,0,0,148,0
5484011VK4758D,1,0,0,84,0
5484019VK4758D,1,0,0,50,0
5484027VK4758D,2,0,0,43,0
5484065VK4758D,1,0,0,80,0
60920F1VK4759B,1,0,0,86,0
60920F0VK4759B,1,0,0,59,0
6092022VK4759B,1,0,0,16,0
5992018VK4759B,1,0,0,25,0
5484070VK4758D,1,0,0,57,0
5484094VK4758D,1,0,0,40,0
5484098VK4758D,1,0,0,57,0
5484099VK4758D,1,0,0,97,0
5484080VK4758D,1,0,0,21,0
5484009VK4758D,1,0,0,46,0
54840A3VK4758C,1,0,0,35,0
5783031VK4758D,1,0,0,54,0
5783032VK4758D,1,0,0,91,0
5783001VK4758D,1,0,0,61,0
5186904VK4758E,1,0,0,20,0
5186906VK4758E,1,0,0,17,0
6391206VK4769A,1,0,0,17,0
6391211VK4769A,1,0,0,17,0
6391215VK4769A,1,0,0,17,0
6391216VK4769A,1,0,0,17,0
5783004VK4758D,1,0,0,40,0
5783056VK4758D,1,0,0,15,0
5783051VK4758D,1,0,0,102,0
5481209VK4758A,1,0,0,24,0
5481207VK4758A,1,0,0,23,0
5084903VK4758C,1,0,0,26,0
5187213VK4758E,1,0,0,14,0
5187218VK4758E,1,0,0,21,0
6391205VK4769A,1,0,0,17,0
6692203VK4769B,1,0,0,493,0
5386004VK4758E,6,0,0,134,0
5486303VK4758E,1,0,0,20,0
60920C7VK4759B,1,0,0,95,0
60920C9VK4759B,1,0,0,61,0
6190916VK4769A,1,0,0,106,0
6190917VK4769A,1,0,0,302,0
6190924VK4769A,1,0,0,56,0
6190934VK4769A,1,0,0,29,0
4984410VK4748D,1,0,0,12,0
5686009VK4758F,1,0,0,47,0
5985020VK4758F,1,0,0,56,0
5985004VK4758F,1,0,0,18,0
5985008VK4758F,1,0,0,25,0
6085001VK4758F,1,0,0,63,0
6085015VK4758F,1,0,0,83,0
6085021VK4758F,1,0,0,330,0
6085022VK4758F,1,0,0,236,0
6092091VK4759B,1,0,0,303,0
6487203VK4768G,1,0,0,22,0
6085045VK4758F,1,0,0,20,0
6485024VK4768E,1,0,0,58,0
6485025VK4768E,1,0,0,51,0
6485029VK4768E,1,0,0,47,0
6485031VK4768E,1,0,0,59,0
6485032VK4768E,1,0,0,47,0
6485053VK4768E,1,0,0,109,0
6485042VK4768E,1,0,0,106,0
6485033VK4768E,1,0,0,87,0
6487205VK4768G,1,0,0,49,0
6487208VK4768G,1,0,0,37,0
6487242VK4768G,1,0,0,40,0
6487243VK4768G,1,0,0,31,0
6386902VK4768E,1,0,0,31,0
6386906VK4768E,1,0,0,30,0
6386912VK4768E,1,0,0,30,0
6386917VK4768E,1,0,0,71,0
6386918VK4768E,1,0,0,50,0
6386901VK4768E,1,0,0,31,0
6386938VK4768E,1,0,0,31,0
6485007VK4768E,1,0,0,36,0
6285011VK4768C,1,0,0,48,0
6285012VK4768C,1,0,0,60,0
6285016VK4768C,1,0,0,101,0
6683057VK4768F,1,0,0,68,0
6683053VK4768F,1,0,0,34,0
5783011VK4758D,1,0,0,48,0
5987302VK4768G,1,0,0,31,0
5987315VK4768G,1,0,0,80,0
5987326VK4768G,1,0,0,32,0
5987344VK4758H,1,0,0,28,0
5788703VK4758H,1,0,0,29,0
5484050VK4758D,1,0,0,56,0
5788704VK4758H,1,0,0,33,0
6092077VK4759B,1,0,0,43,0
60920A1VK4759B,1,0,0,214,0
60920A3VK4759B,1,0,0,84,0
6683001VK4768F,1,0,0,33,0
6683009VK4768F,1,0,0,63,0
6683080VK4768F,1,0,0,42,0
6683081VK4768F,1,0,0,69,0
6683003VK4768F,1,0,0,54,0
6683039VK4768F,1,0,0,52,0
6683036VK4768F,1,0,0,23,0
5586210VK4758E,1,0,0,64,0
6487214VK4768G,1,0,0,92,0
6487219VK4768G,1,0,0,23,0
6588617VK4768H,1,0,0,71,0
6789102VK4768H,1,0,0,67,0
6789103VK4768H,1,0,0,72,0
6491901VK4769A,1,0,0,35,0
6789132VK4768H,1,0,0,302,0
6789141VK4768H,1,0,0,70,0
6789143VK4768H,1,0,0,302,0
6789144VK4768H,1,0,0,325,0
6890001VK4769B,1,0,0,16,0
6890010VK4769B,1,0,0,16,0
6890019VK4769B,1,0,0,22,0
5085603VK4758E,1,0,0,15,0
5287905VK4758E,1,0,0,34,0
6890031VK4769B,1,0,0,23,0
5087306VK4758G,1,0,0,1,0
5287908VK4758E,1,0,0,73,0
5287918VK4758E,1,0,0,15,0
6588602VK4768H,1,0,0,42,0
60920D5VK4759B,1,0,0,42,0
60920J8VK4759B,1,0,0,82,0
5287922VK4758E,1,0,0,21,0
5287921VK4758E,1,0,0,23,0
5987340VK4768G,1,0,0,25,0
5987339VK4768G,1,0,0,74,0
6987407VK4778G,1,0,0,13,0
6987409VK4778G,1,0,0,13,0
5186934VK4758E,1,0,0,49,0
6887001VK4768F,30,0,0,183,0
6588612VK4768H,1,0,0,40,0
60920K6VK4759B,1,0,0,20,0
5987347VK4768G,1,0,0,27,0
6485075VK4768E,1,0,0,41,0
6485071VK4768E,1,0,0,19,0
6485073VK4768E,1,0,0,60,0
4988612VK4748H,1,0,0,3,0
5484062VK4758D,1,0,0,80,0
6386913VK4768E,1,0,0,27,0
4985426VK4748F,1,0,0,18,0
6683031VK4768F,1,0,0,65,0
6386932VK4768E,1,0,0,57,0
6485021VK4768E,1,0,0,104,0
4984413VK4748D,1,0,0,11,0
4788623VK4748H,1,0,0,13,0
5288806VK4758G,1,0,0,29,0
6485063VK4768E,1,0,0,22,0
6485056VK4768E,1,0,0,22,0
5783027VK4758D,1,0,0,49,0
5985011VK4758F,1,0,0,25,0
5484048VK4758D,1,0,0,28,0
4987716VK4748F,1,0,0,25,0
5783060VK4758D,1,0,0,136,0
4986627VK4748F,1,0,0,14,0
4986623VK4748F,1,0,0,37,0
4986624VK4748F,1,0,0,37,0
6588641VK4768H,1,0,0,38,0
4593210VK4749D,1,0,0,15,0
4594901VK4749D,1,0,0,33,0
4594902VK4749D,1,0,0,3,0
4594909VK4749D,1,0,0,15,0
4899512VK4749H,1,0,0,22,0
6697112VK4769F,0,1,0,290,0
5292434VK4759C,1,0,0,5,0
4690322VK4749B,1,0,0,4,0
4691607VK4749B,1,0,0,2,0
5097604VK4759G,2,0,0,540,0
4693301VK4749D,1,0,0,25,0
4693308VK4749D,1,0,0,28,0
4693315VK4749D,1,0,0,55,0
4695204VK4749F,1,0,0,30,0
4990413VK4749B,1,0,0,30,0
5895305VK3659F,1,0,0,74,0
4990805VK4749B,1,0,0,24,0
5296208VK4759E,1,0,0,20,0
4295901VK4749E,2,0,0,36,0
5189211VK4758G,1,0,0,2,0
5489402VK4758G,1,0,0,26,0
4799607VK4749H,1,0,0,16,0
4997001VK4749F,1,0,0,99,0
4492909VK4749A,1,0,0,23,0
4493206VK4749C,4,0,0,58,0
4998408VK4749H,1,0,0,15,0
4493238VK4749C,1,0,0,16,0
4494304VK4749C,1,0,0,14,0
4999501VK4749H,1,0,0,2,0
4999909VK4749H,1,0,0,11,0
4889206VK4748H,1,0,0,76,0
4889215VK4748H,1,0,0,15,0
4893104VK4749D,1,0,0,6,0
4893132VK4749D,1,0,0,6,0
4893135VK4749D,1,0,0,6,0
4592113VK4749B,1,0,0,14,0
4592118VK4749B,1,0,0,15,0
4592706VK4749D,1,0,0,146,0
4897405VK4749H,1,0,0,41,0
4897430VK4749H,1,0,0,101,0
5091502VK4759A,1,0,0,15,0
5091516VK4759A,1,0,0,33,0
6717212VK4861F,1,0,0,41,0
6717211VK4861F,1,0,0,49,0
4394111VK4749C,1,0,0,3,0
5091524VK4759A,1,0,0,11,0
4493246VK4749C,1,0,0,50,0
4791921VK4749B,1,0,0,34,0
4899520VK4749H,1,0,0,3,0
5098315VK4759G,1,0,0,11,0
4200078VK4749G,8,0,0,40,0
4200059VK4840C,1,0,0,29,0
4001009VK4840A,1,0,0,18,0
4900303VK4840B,1,0,0,2,0
3900913VK4830B,1,0,0,14,0
4200041VK4840C,1,0,0,19,0
3999215VK4739H,1,0,0,11,0
3999519VK4739H,1,0,0,21,0
4807009VK4840H,1,0,0,48,0
5001113VK4850A,1,0,0,14,0
5512015VK4851C,1,0,0,692,0
4802142VK4840B,1,0,0,2,0
3999202VK4739H,1,0,0,33,0
3999210VK4739H,1,0,0,14,0
5707302VK4850H,1,0,0,432,0
4110905VK4841A,1,0,0,46,0
4110914VK4841A,1,0,0,8,0
4110916VK4841A,1,0,0,15,0
3805815VK4830F,1,0,0,33,0
3805805VK4830F,1,0,0,22,0
3804201VK4830D,1,0,0,17,0
3804607VK4830D,1,0,0,31,0
3804609VK4830D,1,0,0,23,0
3904311VK4830D,1,0,0,18,0
3904505VK4830D,1,0,0,37,0
3904514VK4830D,1,0,0,46,0
3904506VK4830D,1,0,0,24,0
4005201VK4840E,1,0,0,30,0
4005216VK4840E,1,0,0,36,0
4005217VK4840E,1,0,0,31,0
3803929VK4830D,1,0,0,20,0
3803913VK4830D,1,0,0,17,0
3803911VK4830D,1,0,0,58,0
4103912VK4840C,1,0,0,18,0
4103924VK4840C,1,0,0,23,0
6115510VK4861E,1,0,0,10,0
6115511VK4861E,1,0,0,10,0
6115514VK4861E,1,0,0,10,0
6319501VK4861G,1,0,0,31,0
6517102VK4861F,1,0,0,96,0
6419020VK4861G,1,0,0,27,0
5543201VK4854C,99,0,0,1394,0
5744401VK4854D,58,0,0,1760,0
5942301VK4854D,37,0,0,1126,0
6540301VK4864B,1,0,0,34,0
6543903VK4864D,1,0,0,26,0
6542201VK4864B,1,0,0,59,0
6542202VK4864B,1,0,0,55,0
6542203VK4864B,1,0,0,19,0
6441901VK4864A,1,0,0,49,0
6441906VK4864A,1,0,0,31,0
6441904VK4864A,1,0,0,60,0
6440313VK4864A,1,0,0,36,0
6340709VK4863G,1,0,0,32,0
6540318VK4864B,1,0,0,33,0
6540323VK4864B,1,0,0,69,0
6811712VK4861B,1,0,0,8,0
6811703VK4861B,1,0,0,17,0
6317818VK4861E,1,0,0,18,0
6514307VK4861D,1,0,0,6,0
6913937VK4861B,1,0,0,27,0
6713912VK4861D,1,0,0,9,0
6217207VK4861E,1,0,0,25,0
6717213VK4861F,1,0,0,36,0
6913927VK4861D,1,0,0,14,0
6810222VK4860H,1,0,0,19,0
6810228VK4860H,1,0,0,20,0
6810234VK4860H,1,0,0,20,0
6810242VK4860H,1,0,0,19,0
6810243VK4860H,1,0,0,18,0
6515514VK4861F,1,0,0,14,0
6317324VK4861G,1,0,0,7,0
4938607VK4483H,1,0,0,199,0
6214627VK4861C,1,0,0,5,0
6214621VK4861C,1,0,0,4,0
6214623VK4861C,1,0,0,5,0
6913957VK4861D,1,0,0,20,0
6218620VK4861G,1,0,0,37,0
6315411VK4861E,1,0,0,1,0
6315414VK4861E,1,0,0,1,0
6315416VK4861E,1,0,0,17,0
6315403VK4861E,1,0,0,1,0
6315405VK4861E,1,0,0,16,0
6316811VK4861E,1,0,0,12,0
7007213VK4870E,1,0,0,14,0
6115552VK4861E,1,0,0,1,0
6314520VK4861C,1,0,0,5,0
6418927VK4861G,1,0,0,10,0
6717219VK4861F,1,0,0,15,0
6219132VK4861G,1,0,0,29,0
6214636VK4861C,1,0,0,17,0
6214644VK4861C,1,0,0,17,0
6713915VK4861D,1,0,0,19,0
6317817VK4861E,1,0,0,55,0
6809710VK4860H,1,0,0,15,0
6712709VK4861B,1,0,0,18,0
6518403VK4861H,1,0,0,37,0
6712716VK4861B,1,0,0,14,0
6516201VK4861F,1,0,0,33,0
6809402VK4861B,1,0,0,40,0
6813919VK4861D,1,0,0,42,0
6216802VK4861E,1,0,0,30,0
6316602VK4861E,1,0,0,7,0
6415904VK4861E,1,0,0,25,0
6139605VK4861G,1,0,0,18,0
6139608VK4861G,1,0,0,37,0
6139611VK4861G,1,0,0,29,0
6129913VK4861G,1,0,0,35,0
6129908VK4861G,1,0,0,35,0
6219102VK4861G,1,0,0,35,0
6416801VK4861E,1,0,0,4,0
6416814VK4861E,1,0,0,32,0
6416815VK4861E,1,0,0,27,0
7011113VK4871A,1,0,0,16,0
6417503VK4861G,1,0,0,50,0
6516224VK4861F,1,0,0,15,0
6417543VK4861G,1,0,0,32,0
6812717VK4861B,1,0,0,14,0
6216403VK4861E,1,0,0,33,0
6418922VK4861G,1,0,0,20,0
6320615VK4862A,1,0,0,24,0
6220925VK4862A,1,0,0,8,0
6910301VK4861B,1,0,0,11,0
6809507VK4860H,1,0,0,47,0
6417504VK4861G,1,0,0,10,0
6515303VK4861F,2,0,0,87,0
6419005VK4861G,1,0,0,22,0
6908602VK4870G,1,0,0,72,0
6219119VK4861G,1,0,0,64,0
7011130VK4871A,1,0,0,9,0
0067608VK4606G,1,0,0,104,0
9766213VK3696F,1,0,0,58,0
9965308VK3696F,1,0,0,280,0
2557301VK4625H,1,0,0,136,0
2459101VK4625G,1,0,0,234,0
1770316VK4617B,1,0,0,50,0
1769416VK4616H,1,0,0,42,0
1972818VK4617B,0,5,0,0,0
1770607VK4617B,1,0,0,64,0
0376702VK4607E,1,0,0,679,0
0177642VK5607G,1,0,0,3,0
0276951VK5607E,1,0,0,2,0
0276928VK5607E,1,0,0,2,0
0276932VK5607E,1,0,0,2,0
0276933VK5607E,1,0,0,2,0
8683915VK4688D,1,0,0,26,0
8683918VK4688D,1,0,0,29,0
7202903VK4770C,1,0,0,92,0
8492201VK4689A,1,0,0,124,0
8198810VK4689G,1,0,0,53,0
7786202VK4678F,1,0,0,6,0
7498207VK4679G,1,0,0,70,0
5798308VK4659H,0,0,1,0,79
0276979VK5607E,1,0,0,1,0
0276984VK5607E,1,0,0,1,0
7204706VK4770C,1,0,0,199,0
7402904VK4770A,1,0,0,33,0
7685905VK4678F,1,0,0,6,0
7685908VK4678F,1,0,0,33,0
7003216VK4770C,1,0,0,65,0
8683910VK4688D,1,0,0,12,0
8884220VK4688D,1,0,0,19,0
0483215VK5608C,1,0,0,3,0
0480422VK5608A,1,0,0,25,0
0480423VK5608A,1,0,0,23,0
8983928VK4688D,1,0,0,31,0
9379924VK4697G,1,0,0,35,0
8683951VK4688D,1,0,0,17,0
8683938VK4688D,1,0,0,19,0
7685932VK4678F,1,0,0,15,0
8096517VK4689E,1,0,0,18,0
8096519VK4689E,1,0,0,19,0
0276959VK5607E,1,0,0,2,0
0276965VK5607E,1,0,0,2,0
0276974VK5607E,1,0,0,2,0
9278609VK4697G,6,0,0,153,0
0186402VK5608E,1,0,0,341,0
0582309VK5608D,1,0,0,19,0
0582315VK5608D,1,0,0,42,0
8299503VK4689G,1,0,0,9,0
8096120VK4689E,1,0,0,24,0
0483213VK5608C,1,0,0,18,0
9684710VK4698D,1,0,0,150,0
7786243VK4678F,1,0,0,20,0
7786214VK4678F,1,0,0,16,0
7786216VK4678F,1,0,0,23,0
7786226VK4678F,1,0,0,16,0
7786237VK4678F,1,0,0,13,0
0077113VK5607E,1,0,0,15,0
8299529VK4689G,1,0,0,5,0
8299530VK4689G,1,0,0,5,0
0177630VK5607G,1,0,0,5,0
0177624VK5607G,1,0,0,4,0
0177622VK5607G,1,0,0,3,0
0177620VK5607G,1,0,0,3,0
0379542VK5607G,1,0,0,25,0
0177653VK5607G,1,0,0,5,0
0177652VK5607G,1,0,0,4,0
0177615VK5607G,1,0,0,3,0
0177613VK5607G,1,0,0,4,0
0379523VK5607G,1,0,0,5,0
0276918VK5607E,1,0,0,22,0
8299506VK4689G,1,0,0,18,0
8299507VK4689G,1,0,0,5,0
8299508VK4689G,1,0,0,21,0
8299514VK4689G,1,0,0,23,0
0276926VK5607E,1,0,0,21,0
0480417VK5608A,1,0,0,13,0
2225767VK5722E,1,0,0,2,0
8728115VK4782H,1,0,0,192,0
3725703VK4732F,0,1,0,89,0
8229603VK4782G,1,0,0,32,0
7929511VK4772H,1,0,0,16,0
0200010DS1900D,1,0,0,41,0
0200121DS1900D,1,0,0,95,0
3434823VK5733C,1,0,0,2,0
3724603VK5732D,1,0,0,6,0
3724607VK5732D,1,0,0,6,0
3724611VK5732D,1,0,0,6,0
3724616VK5732D,1,0,0,6,0
3724624VK5732D,1,0,0,6,0
3621933VK5732B,1,0,0,6,0
3621926VK5732B,1,0,0,6,0
3621919VK5732B,1,0,0,6,0
3727726VK5732F,1,0,0,39,0
3727720VK5732F,1,0,0,40,0
3727718VK5732F,1,0,0,41,0
3727713VK5732F,1,0,0,41,0
3727706VK5732F,1,0,0,41,0
3519210VK5731H,1,0,0,5,0
3519223VK5731H,1,0,0,5,0
3519232VK5731H,1,0,0,5,0
3519236VK5731H,1,0,0,5,0
3519239VK5731H,1,0,0,5,0
3519240VK5731H,1,0,0,5,0
3219604VK4731G,1,0,0,127,0
3219604VK5731G,1,0,0,9,0
3219614VK5731G,1,0,0,9,0
2622672VK5722D,1,0,0,5,0
3219639VK5731G,1,0,0,9,0
3219641VK5731G,1,0,0,9,0
3219644VK5731G,1,0,0,9,0
2622662VK5722D,1,0,0,5,0
2622668VK5722D,1,0,0,5,0
2622670VK5722D,1,0,0,5,0
2622671VK5722D,1,0,0,18,0
2622622VK5722D,1,0,0,5,0
2622634VK5722D,1,0,0,5,0
2622636VK5722D,1,0,0,5,0
2734620VK5723D,1,0,0,13,0
2622606VK5722D,1,0,0,5,0
2622610VK5722D,1,0,0,5,0
2622612VK5722D,1,0,0,5,0
2622614VK5722D,1,0,0,5,0
3319920VK5731G,1,0,0,9,0
3319930VK5731G,1,0,0,9,0
3725508VK5732F,1,0,0,9,0
3725512VK5732F,1,0,0,9,0
3725517VK5732F,1,0,0,9,0
3725521VK5732F,1,0,0,9,0
3725522VK5732F,1,0,0,9,0
3725527VK5732F,1,0,0,9,0
3725534VK5732F,1,0,0,9,0
3727521VK5732H,1,0,0,4,0
3727511VK5732H,1,0,0,4,0
3631428VK5733B,1,0,0,1,0
3631434VK5733B,1,0,0,1,0
3631435VK5733B,1,0,0,1,0
2933422VK5723D,1,0,0,2,0
2933424VK5723D,1,0,0,2,0
2933428VK5723D,1,0,0,2,0
2523976VK5722D,1,0,0,11,0
8926545VK4782F,1,0,0,2,0
8926541VK4782F,1,0,0,2,0
8229627VK4782G,1,0,0,18,0
2734609VK5723D,1,0,0,21,0
3434834VK5733C,1,0,0,13,0
0025305VK5702E,0,0,1,0,50
2934905VK5723D,1,0,0,11,0
9628102VK4792H,0,0,1,0,202
0200124DS1900D,1,0,0,15,0
2625802VK5722F,1,0,0,16,0
2225763VK5722E,1,0,0,2,0
3519205VK5731H,1,0,0,5,0
3727742VK5732F,1,0,0,40,0
3330202VK5733A,6,0,0,28,0
2225748VK5722E,1,0,0,2,0
2225753VK5722E,1,0,0,2,0
3727736VK5732F,1,0,0,41,0
3727735VK5732F,1,0,0,39,0
8131806VK4783A,1,0,0,7,0
8131841VK4783A,1,0,0,18,0
8131854VK4783A,1,0,0,11,0
8030305VK4783A,1,0,0,26,0
7970132VK4777B,1,0,0,4,0
7770403VK4777B,1,0,0,2,0
7770407VK4777B,1,0,0,21,0
7770412VK4777B,1,0,0,38,0
7769308VK4776H,1,0,0,37,0
7769313VK4776H,1,0,0,3,0
7769319VK4776H,1,0,0,25,0
7769327VK4776H,1,0,0,12,0
7970116VK4777B,1,0,0,34,0
7768507VK4776H,1,0,0,29,0
7768513VK4776H,1,0,0,25,0
7768516VK4776H,1,0,0,28,0
7869402VK4776H,1,0,0,6,0
7869412VK4776H,1,0,0,29,0
6067608VK4766G,1,0,0,137,0
7966602VK4776F,0,0,1,0,13172
6959101VK4765H,1,0,0,70,0
6461421VK4766A,0,0,1,0,247
7166216VK4776E,0,0,1,0,216
7869431VK4776H,1,0,0,6,0
7966643VK4776F,1,0,0,224,0
7660155VK4776B,0,0,1,0,152
8045936VK4784E,12,0,0,24,0
8246111VK4784E,1,0,0,14,0
8045924VK4784E,1,0,0,24,0
8045927VK4784E,1,0,0,74,0
8045928VK4784E,1,0,0,5,0
8045929VK4784E,1,0,0,5,0
7744824VK4774D,1,0,0,8,0
7744826VK4774D,1,0,0,14,0
7744829VK4774D,1,0,0,1,0
7744841VK4774D,1,0,0,1,0
7744842VK4774D,1,0,0,1,0
7744843VK4774D,1,0,0,1,0
7744848VK4774D,1,0,0,17,0
7744817VK4774D,1,0,0,10,0
7744860VK4774D,1,0,0,24,0
7744875VK4774D,1,0,0,34,0
8648823VK4784H,1,0,0,5,0
8547206VK4784H,1,0,0,5,0
8547208VK4784H,1,0,0,5,0
8547209VK4784H,1,0,0,5,0
8547210VK4784H,1,0,0,5,0
8547212VK4784H,1,0,0,5,0
9256909VK4795E,1,0,0,2,0
8648813VK4784H,1,0,0,6,0
8659607VK4785H,2,0,0,194,0
8547216VK4784H,1,0,0,2,0
8648815VK4784H,1,0,0,14,0
9151309VK4795A,1,0,0,6,0
2074408VK5727C,1,0,0,2,0
1973819VK5717D,1,0,0,36,0
1676513VK5717F,1,0,0,25,0
2075403VK5727E,1,0,0,3,0
2075405VK5727E,1,0,0,4,0
1774513VK5717D,1,0,0,71,0
1974409VK5717D,1,0,0,3,0
1974416VK5717D,1,0,0,34,0
2073407VK5727C,1,0,0,3,0
1872803VK5717B,1,0,0,3,0
9480102VK4798A,1,0,0,18,0
9779401VK4797H,4,0,0,14,0
2079302VK5727G,1,0,0,20,0
1979103VK5717H,1,0,0,385,0
1973816VK5717D,1,0,0,44,0
1774518VK5717D,1,0,0,18,0
1774519VK5717D,1,0,0,19,0
1674410VK5717D,1,0,0,18,0
1879121VK5717H,1,0,0,13,0
1779110VK5717H,1,0,0,8,0
1779111VK5717H,1,0,0,8,0
1674711VK5715D,1,0,0,27,0
1674719VK5715D,1,0,0,36,0
1874504VK5717D,1,0,0,149,0
1773813VK5717D,1,0,0,40,0
1873824VK5717D,1,0,0,36,0
1579726VK5717H,1,0,0,16,0
1578531VK5717H,1,0,0,26,0
1578532VK5717H,1,0,0,26,0
1578535VK5717H,1,0,0,26,0
1578526VK5717H,1,0,0,28,0
1774521VK5717D,1,0,0,30,0
7878107VK4777H,1,0,0,55,0
8079914VK4787G,1,0,0,23,0
8179729VK4787G,1,0,0,93,0
8171904VK4787A,1,0,0,35,0
8171912VK4787A,1,0,0,6,0
8179711VK4787G,1,0,0,16,0
8379912VK4787G,1,0,0,32,0
8379901VK4787G,1,0,0,50,0
8278909VK4787G,1,0,0,21,0
8676102VK4787F,1,0,0,3,0
7877604VK4777F,1,0,0,26,0
7877608VK4777F,1,0,0,5,0
7977403VK4777F,1,0,0,150,0
8071101VK4787A,3,0,0,117,0
8077402VK4787G,1,0,0,15,0
7976602VK4777F,1,0,0,26,0
8177103VK4787E,1,0,0,29,0
7475608VK4777E,1,0,0,14,0
8679715VK4787H,1,0,0,16,0
8578603VK4787H,1,0,0,7,0
8171914VK4787A,1,0,0,19,0
8073718VK4787C,1,0,0,25,0
7778711VK4777H,1,0,0,30,0
7778109VK4777H,1,0,0,26,0
7778122VK4777H,1,0,0,4,0
7778104VK4777H,1,0,0,17,0
7678806VK4777H,1,0,0,34,0
7972907VK4777B,1,0,0,35,0
7777202VK4777F,1,0,0,29,0
7971503VK4777B,1,0,0,23,0
8177118VK4787E,1,0,0,1,0
7677801VK4777F,1,0,0,13,0
7778714VK4777H,1,0,0,25,0
8170705VK4787A,1,0,0,38,0
8170706VK4787A,1,0,0,49,0
8170709VK4787A,1,0,0,21,0
7778116VK4777H,1,0,0,8,0
7878113VK4777H,1,0,0,18,0
7878911VK4777H,1,0,0,39,0
8073415VK4787C,1,0,0,22,0
8170511VK4787A,1,0,0,29,0
8366201VK4786E,0,1,0,37,0
8278921VK4787G,1,0,0,6,0
8070903VK4787A,1,0,0,20,0
8073723VK4787C,1,0,0,2,0
8078515VK4787G,1,0,0,42,0
7877102VK4777F,1,0,0,30,0
7977402VK4777F,5,0,0,82,0
8070904VK4787A,1,0,0,20,0
8070923VK4787A,1,0,0,22,0
8170710VK4787A,1,0,0,26,0
8077411VK4787G,1,0,0,21,0
8077413VK4787G,1,0,0,19,0
7877630VK4777F,1,0,0,3,0
8077412VK4787G,1,0,0,19,0
7977407VK4777F,1,0,0,2,0
6075504VK4767E,1,0,0,8,0
6075501VK4767E,1,0,0,28,0
6074312VK4767C,1,0,0,13,0
6074320VK4767C,1,0,0,11,0
6172111VK4767A,1,0,0,6,0
6172103VK4767A,1,0,0,36,0
6171518VK4767A,1,0,0,21,0
6171530VK4767A,1,0,0,16,0
6171536VK4767A,1,0,0,27,0
6171525VK4767A,1,0,0,26,0
6272706VK4767A,1,0,0,19,0
6272709VK4767A,1,0,0,13,0
6272710VK4767A,1,0,0,14,0
6372201VK4767A,1,0,0,12,0
6371904VK4767A,1,0,0,5,0
6472801VK4767A,1,0,0,27,0
6472804VK4767A,1,0,0,19,0
6472807VK4767A,1,0,0,33,0
6472808VK4767A,1,0,0,19,0
6472810VK4767A,1,0,0,16,0
6472811VK4767A,1,0,0,16,0
6472815VK4767A,1,0,0,43,0
6472820VK4767A,1,0,0,16,0
6571106VK4767B,1,0,0,6,0
6171505VK4767A,1,0,0,25,0
6076803VK4767E,1,0,0,3,0
6171526VK4767A,1,0,0,8,0
6371926VK4767A,1,0,0,2,0
6373502VK4767C,1,0,0,19,0
6573303VK4767D,1,0,0,2,0
6076823VK4767E,1,0,0,3,0
6573313VK4767D,1,0,0,2,0
6372203VK4767A,1,0,0,2,0
6372204VK4767A,1,0,0,2,0
6372230VK4767A,1,0,0,2,0
6075506VK4767E,1,0,0,8,0
6075508VK4767E,1,0,0,8,0
6370521VK4767A,1,0,0,8,0
6472409VK4767C,1,0,0,20,0
6177713VK4767E,1,0,0,1,0
6177724VK4767E,1,0,0,1,0
6177728VK4767E,1,0,0,1,0
6175418VK4767E,1,0,0,22,0
6076819VK4767E,1,0,0,2,0
6175409VK4767E,1,0,0,4,0
6175403VK4767E,1,0,0,4,0
6177707VK4767E,1,0,0,5,0
6377828VK4767E,1,0,0,3,0
6377826VK4767E,1,0,0,3,0
6377801VK4767E,1,0,0,3,0
6377802VK4767E,1,0,0,3,0
6377804VK4767E,1,0,0,3,0
6377810VK4767E,1,0,0,3,0
6377814VK4767E,1,0,0,3,0
6474614VK4767C,1,0,0,4,0
6474613VK4767C,1,0,0,4,0
6474610VK4767C,1,0,0,4,0
6474609VK4767C,1,0,0,4,0
6373511VK4767C,1,0,0,17,0
6373522VK4767C,1,0,0,6,0
6373516VK4767C,1,0,0,6,0
6373509VK4767C,1,0,0,2,0
6371929VK4767A,1,0,0,5,0
6377816VK4767E,1,0,0,26,0
6074743VK4767C,1,0,0,23,0
6074742VK4767C,1,0,0,25,0
7679711VK4777H,1,0,0,20,0
6571127VK4767B,1,0,0,19,0
6373510VK4767C,1,0,0,24,0
6172118VK4767A,1,0,0,30,0
6075503VK4767E,1,0,0,8,0
6276214VK4767E,1,0,0,23,0
6370138VK4767A,1,0,0,21,0
9790615VK4799B,1,0,0,25,0
0592433VK5709D,1,0,0,26,0
0592435VK5709D,1,0,0,22,0
0592434VK5709D,1,0,0,49,0
0592442VK5709D,1,0,0,25,0
0592438VK5709D,1,0,0,16,0
9790679VK4799B,1,0,0,24,0
9790680VK4799B,1,0,0,44,0
9991104VK4799B,1,0,0,19,0
0592412VK5709D,1,0,0,4,0
9889208VK4798H,1,0,0,1,0
0494902VK5709C,0,0,1,0,10265
9790691VK4799B,1,0,0,9,0
9790694VK4799B,1,0,0,9,0
9790696VK4799B,1,0,0,24,0
9790697VK4799B,1,0,0,24,0
1006404VK5810E,1,0,0,53,0
0811115VK5801B,1,0,0,52,0
0800305VK5800B,1,0,0,24,0
0800303VK5800B,1,0,0,28,0
0906311VK5800F,1,0,0,26,0
0906313VK5800F,1,0,0,35,0
0810821VK5800H,1,0,0,19,0
0810824VK5800H,1,0,0,20,0
9504625VK4890D,1,0,0,17,0
9504635VK4890D,1,0,0,16,0
9504637VK4890D,1,0,0,15,0
9504643VK4890D,1,0,0,7,0
9805217VK4890F,1,0,0,12,0
9508108VK4890G,1,0,0,16,0
9805227VK4890F,1,0,0,31,0
9604504VK4890D,1,0,0,23,0
9605507VK4890F,1,0,0,8,0
9605513VK4890F,1,0,0,28,0
0203415VK5800C,1,0,0,69,0
9803520VK4890D,1,0,0,22,0
9504620VK4890D,4,0,0,114,0
9608726VK4890H,1,0,0,1,0
98037F1VK4890D,1,0,0,10,0
9706211VK4890F,1,0,0,1,0
98037F4VK4890D,1,0,0,4,0
9803753VK4890D,1,0,0,12,0
9803747VK4890D,1,0,0,29,0
9803537VK4890D,1,0,0,17,0
9504622VK4890D,1,0,0,22,0
9803781VK4890D,1,0,0,18,0
0499505VK5709G,1,0,0,21,0
0194409VK5709C,1,0,0,22,0
0396504VK5709E,1,0,0,31,0
0498403VK5709G,1,0,0,19,0
0397108VK5709E,1,0,0,19,0
0197703VK5709E,1,0,0,9,0
0399610VK5709G,1,0,0,22,0
0298104VK5709G,1,0,0,13,0
0298109VK5709G,1,0,0,23,0
0398913VK5709G,1,0,0,18,0
9800618VK4890B,1,0,0,2,0
9999405VK4799H,1,0,0,3,0
0196805VK5709E,1,0,0,9,0
0195507VK5709E,1,0,0,18,0
0195505VK5709E,1,0,0,16,0
0096809VK5709E,1,0,0,1,0
0296912VK5709E,1,0,0,27,0
0498411VK5709G,1,0,0,8,0
0498406VK5709G,1,0,0,19,0
0298113VK5709G,1,0,0,30,0
0598612VK5709H,1,0,0,20,0
0198204VK5709G,1,0,0,30,0
0198205VK5709G,1,0,0,17,0
0399415VK5709G,1,0,0,24,0
0099015VK5709G,1,0,0,15,0
7733405VK4873D,1,0,0,9,0
9619914VK3791H,1,0,0,86,0
9819924VK3791H,1,0,0,431,0
9819929VK3791H,1,0,0,95,0
9621903VK3792B,1,0,0,64,0
8710710VK3781B,1,0,0,140,0
8716604VK3781F,1,0,0,64,0
8314611VK3781C,1,0,0,45,0
9113515VK3791C,0,0,1,0,53
8816917VK3781F,1,0,0,42,0
8916604VK3781F,1,0,0,220,0
8219501VK3781G,1,0,0,68,0
8220202VK3782A,1,0,0,23,0
8419315VK3781G,1,0,0,149,0
8221122VK3782A,1,0,0,1,0
7718810VK3771H,1,0,0,159,0
8719508VK3781H,1,0,0,36,0
7721404VK3772B,0,0,1,0,108
8520614VK3782B,1,0,0,13,0
7819416VK3771H,1,0,0,92,0
7822212VK3772D,0,0,1,0,100
7822920VK3772B,1,0,0,141,0
9123715VK3792C,1,0,0,75,0
9223605VK3792C,1,0,0,248,0
6912501VK3771C,1,0,0,200,0
6912502VK3771C,1,0,0,378,0
7116608VK3771E,1,0,0,61,0
6610702VK3761B,0,0,1,0,89
7611917VK3771B,1,0,0,23,0
7611934VK3771B,1,0,0,3446,0
7411601VK3771B,1,0,0,169,0
8107402VK3780G,1,0,0,564,0
7911501VK3771B,0,1,0,0,0
6903212VK3760D,1,0,0,55,0
6601401VK3760B,1,0,0,3,0
5591618VK3659B,1,0,0,32,0
5689445VK3658H,1,0,0,44,0
5689464VK3658H,1,0,0,183,0
5689475VK3658H,1,0,0,48,0
5890210VK3659B,1,0,0,37,0
5990501VK3659B,1,0,0,102,0
6196807VK3669E,1,0,0,85,0
6690210VK3669B,0,0,1,0,49
6693820VK3669D,0,0,1,0,286
5890211VK3659B,1,0,0,42,0
5596618VK3659F,1,0,0,23,0
8309915VK3780G,1,0,0,29,0
8207915VK3780G,1,0,0,223,0
1205906VK4710E,1,0,0,41,0
0609321VK4700H,1,0,0,202,0
0611513VK4701B,1,0,0,63,0
0710407VK4701B,1,0,0,107,0
0611708VK4701B,1,0,0,53,0
0805311VK4700F,1,0,0,43,0
0805313VK4700F,1,0,0,43,0
0309412VK4700G,1,0,0,70,0
0309413VK4700G,1,0,0,27,0
0406302VK4700E,1,0,0,27,0
0309502VK4700G,1,0,0,111,0
0410817VK4701A,1,0,0,43,0
0408201VK4700G,1,0,0,246,0
0110520VK4701A,1,0,0,242,0
0511409VK4701B,1,0,0,41,0
9910706VK3791B,1,0,0,330,0
0411713VK4701A,1,0,0,198,0
0613205VK4701D,1,0,0,1157,0
0110519VK4701A,1,0,0,205,0
0110522VK4701A,1,0,0,106,0
9606704VK3790F,1,0,0,20,0
9406927VK3790E,1,0,0,259,0
0109620VK4700G,1,0,0,82,0
9907403VK3790H,1,0,0,21,0
9909311VK3790H,1,0,0,194,0
37709A8VK4730B,1,0,0,8,0
2704110VK4720D,10,0,0,20,0
4093133VK4649C,1,0,0,7,0
3396421VK4639E,0,0,1,0,194
3001553VK4730A,1,0,0,10,0
4293547VK4649C,1,0,0,2,0
4293531VK4649C,1,0,0,2,0
3105228VK4730E,1,0,0,138,0
3997720VK4639F,1,0,0,3,0
3995531VK4639F,1,0,0,2,0
3995533VK4639F,1,0,0,2,0
3102912VK4730A,1,0,0,8,0
3995559VK4639F,1,0,0,8,0
3995566VK4639F,1,0,0,8,0
3402272VK4730C,1,0,0,4,0
3501323VK4730B,1,0,0,6,0
3501332VK4730B,1,0,0,11,0
38993B0VK4639H,1,0,0,4,0
3501357VK4730B,1,0,0,8,0
3501368VK4730B,1,0,0,8,0
3799131VK4639H,1,0,0,6,0
3799197VK4639H,1,0,0,11,0
3770924VK4730B,1,0,0,7,0
3999772VK4639H,1,0,0,8,0
3999758VK4639H,1,0,0,8,0
3770971VK4730B,1,0,0,7,0
37709B9VK4730B,1,0,0,8,0
3999716VK4639H,1,0,0,12,0
3999723VK4639H,1,0,0,8,0
3501807VK4730B,1,0,0,4,0
3699522VK4639H,1,0,0,7,0
32018A9VK4730A,1,0,0,8,0
3108910VK4730G,1,0,0,50,0
3108916VK4730G,1,0,0,80,0
3600157VK4730B,1,0,0,8,0
3600136VK4730B,1,0,0,14,0
36001E0VK4730B,1,0,0,10,0
36001A7VK4730B,1,0,0,10,0
3600182VK4730B,1,0,0,10,0
3699923VK4639H,1,0,0,8,0
3699915VK4639H,1,0,0,7,0
4294221VK4649C,1,0,0,9,0
4293509VK4649C,1,0,0,2,0
4293529VK4649C,1,0,0,2,0
3005534VK4730E,1,0,0,87,0
4093134VK4649C,1,0,0,7,0
4093137VK4649C,1,0,0,7,0
3001562VK4730A,1,0,0,10,0
3001564VK4730A,1,0,0,8,0
3001594VK4730A,1,0,0,8,0
3999771VK4639H,1,0,0,8,0
3501813VK4730B,1,0,0,4,0
3699905VK4639H,1,0,0,7,0
3770958VK4730B,1,0,0,5,0
3797560VK4639H,1,0,0,6,0
3899332VK4639H,1,0,0,7,0
3606116VK4730F,0,0,1,0,63
3322105VK4732A,1,0,0,141,0
3621102VK4732B,1,0,0,67,0
3211606VK4731A,1,0,0,185,0
3719509VK4731H,1,0,0,142,0
3209903VK4730G,1,0,0,64,0
3307613VK4730E,1,0,0,21,0
3616509VK4731F,1,0,0,75,0
3413401VK4731C,1,0,0,40,0
3512209VK4731D,1,0,0,19,0
3512802VK4731B,1,0,0,19,0
3510308VK4731B,1,0,0,26,0
3510702VK4731B,1,0,0,69,0
3510703VK4731B,1,0,0,69,0
3322906VK4732A,1,0,0,57,0
3221201VK4732A,1,0,0,122,0
3420803VK4732A,1,0,0,59,0
3415606VK4731E,1,0,0,47,0
3418820VK4731G,1,0,0,223,0
3322910VK4732A,1,0,0,151,0
3620604VK4732B,1,0,0,78,0
3113922VK4731C,1,0,0,1,0
3816305VK4731F,1,0,0,35,0
4411601VK4741A,1,0,0,601,0
3816723VK4731F,1,0,0,282,0
5016903VK4751F,0,0,1,0,76
4708504VK4740H,0,0,1,0,326
3930507VK4733B,1,0,0,25,0
4130407VK4743A,1,0,0,281,0
4020106VK4742A,1,0,0,416,0
4119114VK4741G,1,0,0,206,0
3924725VK4732D,1,0,0,55,0
4018511VK4741G,1,0,0,86,0
3923115VK4732D,1,0,0,107,0
4120507VK4742A,1,0,0,37,0
3926214VK4732F,1,0,0,80,0
3525806VK4732F,1,0,0,71,0
3724910VK4732D,1,0,0,68,0
3728206VK4732H,1,0,0,103,0
3627504VK4732H,1,0,0,73,0
3721709VK4732B,1,0,0,541,0
3621502VK4732B,1,0,0,73,0
3728812VK4732H,1,0,0,354,0
3828506VK4732H,1,0,0,68,0
3926213VK4732F,1,0,0,132,0
3924817VK4732D,1,0,0,60,0
1459512VK4615G,0,0,10,0,583
1462929VK4616B,0,0,12,0,624
8884231VK4688D,1,0,0,16,0
8884232VK4688D,1,0,0,14,0
